  9809     SPring-8 14b2 
 Fe-K_FePO4_Si1  20.05.26 16:04 - 20.05.26 16:08
 FePO4                                                                           
 Ring :   8.0 GeV    99.5 mA -   99.6 mA
 Mono :   SI(111)       D=  3.13551 A    Initial angle= 17.07739 deg
 14b2      Transmission( 2)   Repetition=  1     Points= 4415
 Param file :                 angle axis (1)     Block =    1

 Block      Init-ang  final-ang     Step/deg     Time/s       Num
     1       16.95500  13.23500    -0.000850       0.05      4415
 Ortec( 0)     NDCH = 3
  Angle(c)  Angle(o)    time/s         2         3
      Mode         0         0         1         2
    Offset         0         0    47.200   101.900
  16.95415  16.95364     0.050     27510     13825
  16.95330  16.95290     0.050     27492     13821
  16.95245  16.95210     0.050     27494     13832
  16.95160  16.95120     0.050     27508     13844
  16.95075  16.95029     0.050     27503     13846
  16.94990  16.94938     0.050     27494     13848
  16.94905  16.94846     0.050     27508     13860
  16.94820  16.94757     0.050     27512     13867
  16.94735  16.94674     0.050     27507     13870
  16.94650  16.94592     0.050     27501     13870
  16.94565  16.94517     0.050     27516     13883
  16.94480  16.94447     0.050     27498     13882
  16.94395  16.94375     0.050     27500     13889
  16.94310  16.94302     0.050     27510     13896
  16.94225  16.94224     0.050     27526     13906
  16.94140  16.94135     0.050     27497     13901
  16.94055  16.94043     0.050     27515     13917
  16.93970  16.93953     0.050     27516     13922
  16.93885  16.93860     0.050     27506     13921
  16.93800  16.93771     0.050     27505     13925
  16.93715  16.93686     0.050     27506     13933
  16.93630  16.93604     0.050     27510     13939
  16.93545  16.93528     0.050     27507     13939
  16.93460  16.93458     0.050     27513     13952
  16.93375  16.93386     0.050     27520     13963
  16.93290  16.93312     0.050     27502     13958
  16.93205  16.93235     0.050     27503     13963
  16.93120  16.93148     0.050     27518     13973
  16.93035  16.93056     0.050     27512     13977
  16.92950  16.92966     0.050     27491     13978
  16.92865  16.92873     0.050     27508     13986
  16.92780  16.92782     0.050     27508     13993
  16.92695  16.92697     0.050     27489     13985
  16.92610  16.92614     0.050     27492     13993
  16.92525  16.92536     0.050     27492     14000
  16.92440  16.92465     0.050     27479     14003
  16.92355  16.92394     0.050     27468     13996
  16.92270  16.92320     0.050     27473     14003
  16.92185  16.92244     0.050     27455     14006
  16.92100  16.92158     0.050     27433     13997
  16.92015  16.92065     0.050     27433     14004
  16.91930  16.91974     0.050     27409     13998
  16.91845  16.91882     0.050     27374     13983
  16.91760  16.91792     0.050     27352     13975
  16.91675  16.91706     0.050     27317     13964
  16.91590  16.91624     0.050     27255     13937
  16.91505  16.91545     0.050     27164     13896
  16.91420  16.91473     0.050     27054     13849
  16.91335  16.91403     0.050     26836     13742
  16.91250  16.91329     0.050     26436     13539
  16.91165  16.91253     0.050     25804     13211
  16.91080  16.91168     0.050     24978     12797
  16.90995  16.91075     0.050     24364     12490
  16.90910  16.90984     0.050     24395     12514
  16.90825  16.90892     0.050     25212     12950
  16.90740  16.90801     0.050     26397     13557
  16.90655  16.90715     0.050     27380     14069
  16.90570  16.90632     0.050     27900     14340
  16.90485  16.90552     0.050     28029     14410
  16.90400  16.90480     0.050     28008     14401
  16.90315  16.90409     0.050     27987     14391
  16.90230  16.90336     0.050     27966     14392
  16.90145  16.90260     0.050     27936     14383
  16.90060  16.90176     0.050     27919     14377
  16.89975  16.90083     0.050     27926     14384
  16.89890  16.89991     0.050     27908     14377
  16.89805  16.89899     0.050     27886     14383
  16.89720  16.89807     0.050     27886     14382
  16.89635  16.89720     0.050     27885     14390
  16.89550  16.89636     0.050     27870     14383
  16.89465  16.89556     0.050     27874     14390
  16.89380  16.89484     0.050     27871     14399
  16.89295  16.89414     0.050     27865     14401
  16.89210  16.89341     0.050     27863     14402
  16.89125  16.89266     0.050     27864     14408
  16.89040  16.89182     0.050     27863     14417
  16.88955  16.89090     0.050     27855     14414
  16.88870  16.88998     0.050     27849     14419
  16.88785  16.88906     0.050     27861     14428
  16.88700  16.88814     0.050     27853     14432
  16.88615  16.88728     0.050     27850     14433
  16.88530  16.88644     0.050     27862     14447
  16.88445  16.88564     0.050     27861     14455
  16.88360  16.88491     0.050     27858     14454
  16.88275  16.88420     0.050     27856     14461
  16.88190  16.88347     0.050     27856     14471
  16.88105  16.88272     0.050     27855     14475
  16.88020  16.88189     0.050     27856     14479
  16.87935  16.88097     0.050     27866     14487
  16.87850  16.88005     0.050     27858     14491
  16.87765  16.87913     0.050     27861     14501
  16.87680  16.87821     0.050     27865     14507
  16.87595  16.87733     0.050     27877     14514
  16.87510  16.87649     0.050     27870     14523
  16.87425  16.87568     0.050     27871     14522
  16.87340  16.87494     0.050     27873     14532
  16.87255  16.87424     0.050     27883     14543
  16.87170  16.87351     0.050     27878     14541
  16.87085  16.87275     0.050     27881     14552
  16.87000  16.87192     0.050     27889     14565
  16.86915  16.87099     0.050     27891     14571
  16.86830  16.87007     0.050     27902     14581
  16.86745  16.86915     0.050     27907     14588
  16.86660  16.86822     0.050     27922     14603
  16.86575  16.86734     0.050     27918     14605
  16.86490  16.86650     0.050     27913     14610
  16.86405  16.86569     0.050     27932     14623
  16.86320  16.86496     0.050     27925     14625
  16.86235  16.86425     0.050     27925     14627
  16.86150  16.86352     0.050     27931     14642
  16.86065  16.86277     0.050     27942     14652
  16.85980  16.86195     0.050     27923     14648
  16.85895  16.86103     0.050     27937     14661
  16.85810  16.86010     0.050     27950     14674
  16.85725  16.85919     0.050     27943     14677
  16.85640  16.85826     0.050     27933     14678
  16.85555  16.85737     0.050     27948     14691
  16.85470  16.85653     0.050     27957     14700
  16.85385  16.85572     0.050     27949     14699
  16.85300  16.85498     0.050     27956     14708
  16.85215  16.85428     0.050     27973     14723
  16.85130  16.85354     0.050     27961     14726
  16.85045  16.85279     0.050     27957     14727
  16.84960  16.85197     0.050     27974     14743
  16.84875  16.85105     0.050     27965     14750
  16.84790  16.85013     0.050     27970     14752
  16.84705  16.84921     0.050     27981     14763
  16.84620  16.84828     0.050     27991     14778
  16.84535  16.84739     0.050     27970     14768
  16.84450  16.84655     0.050     27986     14781
  16.84365  16.84573     0.050     27995     14795
  16.84280  16.84499     0.050     27997     14800
  16.84195  16.84428     0.050     27992     14807
  16.84110  16.84354     0.050     28007     14816
  16.84025  16.84279     0.050     28007     14824
  16.83940  16.84197     0.050     28002     14828
  16.83855  16.84104     0.050     28010     14840
  16.83770  16.84012     0.050     28019     14849
  16.83685  16.83920     0.050     28022     14853
  16.83600  16.83827     0.050     28024     14858
  16.83515  16.83739     0.050     28030     14869
  16.83430  16.83654     0.050     28032     14878
  16.83345  16.83573     0.050     28029     14884
  16.83260  16.83499     0.050     28041     14894
  16.83175  16.83428     0.050     28041     14897
  16.83090  16.83355     0.050     28043     14899
  16.83005  16.83280     0.050     28043     14911
  16.82920  16.83198     0.050     28056     14927
  16.82835  16.83105     0.050     28056     14932
  16.82750  16.83012     0.050     28061     14937
  16.82665  16.82920     0.050     28074     14956
  16.82580  16.82827     0.050     28070     14954
  16.82495  16.82739     0.050     28066     14955
  16.82410  16.82654     0.050     28082     14973
  16.82325  16.82573     0.050     28079     14977
  16.82240  16.82498     0.050     28077     14979
  16.82155  16.82427     0.050     28090     14991
  16.82070  16.82354     0.050     28087     14994
  16.81985  16.82279     0.050     28083     15008
  16.81900  16.82196     0.050     28087     15014
  16.81815  16.82103     0.050     28106     15025
  16.81730  16.82011     0.050     28111     15031
  16.81645  16.81919     0.050     28104     15039
  16.81560  16.81825     0.050     28114     15047
  16.81475  16.81736     0.050     28124     15060
  16.81390  16.81651     0.050     28098     15057
  16.81305  16.81570     0.050     28116     15066
  16.81220  16.81495     0.050     28134     15080
  16.81135  16.81424     0.050     28126     15087
  16.81050  16.81351     0.050     28124     15088
  16.80965  16.81275     0.050     28140     15105
  16.80880  16.81193     0.050     28134     15105
  16.80795  16.81100     0.050     28133     15107
  16.80710  16.81008     0.050     28149     15124
  16.80625  16.80916     0.050     28161     15137
  16.80540  16.80823     0.050     28139     15133
  16.80455  16.80735     0.050     28153     15147
  16.80370  16.80650     0.050     28170     15157
  16.80285  16.80569     0.050     28167     15166
  16.80200  16.80495     0.050     28159     15165
  16.80115  16.80424     0.050     28173     15181
  16.80030  16.80351     0.050     28184     15187
  16.79945  16.80276     0.050     28175     15192
  16.79860  16.80193     0.050     28186     15206
  16.79775  16.80100     0.050     28191     15214
  16.79690  16.80008     0.050     28195     15221
  16.79605  16.79915     0.050     28195     15227
  16.79520  16.79822     0.050     28196     15235
  16.79435  16.79733     0.050     28211     15243
  16.79350  16.79649     0.050     28199     15248
  16.79265  16.79568     0.050     28215     15265
  16.79180  16.79494     0.050     28217     15267
  16.79095  16.79422     0.050     28212     15271
  16.79010  16.79349     0.050     28220     15278
  16.78925  16.79273     0.050     28225     15290
  16.78840  16.79189     0.050     28217     15295
  16.78755  16.79096     0.050     28225     15304
  16.78670  16.79003     0.050     28232     15312
  16.78585  16.78910     0.050     28247     15320
  16.78500  16.78816     0.050     28239     15324
  16.78415  16.78728     0.050     28251     15339
  16.78330  16.78643     0.050     28254     15348
  16.78245  16.78562     0.050     28251     15354
  16.78160  16.78488     0.050     28256     15358
  16.78075  16.78417     0.050     28262     15367
  16.77990  16.78344     0.050     28263     15376
  16.77905  16.78268     0.050     28273     15385
  16.77820  16.78184     0.050     28277     15398
  16.77735  16.78090     0.050     28278     15404
  16.77650  16.77998     0.050     28279     15412
  16.77565  16.77905     0.050     28290     15425
  16.77480  16.77813     0.050     28297     15433
  16.77395  16.77725     0.050     28291     15437
  16.77310  16.77641     0.050     28295     15443
  16.77225  16.77560     0.050     28305     15456
  16.77140  16.77487     0.050     28304     15458
  16.77055  16.77416     0.050     28303     15464
  16.76970  16.77342     0.050     28325     15479
  16.76885  16.77266     0.050     28321     15485
  16.76800  16.77181     0.050     28324     15494
  16.76715  16.77088     0.050     28329     15502
  16.76630  16.76995     0.050     28334     15518
  16.76545  16.76903     0.050     28331     15518
  16.76460  16.76810     0.050     28334     15526
  16.76375  16.76722     0.050     28338     15538
  16.76290  16.76638     0.050     28347     15542
  16.76205  16.76557     0.050     28343     15549
  16.76120  16.76484     0.050     28355     15557
  16.76035  16.76413     0.050     28366     15566
  16.75950  16.76339     0.050     28355     15574
  16.75865  16.76263     0.050     28369     15579
  16.75780  16.76177     0.050     28374     15597
  16.75695  16.76084     0.050     28371     15599
  16.75610  16.75991     0.050     28367     15602
  16.75525  16.75897     0.050     28380     15616
  16.75440  16.75804     0.050     28385     15621
  16.75355  16.75717     0.050     28383     15626
  16.75270  16.75633     0.050     28389     15636
  16.75185  16.75552     0.050     28394     15647
  16.75100  16.75480     0.050     28398     15651
  16.75015  16.75409     0.050     28395     15663
  16.74930  16.75334     0.050     28410     15674
  16.74845  16.75258     0.050     28406     15683
  16.74760  16.75173     0.050     28408     15683
  16.74675  16.75079     0.050     28420     15695
  16.74590  16.74986     0.050     28428     15712
  16.74505  16.74894     0.050     28419     15706
  16.74420  16.74801     0.050     28424     15717
  16.74335  16.74714     0.050     28436     15730
  16.74250  16.74630     0.050     28438     15734
  16.74165  16.74550     0.050     28434     15741
  16.74080  16.74477     0.050     28443     15749
  16.73995  16.74406     0.050     28446     15766
  16.73910  16.74331     0.050     28450     15766
  16.73825  16.74255     0.050     28465     15778
  16.73740  16.74168     0.050     28467     15791
  16.73655  16.74075     0.050     28474     15800
  16.73570  16.73983     0.050     28474     15805
  16.73485  16.73889     0.050     28472     15815
  16.73400  16.73797     0.050     28480     15815
  16.73315  16.73710     0.050     28482     15828
  16.73230  16.73625     0.050     28489     15840
  16.73145  16.73545     0.050     28494     15844
  16.73060  16.73472     0.050     28500     15856
  16.72975  16.73401     0.050     28496     15865
  16.72890  16.73326     0.050     28509     15869
  16.72805  16.73248     0.050     28507     15880
  16.72720  16.73161     0.050     28511     15889
  16.72635  16.73067     0.050     28509     15893
  16.72550  16.72975     0.050     28514     15904
  16.72465  16.72882     0.050     28513     15914
  16.72380  16.72790     0.050     28518     15915
  16.72295  16.72704     0.050     28529     15930
  16.72210  16.72620     0.050     28526     15938
  16.72125  16.72541     0.050     28534     15946
  16.72040  16.72469     0.050     28539     15952
  16.71955  16.72397     0.050     28543     15964
  16.71870  16.72322     0.050     28549     15972
  16.71785  16.72245     0.050     28545     15975
  16.71700  16.72158     0.050     28557     15983
  16.71615  16.72064     0.050     28551     15994
  16.71530  16.71972     0.050     28564     16000
  16.71445  16.71879     0.050     28558     16012
  16.71360  16.71787     0.050     28580     16019
  16.71275  16.71700     0.050     28572     16029
  16.71190  16.71616     0.050     28575     16033
  16.71105  16.71538     0.050     28576     16045
  16.71020  16.71466     0.050     28583     16052
  16.70935  16.71394     0.050     28585     16063
  16.70850  16.71319     0.050     28600     16070
  16.70765  16.71241     0.050     28592     16074
  16.70680  16.71154     0.050     28598     16081
  16.70595  16.71060     0.050     28591     16090
  16.70510  16.70968     0.050     28608     16103
  16.70425  16.70874     0.050     28603     16112
  16.70340  16.70782     0.050     28609     16120
  16.70255  16.70695     0.050     28616     16128
  16.70170  16.70611     0.050     28619     16142
  16.70085  16.70532     0.050     28628     16142
  16.70000  16.70460     0.050     28632     16150
  16.69915  16.70387     0.050     28638     16164
  16.69830  16.70313     0.050     28635     16168
  16.69745  16.70235     0.050     28640     16178
  16.69660  16.70146     0.050     28643     16187
  16.69575  16.70052     0.050     28644     16196
  16.69490  16.69960     0.050     28646     16193
  16.69405  16.69866     0.050     28650     16206
  16.69320  16.69775     0.050     28657     16220
  16.69235  16.69689     0.050     28657     16223
  16.69150  16.69606     0.050     28664     16239
  16.69065  16.69527     0.050     28674     16244
  16.68980  16.69456     0.050     28667     16252
  16.68895  16.69384     0.050     28669     16257
  16.68810  16.69309     0.050     28675     16269
  16.68725  16.69230     0.050     28680     16281
  16.68640  16.69140     0.050     28677     16284
  16.68555  16.69047     0.050     28693     16298
  16.68470  16.68955     0.050     28698     16309
  16.68385  16.68861     0.050     28697     16314
  16.68300  16.68770     0.050     28705     16320
  16.68215  16.68684     0.050     28717     16334
  16.68130  16.68600     0.050     28714     16342
  16.68045  16.68523     0.050     28703     16344
  16.67960  16.68451     0.050     28716     16358
  16.67875  16.68378     0.050     28727     16365
  16.67790  16.68303     0.050     28722     16373
  16.67705  16.68224     0.050     28734     16380
  16.67620  16.68133     0.050     28735     16391
  16.67535  16.68039     0.050     28730     16393
  16.67450  16.67946     0.050     28742     16403
  16.67365  16.67852     0.050     28760     16419
  16.67280  16.67761     0.050     28753     16430
  16.67195  16.67675     0.050     28752     16430
  16.67110  16.67592     0.050     28763     16444
  16.67025  16.67515     0.050     28767     16455
  16.66940  16.67444     0.050     28770     16463
  16.66855  16.67371     0.050     28772     16467
  16.66770  16.67296     0.050     28781     16481
  16.66685  16.67215     0.050     28778     16483
  16.66600  16.67124     0.050     28772     16485
  16.66515  16.67030     0.050     28789     16503
  16.66430  16.66938     0.050     28790     16511
  16.66345  16.66844     0.050     28782     16515
  16.66260  16.66754     0.050     28792     16523
  16.66175  16.66668     0.050     28800     16538
  16.66090  16.66585     0.050     28799     16538
  16.66005  16.66509     0.050     28797     16553
  16.65920  16.66438     0.050     28821     16569
  16.65835  16.66364     0.050     28814     16575
  16.65750  16.66289     0.050     28820     16580
  16.65665  16.66208     0.050     28821     16592
  16.65580  16.66116     0.050     28835     16598
  16.65495  16.66022     0.050     28836     16606
  16.65410  16.65930     0.050     28836     16615
  16.65325  16.65835     0.050     28844     16626
  16.65240  16.65745     0.050     28835     16625
  16.65155  16.65660     0.050     28843     16637
  16.65070  16.65578     0.050     28848     16646
  16.64985  16.65502     0.050     28856     16654
  16.64900  16.65431     0.050     28850     16655
  16.64815  16.65357     0.050     28855     16664
  16.64730  16.65281     0.050     28867     16680
  16.64645  16.65199     0.050     28860     16674
  16.64560  16.65105     0.050     28868     16688
  16.64475  16.65012     0.050     28882     16704
  16.64390  16.64919     0.050     28874     16703
  16.64305  16.64825     0.050     28880     16710
  16.64220  16.64736     0.050     28898     16733
  16.64135  16.64651     0.050     28889     16734
  16.64050  16.64570     0.050     28889     16739
  16.63965  16.64495     0.050     28901     16754
  16.63880  16.64423     0.050     28911     16763
  16.63795  16.64350     0.050     28896     16767
  16.63710  16.64274     0.050     28909     16782
  16.63625  16.64191     0.050     28918     16789
  16.63540  16.64098     0.050     28916     16794
  16.63455  16.64006     0.050     28920     16806
  16.63370  16.63914     0.050     28934     16821
  16.63285  16.63820     0.050     28938     16826
  16.63200  16.63732     0.050     28931     16829
  16.63115  16.63647     0.050     28945     16848
  16.63030  16.63565     0.050     28952     16857
  16.62945  16.63492     0.050     28943     16858
  16.62860  16.63420     0.050     28950     16869
  16.62775  16.63346     0.050     28965     16886
  16.62690  16.63271     0.050     28957     16886
  16.62605  16.63187     0.050     28963     16893
  16.62520  16.63094     0.050     28968     16901
  16.62435  16.63001     0.050     28975     16914
  16.62350  16.62909     0.050     28966     16916
  16.62265  16.62815     0.050     28978     16931
  16.62180  16.62727     0.050     28989     16943
  16.62095  16.62642     0.050     28980     16949
  16.62010  16.62561     0.050     28990     16963
  16.61925  16.62488     0.050     29004     16972
  16.61840  16.62416     0.050     29007     16979
  16.61755  16.62341     0.050     28992     16981
  16.61670  16.62265     0.050     29006     16991
  16.61585  16.62180     0.050     29011     16996
  16.61500  16.62086     0.050     29014     17014
  16.61415  16.61993     0.050     29011     17017
  16.61330  16.61901     0.050     29017     17023
  16.61245  16.61808     0.050     29023     17037
  16.61160  16.61720     0.050     29013     17038
  16.61075  16.61636     0.050     29015     17046
  16.60990  16.61555     0.050     29014     17059
  16.60905  16.61482     0.050     29009     17054
  16.60820  16.61410     0.050     29013     17060
  16.60735  16.61336     0.050     29018     17073
  16.60650  16.61260     0.050     29006     17080
  16.60565  16.61175     0.050     29008     17081
  16.60480  16.61081     0.050     29012     17089
  16.60395  16.60989     0.050     29011     17094
  16.60310  16.60896     0.050     29011     17106
  16.60225  16.60803     0.050     29006     17106
  16.60140  16.60716     0.050     29020     17120
  16.60055  16.60631     0.050     29015     17129
  16.59970  16.60551     0.050     29015     17132
  16.59885  16.60478     0.050     29024     17141
  16.59800  16.60406     0.050     29031     17155
  16.59715  16.60332     0.050     29024     17164
  16.59630  16.60255     0.050     29041     17171
  16.59545  16.60169     0.050     29042     17180
  16.59460  16.60076     0.050     29050     17190
  16.59375  16.59984     0.050     29047     17193
  16.59290  16.59891     0.050     29066     17210
  16.59205  16.59798     0.050     29055     17215
  16.59120  16.59711     0.050     29058     17225
  16.59035  16.59626     0.050     29055     17223
  16.58950  16.59545     0.050     29074     17241
  16.58865  16.59472     0.050     29071     17245
  16.58780  16.59401     0.050     29067     17254
  16.58695  16.59326     0.050     29084     17270
  16.58610  16.59249     0.050     29080     17274
  16.58525  16.59162     0.050     29088     17284
  16.58440  16.59069     0.050     29091     17296
  16.58355  16.58977     0.050     29095     17305
  16.58270  16.58883     0.050     29098     17312
  16.58185  16.58791     0.050     29103     17317
  16.58100  16.58704     0.050     29110     17335
  16.58015  16.58620     0.050     29108     17334
  16.57930  16.58540     0.050     29122     17352
  16.57845  16.58468     0.050     29127     17361
  16.57760  16.58396     0.050     29122     17368
  16.57675  16.58322     0.050     29128     17376
  16.57590  16.58244     0.050     29129     17384
  16.57505  16.58157     0.050     29134     17396
  16.57420  16.58063     0.050     29138     17407
  16.57335  16.57971     0.050     29145     17412
  16.57250  16.57877     0.050     29151     17422
  16.57165  16.57785     0.050     29149     17427
  16.57080  16.57698     0.050     29151     17438
  16.56995  16.57614     0.050     29153     17446
  16.56910  16.57535     0.050     29167     17458
  16.56825  16.57463     0.050     29167     17461
  16.56740  16.57391     0.050     29176     17474
  16.56655  16.57316     0.050     29178     17487
  16.56570  16.57238     0.050     29179     17491
  16.56485  16.57149     0.050     29180     17496
  16.56400  16.57055     0.050     29188     17512
  16.56315  16.56963     0.050     29195     17523
  16.56230  16.56869     0.050     29193     17524
  16.56145  16.56777     0.050     29195     17534
  16.56060  16.56690     0.050     29208     17548
  16.55975  16.56606     0.050     29215     17561
  16.55890  16.56528     0.050     29211     17562
  16.55805  16.56456     0.050     29217     17576
  16.55720  16.56383     0.050     29230     17586
  16.55635  16.56308     0.050     29217     17591
  16.55550  16.56229     0.050     29228     17601
  16.55465  16.56140     0.050     29236     17617
  16.55380  16.56046     0.050     29233     17620
  16.55295  16.55954     0.050     29231     17626
  16.55210  16.55861     0.050     29246     17638
  16.55125  16.55769     0.050     29249     17646
  16.55040  16.55683     0.050     29232     17651
  16.54955  16.55600     0.050     29248     17665
  16.54870  16.55522     0.050     29268     17684
  16.54785  16.55451     0.050     29259     17683
  16.54700  16.55378     0.050     29265     17691
  16.54615  16.55303     0.050     29270     17703
  16.54530  16.55224     0.050     29279     17714
  16.54445  16.55134     0.050     29268     17711
  16.54360  16.55040     0.050     29275     17729
  16.54275  16.54948     0.050     29294     17745
  16.54190  16.54854     0.050     29289     17747
  16.54105  16.54763     0.050     29291     17750
  16.54020  16.54678     0.050     29308     17772
  16.53935  16.54594     0.050     29307     17776
  16.53850  16.54517     0.050     29298     17778
  16.53765  16.54445     0.050     29308     17792
  16.53680  16.54372     0.050     29308     17804
  16.53595  16.54297     0.050     29311     17809
  16.53510  16.54217     0.050     29317     17818
  16.53425  16.54125     0.050     29329     17830
  16.53340  16.54031     0.050     29337     17841
  16.53255  16.53939     0.050     29331     17852
  16.53170  16.53845     0.050     29344     17859
  16.53085  16.53754     0.050     29336     17866
  16.53000  16.53668     0.050     29340     17871
  16.52915  16.53585     0.050     29343     17884
  16.52830  16.53508     0.050     29349     17897
  16.52745  16.53437     0.050     29360     17905
  16.52660  16.53364     0.050     29353     17913
  16.52575  16.53288     0.050     29369     17925
  16.52490  16.53207     0.050     29367     17927
  16.52405  16.53116     0.050     29362     17937
  16.52320  16.53023     0.050     29378     17946
  16.52235  16.52930     0.050     29380     17954
  16.52150  16.52836     0.050     29380     17968
  16.52065  16.52746     0.050     29385     17979
  16.51980  16.52660     0.050     29395     17983
  16.51895  16.52578     0.050     29393     17996
  16.51810  16.52502     0.050     29390     18003
  16.51725  16.52431     0.050     29405     18018
  16.51640  16.52357     0.050     29408     18025
  16.51555  16.52281     0.050     29409     18028
  16.51470  16.52199     0.050     29415     18044
  16.51385  16.52107     0.050     29414     18048
  16.51300  16.52013     0.050     29422     18059
  16.51215  16.51921     0.050     29422     18069
  16.51130  16.51827     0.050     29434     18081
  16.51045  16.51737     0.050     29438     18085
  16.50960  16.51652     0.050     29435     18101
  16.50875  16.51570     0.050     29442     18104
  16.50790  16.51495     0.050     29448     18112
  16.50705  16.51423     0.050     29444     18120
  16.50620  16.51349     0.050     29445     18127
  16.50535  16.51272     0.050     29453     18144
  16.50450  16.51188     0.050     29456     18149
  16.50365  16.51095     0.050     29462     18158
  16.50280  16.51002     0.050     29463     18165
  16.50195  16.50909     0.050     29468     18178
  16.50110  16.50815     0.050     29477     18189
  16.50025  16.50726     0.050     29478     18198
  16.49940  16.50641     0.050     29479     18205
  16.49855  16.50560     0.050     29479     18214
  16.49770  16.50486     0.050     29493     18227
  16.49685  16.50414     0.050     29492     18236
  16.49600  16.50339     0.050     29500     18244
  16.49515  16.50263     0.050     29502     18260
  16.49430  16.50178     0.050     29505     18267
  16.49345  16.50085     0.050     29510     18274
  16.49260  16.49992     0.050     29516     18291
  16.49175  16.49898     0.050     29524     18295
  16.49090  16.49805     0.050     29514     18300
  16.49005  16.49717     0.050     29533     18315
  16.48920  16.49632     0.050     29531     18326
  16.48835  16.49551     0.050     29535     18331
  16.48750  16.49477     0.050     29544     18335
  16.48665  16.49405     0.050     29545     18346
  16.48580  16.49331     0.050     29555     18364
  16.48495  16.49254     0.050     29553     18371
  16.48410  16.49167     0.050     29553     18379
  16.48325  16.49073     0.050     29563     18391
  16.48240  16.48980     0.050     29565     18397
  16.48155  16.48886     0.050     29567     18401
  16.48070  16.48793     0.050     29577     18419
  16.47985  16.48705     0.050     29585     18430
  16.47900  16.48620     0.050     29573     18427
  16.47815  16.48540     0.050     29591     18451
  16.47730  16.48467     0.050     29594     18455
  16.47645  16.48394     0.050     29589     18464
  16.47560  16.48319     0.050     29592     18473
  16.47475  16.48240     0.050     29604     18487
  16.47390  16.48152     0.050     29604     18491
  16.47305  16.48058     0.050     29603     18498
  16.47220  16.47965     0.050     29611     18511
  16.47135  16.47871     0.050     29621     18522
  16.47050  16.47779     0.050     29618     18530
  16.46965  16.47692     0.050     29624     18539
  16.46880  16.47607     0.050     29627     18553
  16.46795  16.47529     0.050     29631     18559
  16.46710  16.47457     0.050     29631     18562
  16.46625  16.47384     0.050     29642     18582
  16.46540  16.47309     0.050     29645     18588
  16.46455  16.47230     0.050     29636     18594
  16.46370  16.47140     0.050     29653     18606
  16.46285  16.47046     0.050     29663     18622
  16.46200  16.46954     0.050     29657     18623
  16.46115  16.46860     0.050     29660     18639
  16.46030  16.46768     0.050     29671     18651
  16.45945  16.46681     0.050     29670     18650
  16.45860  16.46597     0.050     29675     18665
  16.45775  16.46519     0.050     29674     18671
  16.45690  16.46447     0.050     29683     18685
  16.45605  16.46374     0.050     29680     18691
  16.45520  16.46298     0.050     29684     18702
  16.45435  16.46218     0.050     29692     18710
  16.45350  16.46127     0.050     29689     18715
  16.45265  16.46033     0.050     29694     18728
  16.45180  16.45939     0.050     29702     18734
  16.45095  16.45845     0.050     29712     18744
  16.45010  16.45754     0.050     29706     18753
  16.44925  16.45667     0.050     29716     18765
  16.44840  16.45583     0.050     29729     18780
  16.44755  16.45506     0.050     29720     18786
  16.44670  16.45435     0.050     29724     18796
  16.44585  16.45360     0.050     29738     18807
  16.44500  16.45284     0.050     29725     18814
  16.44415  16.45202     0.050     29742     18824
  16.44330  16.45109     0.050     29749     18832
  16.44245  16.45015     0.050     29750     18845
  16.44160  16.44922     0.050     29751     18858
  16.44075  16.44828     0.050     29755     18865
  16.43990  16.44738     0.050     29760     18876
  16.43905  16.44653     0.050     29766     18884
  16.43820  16.44570     0.050     29768     18891
  16.43735  16.44495     0.050     29772     18909
  16.43650  16.44423     0.050     29781     18914
  16.43565  16.44349     0.050     29777     18920
  16.43480  16.44272     0.050     29793     18936
  16.43395  16.44189     0.050     29794     18947
  16.43310  16.44095     0.050     29793     18952
  16.43225  16.44001     0.050     29809     18971
  16.43140  16.43908     0.050     29817     18980
  16.43055  16.43814     0.050     29808     18980
  16.42970  16.43725     0.050     29814     18993
  16.42885  16.43639     0.050     29823     19008
  16.42800  16.43557     0.050     29819     19012
  16.42715  16.43483     0.050     29822     19021
  16.42630  16.43411     0.050     29828     19032
  16.42545  16.43336     0.050     29822     19040
  16.42460  16.43259     0.050     29833     19043
  16.42375  16.43173     0.050     29839     19061
  16.42290  16.43079     0.050     29846     19072
  16.42205  16.42985     0.050     29845     19076
  16.42120  16.42891     0.050     29840     19092
  16.42035  16.42797     0.050     29862     19107
  16.41950  16.42709     0.050     29860     19103
  16.41865  16.42624     0.050     29857     19118
  16.41780  16.42543     0.050     29868     19131
  16.41695  16.42469     0.050     29873     19139
  16.41610  16.42397     0.050     29871     19155
  16.41525  16.42322     0.050     29866     19153
  16.41440  16.42244     0.050     29890     19171
  16.41355  16.42156     0.050     29885     19175
  16.41270  16.42062     0.050     29879     19187
  16.41185  16.41969     0.050     29899     19197
  16.41100  16.41875     0.050     29902     19210
  16.41015  16.41782     0.050     29896     19213
  16.40930  16.41695     0.050     29908     19223
  16.40845  16.41610     0.050     29907     19238
  16.40760  16.41531     0.050     29912     19244
  16.40675  16.41459     0.050     29912     19254
  16.40590  16.41386     0.050     29926     19270
  16.40505  16.41310     0.050     29919     19276
  16.40420  16.41231     0.050     29928     19285
  16.40335  16.41141     0.050     29930     19292
  16.40250  16.41047     0.050     29928     19296
  16.40165  16.40954     0.050     29933     19310
  16.40080  16.40860     0.050     29939     19321
  16.39995  16.40768     0.050     29943     19338
  16.39910  16.40681     0.050     29954     19342
  16.39825  16.40597     0.050     29959     19355
  16.39740  16.40519     0.050     29958     19363
  16.39655  16.40446     0.050     29967     19377
  16.39570  16.40373     0.050     29974     19392
  16.39485  16.40297     0.050     29976     19393
  16.39400  16.40216     0.050     29980     19410
  16.39315  16.40124     0.050     29985     19421
  16.39230  16.40030     0.050     29982     19425
  16.39145  16.39937     0.050     29990     19435
  16.39060  16.39842     0.050     29999     19448
  16.38975  16.39751     0.050     29995     19459
  16.38890  16.39664     0.050     30009     19469
  16.38805  16.39581     0.050     30000     19475
  16.38720  16.39505     0.050     30004     19491
  16.38635  16.39433     0.050     30012     19502
  16.38550  16.39359     0.050     30013     19506
  16.38465  16.39283     0.050     30021     19518
  16.38380  16.39201     0.050     30022     19525
  16.38295  16.39109     0.050     30030     19534
  16.38210  16.39015     0.050     30035     19541
  16.38125  16.38923     0.050     30045     19561
  16.38040  16.38828     0.050     30042     19565
  16.37955  16.38738     0.050     30043     19578
  16.37870  16.38652     0.050     30047     19580
  16.37785  16.38570     0.050     30052     19591
  16.37700  16.38495     0.050     30064     19611
  16.37615  16.38423     0.050     30063     19616
  16.37530  16.38349     0.050     30065     19625
  16.37445  16.38273     0.050     30071     19636
  16.37360  16.38189     0.050     30069     19638
  16.37275  16.38096     0.050     30077     19651
  16.37190  16.38002     0.050     30074     19658
  16.37105  16.37909     0.050     30080     19671
  16.37020  16.37815     0.050     30086     19681
  16.36935  16.37726     0.050     30092     19694
  16.36850  16.37640     0.050     30088     19694
  16.36765  16.37559     0.050     30097     19706
  16.36680  16.37485     0.050     30102     19721
  16.36595  16.37412     0.050     30105     19732
  16.36510  16.37337     0.050     30104     19741
  16.36425  16.37260     0.050     30114     19753
  16.36340  16.37174     0.050     30112     19757
  16.36255  16.37080     0.050     30118     19768
  16.36170  16.36987     0.050     30110     19775
  16.36085  16.36893     0.050     30125     19787
  16.36000  16.36799     0.050     30121     19797
  16.35915  16.36711     0.050     30130     19808
  16.35830  16.36626     0.050     30131     19815
  16.35745  16.36545     0.050     30130     19819
  16.35660  16.36472     0.050     30153     19840
  16.35575  16.36400     0.050     30148     19852
  16.35490  16.36325     0.050     30148     19852
  16.35405  16.36248     0.050     30155     19865
  16.35320  16.36161     0.050     30163     19882
  16.35235  16.36067     0.050     30162     19885
  16.35150  16.35974     0.050     30159     19895
  16.35065  16.35880     0.050     30172     19907
  16.34980  16.35787     0.050     30169     19917
  16.34895  16.35700     0.050     30167     19919
  16.34810  16.35615     0.050     30180     19943
  16.34725  16.35536     0.050     30187     19945
  16.34640  16.35463     0.050     30188     19953
  16.34555  16.35390     0.050     30186     19964
  16.34470  16.35315     0.050     30202     19987
  16.34385  16.35237     0.050     30205     19987
  16.34300  16.35149     0.050     30200     19991
  16.34215  16.35054     0.050     30212     20013
  16.34130  16.34962     0.050     30216     20021
  16.34045  16.34868     0.050     30210     20020
  16.33960  16.34776     0.050     30218     20030
  16.33875  16.34689     0.050     30224     20052
  16.33790  16.34604     0.050     30223     20057
  16.33705  16.34526     0.050     30228     20067
  16.33620  16.34453     0.050     30234     20078
  16.33535  16.34380     0.050     30247     20093
  16.33450  16.34305     0.050     30239     20093
  16.33365  16.34226     0.050     30252     20106
  16.33280  16.34136     0.050     30258     20124
  16.33195  16.34042     0.050     30250     20126
  16.33110  16.33950     0.050     30259     20138
  16.33025  16.33855     0.050     30267     20155
  16.32940  16.33764     0.050     30272     20163
  16.32855  16.33678     0.050     30262     20163
  16.32770  16.33594     0.050     30276     20181
  16.32685  16.33517     0.050     30290     20195
  16.32600  16.33446     0.050     30273     20192
  16.32515  16.33373     0.050     30284     20210
  16.32430  16.33297     0.050     30297     20224
  16.32345  16.33218     0.050     30286     20224
  16.32260  16.33127     0.050     30293     20236
  16.32175  16.33033     0.050     30310     20255
  16.32090  16.32941     0.050     30309     20261
  16.32005  16.32847     0.050     30303     20266
  16.31920  16.32756     0.050     30311     20274
  16.31835  16.32670     0.050     30326     20295
  16.31750  16.32587     0.050     30316     20296
  16.31665  16.32511     0.050     30318     20306
  16.31580  16.32439     0.050     30330     20321
  16.31495  16.32365     0.050     30329     20331
  16.31410  16.32290     0.050     30332     20335
  16.31325  16.32209     0.050     30341     20351
  16.31240  16.32118     0.050     30345     20361
  16.31155  16.32025     0.050     30342     20364
  16.31070  16.31933     0.050     30347     20380
  16.30985  16.31838     0.050     30361     20389
  16.30900  16.31748     0.050     30350     20392
  16.30815  16.31662     0.050     30360     20410
  16.30730  16.31578     0.050     30371     20420
  16.30645  16.31502     0.050     30359     20422
  16.30560  16.31431     0.050     30379     20443
  16.30475  16.31357     0.050     30390     20455
  16.30390  16.31281     0.050     30391     20467
  16.30305  16.31199     0.050     30381     20476
  16.30220  16.31107     0.050     30399     20483
  16.30135  16.31015     0.050     30402     20503
  16.30050  16.30923     0.050     30394     20494
  16.29965  16.30829     0.050     30409     20514
  16.29880  16.30739     0.050     30410     20527
  16.29795  16.30654     0.050     30412     20532
  16.29710  16.30572     0.050     30408     20534
  16.29625  16.30497     0.050     30416     20554
  16.29540  16.30426     0.050     30433     20571
  16.29455  16.30352     0.050     30422     20572
  16.29370  16.30277     0.050     30428     20589
  16.29285  16.30195     0.050     30442     20599
  16.29200  16.30103     0.050     30436     20596
  16.29115  16.30010     0.050     30442     20604
  16.29030  16.29917     0.050     30444     20626
  16.28945  16.29824     0.050     30451     20634
  16.28860  16.29735     0.050     30448     20640
  16.28775  16.29650     0.050     30457     20655
  16.28690  16.29568     0.050     30472     20669
  16.28605  16.29493     0.050     30461     20677
  16.28520  16.29422     0.050     30469     20682
  16.28435  16.29348     0.050     30482     20700
  16.28350  16.29272     0.050     30468     20697
  16.28265  16.29189     0.050     30473     20714
  16.28180  16.29096     0.050     30480     20726
  16.28095  16.29004     0.050     30488     20732
  16.28010  16.28910     0.050     30487     20744
  16.27925  16.28816     0.050     30492     20751
  16.27840  16.28727     0.050     30508     20776
  16.27755  16.28642     0.050     30507     20777
  16.27670  16.28560     0.050     30507     20788
  16.27585  16.28486     0.050     30514     20804
  16.27500  16.28415     0.050     30521     20811
  16.27415  16.28341     0.050     30523     20819
  16.27330  16.28265     0.050     30529     20830
  16.27245  16.28181     0.050     30541     20843
  16.27160  16.28088     0.050     30533     20846
  16.27075  16.27996     0.050     30536     20860
  16.26990  16.27903     0.050     30551     20872
  16.26905  16.27810     0.050     30548     20887
  16.26820  16.27722     0.050     30550     20890
  16.26735  16.27637     0.050     30564     20913
  16.26650  16.27556     0.050     30564     20912
  16.26565  16.27483     0.050     30569     20926
  16.26480  16.27411     0.050     30577     20939
  16.26395  16.27337     0.050     30576     20943
  16.26310  16.27261     0.050     30580     20955
  16.26225  16.27176     0.050     30587     20963
  16.26140  16.27083     0.050     30586     20976
  16.26055  16.26991     0.050     30590     20983
  16.25970  16.26898     0.050     30587     20995
  16.25885  16.26805     0.050     30597     21006
  16.25800  16.26717     0.050     30598     21015
  16.25715  16.26632     0.050     30602     21022
  16.25630  16.26552     0.050     30609     21039
  16.25545  16.26479     0.050     30609     21047
  16.25460  16.26407     0.050     30607     21049
  16.25375  16.26333     0.050     30619     21073
  16.25290  16.26256     0.050     30617     21082
  16.25205  16.26170     0.050     30617     21079
  16.25120  16.26077     0.050     30637     21100
  16.25035  16.25985     0.050     30632     21104
  16.24950  16.25892     0.050     30625     21104
  16.24865  16.25798     0.050     30640     21122
  16.24780  16.25711     0.050     30650     21138
  16.24695  16.25627     0.050     30642     21145
  16.24610  16.25547     0.050     30639     21150
  16.24525  16.25474     0.050     30656     21163
  16.24440  16.25402     0.050     30658     21181
  16.24355  16.25328     0.050     30660     21182
  16.24270  16.25251     0.050     30670     21196
  16.24185  16.25166     0.050     30673     21214
  16.24100  16.25073     0.050     30677     21213
  16.24015  16.24981     0.050     30677     21224
  16.23930  16.24888     0.050     30693     21241
  16.23845  16.24795     0.050     30687     21251
  16.23760  16.24708     0.050     30685     21259
  16.23675  16.24623     0.050     30696     21274
  16.23590  16.24543     0.050     30701     21279
  16.23505  16.24471     0.050     30697     21290
  16.23420  16.24399     0.050     30703     21300
  16.23335  16.24325     0.050     30717     21318
  16.23250  16.24248     0.050     30714     21321
  16.23165  16.24162     0.050     30719     21331
  16.23080  16.24068     0.050     30718     21346
  16.22995  16.23976     0.050     30727     21358
  16.22910  16.23883     0.050     30723     21360
  16.22825  16.23790     0.050     30738     21370
  16.22740  16.23703     0.050     30740     21380
  16.22655  16.23619     0.050     30740     21393
  16.22570  16.23539     0.050     30738     21402
  16.22485  16.23467     0.050     30753     21416
  16.22400  16.23395     0.050     30754     21425
  16.22315  16.23320     0.050     30759     21435
  16.22230  16.23242     0.050     30762     21439
  16.22145  16.23155     0.050     30767     21454
  16.22060  16.23061     0.050     30767     21463
  16.21975  16.22969     0.050     30778     21476
  16.21890  16.22876     0.050     30771     21479
  16.21805  16.22784     0.050     30785     21496
  16.21720  16.22698     0.050     30790     21502
  16.21635  16.22614     0.050     30789     21508
  16.21550  16.22535     0.050     30784     21521
  16.21465  16.22463     0.050     30797     21533
  16.21380  16.22391     0.050     30802     21546
  16.21295  16.22317     0.050     30801     21546
  16.21210  16.22240     0.050     30800     21555
  16.21125  16.22152     0.050     30808     21571
  16.21040  16.22059     0.050     30809     21580
  16.20955  16.21968     0.050     30809     21590
  16.20870  16.21875     0.050     30817     21603
  16.20785  16.21782     0.050     30824     21616
  16.20700  16.21696     0.050     30823     21618
  16.20615  16.21613     0.050     30824     21633
  16.20530  16.21534     0.050     30831     21641
  16.20445  16.21462     0.050     30834     21647
  16.20360  16.21390     0.050     30841     21656
  16.20275  16.21315     0.050     30845     21667
  16.20190  16.21238     0.050     30846     21673
  16.20105  16.21150     0.050     30846     21683
  16.20020  16.21057     0.050     30853     21702
  16.19935  16.20965     0.050     30852     21705
  16.19850  16.20872     0.050     30853     21717
  16.19765  16.20780     0.050     30864     21721
  16.19680  16.20693     0.050     30858     21728
  16.19595  16.20609     0.050     30866     21744
  16.19510  16.20530     0.050     30877     21755
  16.19425  16.20458     0.050     30875     21766
  16.19340  16.20386     0.050     30883     21773
  16.19255  16.20311     0.050     30897     21785
  16.19170  16.20233     0.050     30886     21792
  16.19085  16.20144     0.050     30893     21808
  16.19000  16.20051     0.050     30898     21818
  16.18915  16.19959     0.050     30904     21820
  16.18830  16.19866     0.050     30907     21825
  16.18745  16.19775     0.050     30908     21845
  16.18660  16.19688     0.050     30915     21852
  16.18575  16.19605     0.050     30911     21865
  16.18490  16.19527     0.050     30925     21871
  16.18405  16.19456     0.050     30932     21878
  16.18320  16.19383     0.050     30934     21890
  16.18235  16.19308     0.050     30932     21898
  16.18150  16.19230     0.050     30937     21901
  16.18065  16.19142     0.050     30949     21920
  16.17980  16.19048     0.050     30948     21921
  16.17895  16.18957     0.050     30941     21929
  16.17810  16.18863     0.050     30954     21943
  16.17725  16.18772     0.050     30963     21954
  16.17640  16.18686     0.050     30959     21964
  16.17555  16.18602     0.050     30963     21967
  16.17470  16.18524     0.050     30970     21988
  16.17385  16.18452     0.050     30969     21992
  16.17300  16.18380     0.050     30970     21996
  16.17215  16.18305     0.050     30977     22005
  16.17130  16.18227     0.050     30992     22016
  16.17045  16.18138     0.050     30974     22016
  16.16960  16.18044     0.050     30988     22039
  16.16875  16.17952     0.050     30998     22038
  16.16790  16.17858     0.050     30983     22039
  16.16705  16.17766     0.050     30998     22059
  16.16620  16.17680     0.050     31013     22073
  16.16535  16.17596     0.050     31004     22069
  16.16450  16.17519     0.050     31003     22073
  16.16365  16.17447     0.050     31009     22091
  16.16280  16.17374     0.050     31026     22105
  16.16195  16.17300     0.050     31012     22096
  16.16110  16.17221     0.050     31023     22106
  16.16025  16.17131     0.050     31038     22122
  16.15940  16.17037     0.050     31029     22122
  16.15855  16.16946     0.050     31032     22132
  16.15770  16.16852     0.050     31045     22145
  16.15685  16.16761     0.050     31048     22154
  16.15600  16.16675     0.050     31036     22147
  16.15515  16.16592     0.050     31050     22164
  16.15430  16.16515     0.050     31062     22172
  16.15345  16.16444     0.050     31054     22175
  16.15260  16.16371     0.050     31062     22179
  16.15175  16.16296     0.050     31071     22195
  16.15090  16.16216     0.050     31076     22192
  16.15005  16.16125     0.050     31070     22193
  16.14920  16.16032     0.050     31081     22205
  16.14835  16.15940     0.050     31102     22213
  16.14750  16.15846     0.050     31086     22205
  16.14665  16.15755     0.050     31085     22210
  16.14580  16.15670     0.050     31106     22217
  16.14495  16.15586     0.050     31107     22216
  16.14410  16.15510     0.050     31094     22210
  16.14325  16.15439     0.050     31104     22214
  16.14240  16.15365     0.050     31104     22207
  16.14155  16.15290     0.050     31101     22200
  16.14070  16.15209     0.050     31111     22193
  16.13985  16.15118     0.050     31124     22189
  16.13900  16.15024     0.050     31113     22169
  16.13815  16.14931     0.050     31113     22147
  16.13730  16.14837     0.050     31124     22121
  16.13645  16.14747     0.050     31107     22073
  16.13560  16.14661     0.050     31103     22002
  16.13475  16.14578     0.050     31109     21901
  16.13390  16.14503     0.050     31098     21732
  16.13305  16.14432     0.050     31099     21447
  16.13220  16.14358     0.050     31099     21018
  16.13135  16.14283     0.050     31102     20468
  16.13050  16.14202     0.050     31083     19940
  16.12965  16.14110     0.050     31095     19661
  16.12880  16.14017     0.050     31102     19768
  16.12795  16.13925     0.050     31099     20206
  16.12710  16.13831     0.050     31102     20763
  16.12625  16.13742     0.050     31109     21214
  16.12540  16.13657     0.050     31103     21496
  16.12455  16.13575     0.050     31111     21634
  16.12370  16.13499     0.050     31114     21697
  16.12285  16.13428     0.050     31119     21708
  16.12200  16.13354     0.050     31106     21683
  16.12115  16.13279     0.050     31115     21658
  16.12030  16.13197     0.050     31120     21608
  16.11945  16.13105     0.050     31111     21552
  16.11860  16.13012     0.050     31113     21503
  16.11775  16.12919     0.050     31119     21426
  16.11690  16.12825     0.050     31122     21317
  16.11605  16.12736     0.050     31113     21156
  16.11520  16.12651     0.050     31117     20937
  16.11435  16.12569     0.050     31131     20636
  16.11350  16.12494     0.050     31118     20224
  16.11265  16.12423     0.050     31125     19711
  16.11180  16.12349     0.050     31137     19065
  16.11095  16.12272     0.050     31134     18288
  16.11010  16.12189     0.050     31135     17369
  16.10925  16.12096     0.050     31132     16325
  16.10840  16.12003     0.050     31138     15200
  16.10755  16.11910     0.050     31129     14076
  16.10670  16.11816     0.050     31137     13040
  16.10585  16.11728     0.050     31138     12184
  16.10500  16.11642     0.050     31139     11533
  16.10415  16.11561     0.050     31134     11050
  16.10330  16.11488     0.050     31132     10672
  16.10245  16.11416     0.050     31142     10331
  16.10160  16.11342     0.050     31127     10028
  16.10075  16.11266     0.050     31128      9774
  16.09990  16.11182     0.050     31126      9567
  16.09905  16.11088     0.050     31128      9403
  16.09820  16.10996     0.050     31127      9265
  16.09735  16.10904     0.050     31123      9114
  16.09650  16.10810     0.050     31125      8924
  16.09565  16.10721     0.050     31125      8679
  16.09480  16.10636     0.050     31118      8380
  16.09395  16.10555     0.050     31121      8065
  16.09310  16.10481     0.050     31121      7751
  16.09225  16.10410     0.050     31109      7467
  16.09140  16.10335     0.050     31102      7209
  16.09055  16.10259     0.050     31102      6986
  16.08970  16.10174     0.050     31096      6784
  16.08885  16.10081     0.050     31056      6599
  16.08800  16.09989     0.050     31009      6436
  16.08715  16.09896     0.050     30925      6298
  16.08630  16.09802     0.050     30867      6189
  16.08545  16.09714     0.050     30917      6108
  16.08460  16.09629     0.050     31006      6052
  16.08375  16.09548     0.050     31086      6003
  16.08290  16.09474     0.050     31104      5954
  16.08205  16.09402     0.050     31121      5917
  16.08120  16.09328     0.050     31131      5888
  16.08035  16.09251     0.050     31134      5874
  16.07950  16.09164     0.050     31137      5860
  16.07865  16.09071     0.050     31149      5857
  16.07780  16.08979     0.050     31138      5849
  16.07695  16.08885     0.050     31095      5847
  16.07610  16.08792     0.050     31032      5848
  16.07525  16.08705     0.050     30957      5856
  16.07440  16.08620     0.050     30946      5886
  16.07355  16.08540     0.050     31003      5929
  16.07270  16.08467     0.050     31087      5981
  16.07185  16.08395     0.050     31129      6031
  16.07100  16.08321     0.050     31150      6074
  16.07015  16.08243     0.050     31167      6128
  16.06930  16.08156     0.050     31176      6179
  16.06845  16.08062     0.050     31180      6227
  16.06760  16.07970     0.050     31187      6277
  16.06675  16.07876     0.050     31204      6323
  16.06590  16.07783     0.050     31204      6362
  16.06505  16.07696     0.050     31206      6400
  16.06420  16.07611     0.050     31221      6432
  16.06335  16.07532     0.050     31221      6458
  16.06250  16.07460     0.050     31194      6474
  16.06165  16.07387     0.050     31133      6490
  16.06080  16.07312     0.050     31062      6501
  16.05995  16.07234     0.050     31009      6518
  16.05910  16.07145     0.050     31059      6552
  16.05825  16.07051     0.050     31138      6593
  16.05740  16.06959     0.050     31200      6636
  16.05655  16.06864     0.050     31214      6667
  16.05570  16.06771     0.050     31241      6698
  16.05485  16.06685     0.050     31242      6732
  16.05400  16.06600     0.050     31259      6761
  16.05315  16.06521     0.050     31258      6795
  16.05230  16.06449     0.050     31271      6830
  16.05145  16.06376     0.050     31254      6859
  16.05060  16.06301     0.050     31226      6889
  16.04975  16.06222     0.050     31144      6912
  16.04890  16.06132     0.050     31074      6938
  16.04805  16.06038     0.050     31085      6987
  16.04720  16.05946     0.050     31164      7048
  16.04635  16.05851     0.050     31255      7119
  16.04550  16.05760     0.050     31296      7177
  16.04465  16.05674     0.050     31317      7241
  16.04380  16.05591     0.050     31319      7299
  16.04295  16.05514     0.050     31318      7368
  16.04210  16.05442     0.050     31332      7439
  16.04125  16.05369     0.050     31332      7516
  16.04040  16.05293     0.050     31333      7596
  16.03955  16.05213     0.050     31335      7680
  16.03870  16.05123     0.050     31350      7767
  16.03785  16.05029     0.050     31358      7858
  16.03700  16.04937     0.050     31343      7943
  16.03615  16.04842     0.050     31361      8035
  16.03530  16.04752     0.050     31370      8124
  16.03445  16.04666     0.050     31369      8211
  16.03360  16.04583     0.050     31370      8299
  16.03275  16.04506     0.050     31382      8382
  16.03190  16.04435     0.050     31387      8468
  16.03105  16.04361     0.050     31385      8556
  16.03020  16.04285     0.050     31396      8649
  16.02935  16.04204     0.050     31395      8734
  16.02850  16.04112     0.050     31393      8816
  16.02765  16.04018     0.050     31398      8905
  16.02680  16.03925     0.050     31414      8995
  16.02595  16.03831     0.050     31406      9076
  16.02510  16.03740     0.050     31409      9155
  16.02425  16.03654     0.050     31426      9239
  16.02340  16.03572     0.050     31425      9309
  16.02255  16.03496     0.050     31416      9373
  16.02170  16.03425     0.050     31426      9447
  16.02085  16.03351     0.050     31433      9508
  16.02000  16.03275     0.050     31435      9558
  16.01915  16.03192     0.050     31442      9613
  16.01830  16.03099     0.050     31450      9661
  16.01745  16.03006     0.050     31447      9703
  16.01660  16.02913     0.050     31446      9740
  16.01575  16.02819     0.050     31463      9778
  16.01490  16.02730     0.050     31458      9807
  16.01405  16.02644     0.050     31461      9829
  16.01320  16.02562     0.050     31458      9848
  16.01235  16.02488     0.050     31471      9875
  16.01150  16.02417     0.050     31468      9883
  16.01065  16.02342     0.050     31465      9893
  16.00980  16.02266     0.050     31484      9910
  16.00895  16.02182     0.050     31474      9911
  16.00810  16.02089     0.050     31477      9919
  16.00725  16.01996     0.050     31482      9926
  16.00640  16.01903     0.050     31490      9927
  16.00555  16.01809     0.050     31485      9925
  16.00470  16.01721     0.050     31487      9920
  16.00385  16.01636     0.050     31501      9917
  16.00300  16.01554     0.050     31492      9904
  16.00215  16.01480     0.050     31490      9887
  16.00130  16.01409     0.050     31507      9875
  16.00045  16.01334     0.050     31503      9849
  15.99960  16.01257     0.050     31511      9829
  15.99875  16.01172     0.050     31515      9799
  15.99790  16.01078     0.050     31514      9766
  15.99705  16.00985     0.050     31513      9730
  15.99620  16.00891     0.050     31535      9700
  15.99535  16.00797     0.050     31532      9661
  15.99450  16.00710     0.050     31531      9621
  15.99365  16.00625     0.050     31545      9579
  15.99280  16.00545     0.050     31542      9534
  15.99195  16.00472     0.050     31542      9486
  15.99110  16.00400     0.050     31546      9436
  15.99025  16.00325     0.050     31560      9388
  15.98940  16.00248     0.050     31562      9334
  15.98855  16.00162     0.050     31556      9284
  15.98770  16.00068     0.050     31569      9230
  15.98685  15.99976     0.050     31563      9185
  15.98600  15.99883     0.050     31572      9143
  15.98515  15.99790     0.050     31577      9109
  15.98430  15.99702     0.050     31583      9085
  15.98345  15.99617     0.050     31586      9067
  15.98260  15.99538     0.050     31581      9045
  15.98175  15.99465     0.050     31593      9034
  15.98090  15.99393     0.050     31596      9024
  15.98005  15.99318     0.050     31602      9011
  15.97920  15.99240     0.050     31608      8998
  15.97835  15.99153     0.050     31607      8989
  15.97750  15.99059     0.050     31605      8971
  15.97665  15.98967     0.050     31612      8958
  15.97580  15.98872     0.050     31625      8948
  15.97495  15.98780     0.050     31631      8935
  15.97410  15.98693     0.050     31627      8924
  15.97325  15.98609     0.050     31631      8911
  15.97240  15.98529     0.050     31639      8899
  15.97155  15.98457     0.050     31639      8878
  15.97070  15.98384     0.050     31647      8870
  15.96985  15.98309     0.050     31659      8860
  15.96900  15.98230     0.050     31653      8842
  15.96815  15.98140     0.050     31658      8826
  15.96730  15.98046     0.050     31664      8814
  15.96645  15.97954     0.050     31668      8805
  15.96560  15.97860     0.050     31673      8789
  15.96475  15.97768     0.050     31682      8780
  15.96390  15.97682     0.050     31691      8767
  15.96305  15.97598     0.050     31682      8751
  15.96220  15.97520     0.050     31688      8742
  15.96135  15.97449     0.050     31705      8730
  15.96050  15.97376     0.050     31701      8716
  15.95965  15.97301     0.050     31701      8706
  15.95880  15.97222     0.050     31713      8701
  15.95795  15.97132     0.050     31713      8690
  15.95710  15.97039     0.050     31718      8684
  15.95625  15.96947     0.050     31720      8677
  15.95540  15.96852     0.050     31719      8670
  15.95455  15.96761     0.050     31732      8669
  15.95370  15.96675     0.050     31736      8663
  15.95285  15.96592     0.050     31743      8663
  15.95200  15.96514     0.050     31739      8662
  15.95115  15.96443     0.050     31739      8659
  15.95030  15.96370     0.050     31751      8660
  15.94945  15.96295     0.050     31760      8657
  15.94860  15.96214     0.050     31754      8659
  15.94775  15.96123     0.050     31751      8658
  15.94690  15.96030     0.050     31770      8663
  15.94605  15.95938     0.050     31758      8659
  15.94520  15.95844     0.050     31775      8665
  15.94435  15.95753     0.050     31779      8665
  15.94350  15.95667     0.050     31779      8668
  15.94265  15.95583     0.050     31787      8671
  15.94180  15.95507     0.050     31786      8671
  15.94095  15.95435     0.050     31799      8672
  15.94010  15.95361     0.050     31793      8677
  15.93925  15.95285     0.050     31810      8678
  15.93840  15.95204     0.050     31809      8683
  15.93755  15.95112     0.050     31817      8687
  15.93670  15.95019     0.050     31822      8688
  15.93585  15.94927     0.050     31836      8692
  15.93500  15.94833     0.050     31827      8697
  15.93415  15.94743     0.050     31831      8696
  15.93330  15.94658     0.050     31844      8706
  15.93245  15.94575     0.050     31839      8710
  15.93160  15.94500     0.050     31849      8716
  15.93075  15.94429     0.050     31853      8715
  15.92990  15.94355     0.050     31867      8720
  15.92905  15.94279     0.050     31868      8727
  15.92820  15.94197     0.050     31862      8727
  15.92735  15.94105     0.050     31870      8731
  15.92650  15.94012     0.050     31872      8734
  15.92565  15.93920     0.050     31881      8737
  15.92480  15.93826     0.050     31884      8742
  15.92395  15.93736     0.050     31886      8741
  15.92310  15.93651     0.050     31885      8738
  15.92225  15.93569     0.050     31893      8745
  15.92140  15.93494     0.050     31900      8744
  15.92055  15.93422     0.050     31899      8743
  15.91970  15.93348     0.050     31895      8738
  15.91885  15.93272     0.050     31911      8746
  15.91800  15.93189     0.050     31911      8742
  15.91715  15.93097     0.050     31914      8738
  15.91630  15.93004     0.050     31921      8745
  15.91545  15.92911     0.050     31923      8737
  15.91460  15.92817     0.050     31922      8735
  15.91375  15.92728     0.050     31926      8737
  15.91290  15.92643     0.050     31939      8739
  15.91205  15.92561     0.050     31941      8739
  15.91120  15.92487     0.050     31932      8737
  15.91035  15.92415     0.050     31948      8740
  15.90950  15.92341     0.050     31951      8739
  15.90865  15.92265     0.050     31950      8740
  15.90780  15.92181     0.050     31959      8739
  15.90695  15.92089     0.050     31966      8742
  15.90610  15.91996     0.050     31968      8746
  15.90525  15.91903     0.050     31967      8746
  15.90440  15.91810     0.050     31978      8756
  15.90355  15.91722     0.050     31976      8756
  15.90270  15.91637     0.050     31977      8758
  15.90185  15.91555     0.050     31988      8762
  15.90100  15.91482     0.050     31989      8767
  15.90015  15.91411     0.050     31993      8773
  15.89930  15.91337     0.050     31990      8776
  15.89845  15.91260     0.050     32001      8789
  15.89760  15.91175     0.050     31996      8796
  15.89675  15.91082     0.050     32005      8799
  15.89590  15.90990     0.050     32010      8807
  15.89505  15.90897     0.050     32003      8819
  15.89420  15.90803     0.050     32024      8831
  15.89335  15.90715     0.050     32021      8836
  15.89250  15.90631     0.050     32020      8844
  15.89165  15.90550     0.050     32030      8859
  15.89080  15.90477     0.050     32026      8868
  15.88995  15.90405     0.050     32033      8880
  15.88910  15.90330     0.050     32035      8893
  15.88825  15.90254     0.050     32039      8903
  15.88740  15.90168     0.050     32040      8915
  15.88655  15.90074     0.050     32039      8924
  15.88570  15.89981     0.050     32049      8943
  15.88485  15.89888     0.050     32041      8952
  15.88400  15.89794     0.050     32056      8970
  15.88315  15.89707     0.050     32056      8980
  15.88230  15.89622     0.050     32059      8992
  15.88145  15.89542     0.050     32069      9008
  15.88060  15.89469     0.050     32066      9021
  15.87975  15.89397     0.050     32071      9039
  15.87890  15.89323     0.050     32071      9049
  15.87805  15.89246     0.050     32075      9068
  15.87720  15.89160     0.050     32083      9084
  15.87635  15.89066     0.050     32081      9099
  15.87550  15.88975     0.050     32078      9113
  15.87465  15.88881     0.050     32094      9134
  15.87380  15.88788     0.050     32091      9146
  15.87295  15.88701     0.050     32080      9158
  15.87210  15.88617     0.050     32099      9177
  15.87125  15.88538     0.050     32097      9197
  15.87040  15.88466     0.050     32099      9213
  15.86955  15.88394     0.050     32102      9228
  15.86870  15.88319     0.050     32111      9248
  15.86785  15.88242     0.050     32104      9262
  15.86700  15.88155     0.050     32112      9279
  15.86615  15.88061     0.050     32123      9298
  15.86530  15.87969     0.050     32121      9312
  15.86445  15.87876     0.050     32108      9326
  15.86360  15.87783     0.050     32118      9347
  15.86275  15.87696     0.050     32127      9363
  15.86190  15.87612     0.050     32129      9378
  15.86105  15.87533     0.050     32130      9390
  15.86020  15.87461     0.050     32136      9413
  15.85935  15.87388     0.050     32143      9433
  15.85850  15.87313     0.050     32137      9444
  15.85765  15.87235     0.050     32149      9464
  15.85680  15.87146     0.050     32152      9477
  15.85595  15.87053     0.050     32149      9494
  15.85510  15.86961     0.050     32156      9511
  15.85425  15.86867     0.050     32160      9535
  15.85340  15.86775     0.050     32152      9544
  15.85255  15.86689     0.050     32159      9561
  15.85170  15.86605     0.050     32169      9580
  15.85085  15.86527     0.050     32169      9595
  15.85000  15.86455     0.050     32168      9608
  15.84915  15.86383     0.050     32175      9621
  15.84830  15.86308     0.050     32183      9646
  15.84745  15.86230     0.050     32171      9652
  15.84660  15.86141     0.050     32183      9669
  15.84575  15.86048     0.050     32186      9682
  15.84490  15.85957     0.050     32191      9699
  15.84405  15.85863     0.050     32179      9710
  15.84320  15.85771     0.050     32195      9730
  15.84235  15.85684     0.050     32199      9741
  15.84150  15.85601     0.050     32187      9753
  15.84065  15.85523     0.050     32194      9767
  15.83980  15.85452     0.050     32201      9783
  15.83895  15.85379     0.050     32196      9787
  15.83810  15.85304     0.050     32201      9804
  15.83725  15.85225     0.050     32216      9824
  15.83640  15.85136     0.050     32216      9835
  15.83555  15.85043     0.050     32212      9841
  15.83470  15.84951     0.050     32218      9860
  15.83385  15.84857     0.050     32219      9871
  15.83300  15.84766     0.050     32225      9879
  15.83215  15.84680     0.050     32222      9891
  15.83130  15.84596     0.050     32230      9910
  15.83045  15.84519     0.050     32232      9921
  15.82960  15.84447     0.050     32230      9929
  15.82875  15.84373     0.050     32240      9947
  15.82790  15.84298     0.050     32232      9956
  15.82705  15.84219     0.050     32233      9959
  15.82620  15.84129     0.050     32241      9975
  15.82535  15.84035     0.050     32248      9989
  15.82450  15.83944     0.050     32244      9991
  15.82365  15.83850     0.050     32246     10004
  15.82280  15.83759     0.050     32252     10013
  15.82195  15.83674     0.050     32259     10021
  15.82110  15.83591     0.050     32248     10029
  15.82025  15.83514     0.050     32261     10041
  15.81940  15.83443     0.050     32261     10047
  15.81855  15.83370     0.050     32260     10054
  15.81770  15.83295     0.050     32260     10063
  15.81685  15.83215     0.050     32272     10072
  15.81600  15.83125     0.050     32271     10078
  15.81515  15.83033     0.050     32269     10088
  15.81430  15.82941     0.050     32276     10098
  15.81345  15.82847     0.050     32279     10102
  15.81260  15.82756     0.050     32272     10105
  15.81175  15.82671     0.050     32285     10109
  15.81090  15.82588     0.050     32295     10118
  15.81005  15.82511     0.050     32287     10119
  15.80920  15.82439     0.050     32287     10123
  15.80835  15.82366     0.050     32304     10130
  15.80750  15.82291     0.050     32296     10130
  15.80665  15.82211     0.050     32291     10132
  15.80580  15.82120     0.050     32310     10135
  15.80495  15.82027     0.050     32309     10138
  15.80410  15.81935     0.050     32305     10135
  15.80325  15.81841     0.050     32310     10142
  15.80240  15.81750     0.050     32315     10146
  15.80155  15.81664     0.050     32316     10145
  15.80070  15.81581     0.050     32309     10145
  15.79985  15.81505     0.050     32329     10147
  15.79900  15.81434     0.050     32320     10147
  15.79815  15.81360     0.050     32322     10145
  15.79730  15.81285     0.050     32322     10150
  15.79645  15.81204     0.050     32324     10152
  15.79560  15.81113     0.050     32326     10147
  15.79475  15.81020     0.050     32333     10149
  15.79390  15.80928     0.050     32335     10149
  15.79305  15.80834     0.050     32338     10151
  15.79220  15.80745     0.050     32338     10144
  15.79135  15.80659     0.050     32348     10152
  15.79050  15.80577     0.050     32347     10147
  15.78965  15.80501     0.050     32346     10142
  15.78880  15.80431     0.050     32349     10141
  15.78795  15.80357     0.050     32361     10145
  15.78710  15.80282     0.050     32350     10138
  15.78625  15.80201     0.050     32353     10142
  15.78540  15.80109     0.050     32368     10138
  15.78455  15.80016     0.050     32358     10134
  15.78370  15.79925     0.050     32358     10137
  15.78285  15.79831     0.050     32365     10127
  15.78200  15.79741     0.050     32365     10126
  15.78115  15.79656     0.050     32361     10126
  15.78030  15.79574     0.050     32368     10118
  15.77945  15.79499     0.050     32395     10124
  15.77860  15.79427     0.050     32383     10120
  15.77775  15.79354     0.050     32393     10118
  15.77690  15.79279     0.050     32397     10115
  15.77605  15.79197     0.050     32394     10111
  15.77520  15.79105     0.050     32391     10108
  15.77435  15.79012     0.050     32403     10108
  15.77350  15.78919     0.050     32402     10103
  15.77265  15.78825     0.050     32401     10102
  15.77180  15.78736     0.050     32411     10099
  15.77095  15.78651     0.050     32414     10097
  15.77010  15.78569     0.050     32419     10094
  15.76925  15.78494     0.050     32411     10095
  15.76840  15.78423     0.050     32419     10094
  15.76755  15.78349     0.050     32422     10093
  15.76670  15.78274     0.050     32420     10091
  15.76585  15.78192     0.050     32428     10086
  15.76500  15.78099     0.050     32428     10092
  15.76415  15.78007     0.050     32430     10085
  15.76330  15.77915     0.050     32432     10089
  15.76245  15.77821     0.050     32433     10089
  15.76160  15.77732     0.050     32440     10089
  15.76075  15.77647     0.050     32438     10092
  15.75990  15.77566     0.050     32441     10086
  15.75905  15.77491     0.050     32447     10091
  15.75820  15.77420     0.050     32451     10094
  15.75735  15.77347     0.050     32446     10091
  15.75650  15.77271     0.050     32449     10098
  15.75565  15.77188     0.050     32451     10099
  15.75480  15.77095     0.050     32448     10101
  15.75395  15.77003     0.050     32455     10102
  15.75310  15.76911     0.050     32468     10106
  15.75225  15.76817     0.050     32457     10107
  15.75140  15.76728     0.050     32462     10116
  15.75055  15.76643     0.050     32462     10114
  15.74970  15.76562     0.050     32470     10123
  15.74885  15.76488     0.050     32470     10125
  15.74800  15.76417     0.050     32471     10131
  15.74715  15.76343     0.050     32475     10135
  15.74630  15.76267     0.050     32471     10137
  15.74545  15.76183     0.050     32471     10141
  15.74460  15.76089     0.050     32482     10149
  15.74375  15.75997     0.050     32482     10154
  15.74290  15.75904     0.050     32472     10157
  15.74205  15.75811     0.050     32476     10163
  15.74120  15.75723     0.050     32486     10172
  15.74035  15.75638     0.050     32493     10178
  15.73950  15.75557     0.050     32487     10182
  15.73865  15.75484     0.050     32493     10192
  15.73780  15.75413     0.050     32490     10196
  15.73695  15.75339     0.050     32491     10200
  15.73610  15.75263     0.050     32495     10208
  15.73525  15.75178     0.050     32501     10218
  15.73440  15.75085     0.050     32500     10227
  15.73355  15.74994     0.050     32494     10230
  15.73270  15.74901     0.050     32512     10235
  15.73185  15.74808     0.050     32508     10246
  15.73100  15.74720     0.050     32502     10249
  15.73015  15.74635     0.050     32508     10257
  15.72930  15.74555     0.050     32509     10265
  15.72845  15.74481     0.050     32509     10268
  15.72760  15.74410     0.050     32515     10275
  15.72675  15.74336     0.050     32529     10282
  15.72590  15.74260     0.050     32519     10287
  15.72505  15.74175     0.050     32531     10295
  15.72420  15.74082     0.050     32536     10306
  15.72335  15.73990     0.050     32538     10310
  15.72250  15.73897     0.050     32531     10317
  15.72165  15.73803     0.050     32540     10319
  15.72080  15.73715     0.050     32539     10329
  15.71995  15.73630     0.050     32540     10332
  15.71910  15.73550     0.050     32544     10336
  15.71825  15.73477     0.050     32550     10343
  15.71740  15.73405     0.050     32541     10350
  15.71655  15.73330     0.050     32541     10350
  15.71570  15.73253     0.050     32556     10362
  15.71485  15.73167     0.050     32548     10369
  15.71400  15.73073     0.050     32551     10369
  15.71315  15.72981     0.050     32549     10374
  15.71230  15.72888     0.050     32551     10376
  15.71145  15.72796     0.050     32562     10380
  15.71060  15.72709     0.050     32562     10390
  15.70975  15.72624     0.050     32564     10395
  15.70890  15.72545     0.050     32574     10398
  15.70805  15.72472     0.050     32572     10405
  15.70720  15.72401     0.050     32573     10407
  15.70635  15.72327     0.050     32570     10412
  15.70550  15.72250     0.050     32573     10412
  15.70465  15.72164     0.050     32576     10423
  15.70380  15.72071     0.050     32586     10423
  15.70295  15.71979     0.050     32583     10426
  15.70210  15.71886     0.050     32586     10436
  15.70125  15.71793     0.050     32584     10439
  15.70040  15.71706     0.050     32582     10441
  15.69955  15.71622     0.050     32592     10448
  15.69870  15.71542     0.050     32590     10450
  15.69785  15.71470     0.050     32585     10451
  15.69700  15.71399     0.050     32588     10458
  15.69615  15.71324     0.050     32594     10460
  15.69530  15.71247     0.050     32593     10467
  15.69445  15.71161     0.050     32599     10474
  15.69360  15.71068     0.050     32597     10475
  15.69275  15.70976     0.050     32607     10482
  15.69190  15.70883     0.050     32602     10488
  15.69105  15.70790     0.050     32601     10488
  15.69020  15.70703     0.050     32597     10493
  15.68935  15.70618     0.050     32611     10507
  15.68850  15.70539     0.050     32594     10504
  15.68765  15.70466     0.050     32608     10510
  15.68680  15.70394     0.050     32614     10517
  15.68595  15.70320     0.050     32612     10518
  15.68510  15.70242     0.050     32606     10524
  15.68425  15.70155     0.050     32622     10534
  15.68340  15.70062     0.050     32624     10544
  15.68255  15.69970     0.050     32618     10541
  15.68170  15.69877     0.050     32624     10555
  15.68085  15.69784     0.050     32630     10563
  15.68000  15.69698     0.050     32623     10566
  15.67915  15.69615     0.050     32627     10572
  15.67830  15.69536     0.050     32630     10578
  15.67745  15.69464     0.050     32624     10588
  15.67660  15.69392     0.050     32629     10592
  15.67575  15.69318     0.050     32646     10604
  15.67490  15.69240     0.050     32639     10612
  15.67405  15.69152     0.050     32643     10616
  15.67320  15.69059     0.050     32639     10626
  15.67235  15.68968     0.050     32647     10633
  15.67150  15.68874     0.050     32642     10636
  15.67065  15.68782     0.050     32650     10645
  15.66980  15.68695     0.050     32646     10653
  15.66895  15.68612     0.050     32646     10661
  15.66810  15.68533     0.050     32646     10671
  15.66725  15.68461     0.050     32656     10682
  15.66640  15.68389     0.050     32653     10689
  15.66555  15.68315     0.050     32655     10695
  15.66470  15.68237     0.050     32659     10706
  15.66385  15.68150     0.050     32668     10721
  15.66300  15.68056     0.050     32652     10719
  15.66215  15.67964     0.050     32667     10735
  15.66130  15.67869     0.050     32673     10741
  15.66045  15.67778     0.050     32663     10752
  15.65960  15.67691     0.050     32667     10756
  15.65875  15.67607     0.050     32674     10773
  15.65790  15.67529     0.050     32669     10778
  15.65705  15.67457     0.050     32674     10786
  15.65620  15.67385     0.050     32680     10800
  15.65535  15.67311     0.050     32681     10810
  15.65450  15.67233     0.050     32677     10815
  15.65365  15.67144     0.050     32686     10824
  15.65280  15.67051     0.050     32680     10837
  15.65195  15.66959     0.050     32680     10848
  15.65110  15.66866     0.050     32685     10856
  15.65025  15.66774     0.050     32695     10870
  15.64940  15.66688     0.050     32704     10879
  15.64855  15.66605     0.050     32694     10887
  15.64770  15.66527     0.050     32702     10899
  15.64685  15.66456     0.050     32708     10914
  15.64600  15.66384     0.050     32702     10919
  15.64515  15.66309     0.050     32696     10932
  15.64430  15.66230     0.050     32702     10945
  15.64345  15.66141     0.050     32708     10956
  15.64260  15.66047     0.050     32697     10958
  15.64175  15.65955     0.050     32701     10975
  15.64090  15.65862     0.050     32719     10984
  15.64005  15.65771     0.050     32713     10995
  15.63920  15.65684     0.050     32717     11003
  15.63835  15.65601     0.050     32722     11016
  15.63750  15.65523     0.050     32719     11024
  15.63665  15.65452     0.050     32718     11030
  15.63580  15.65379     0.050     32723     11042
  15.63495  15.65304     0.050     32725     11054
  15.63410  15.65225     0.050     32719     11058
  15.63325  15.65135     0.050     32729     11074
  15.63240  15.65041     0.050     32732     11083
  15.63155  15.64948     0.050     32733     11095
  15.63070  15.64854     0.050     32734     11095
  15.62985  15.64763     0.050     32733     11111
  15.62900  15.64677     0.050     32733     11119
  15.62815  15.64594     0.050     32724     11122
  15.62730  15.64517     0.050     32728     11130
  15.62645  15.64446     0.050     32741     11142
  15.62560  15.64374     0.050     32743     11148
  15.62475  15.64299     0.050     32741     11156
  15.62390  15.64219     0.050     32754     11170
  15.62305  15.64129     0.050     32744     11173
  15.62220  15.64036     0.050     32740     11184
  15.62135  15.63943     0.050     32751     11187
  15.62050  15.63849     0.050     32756     11201
  15.61965  15.63759     0.050     32753     11208
  15.61880  15.63673     0.050     32752     11215
  15.61795  15.63591     0.050     32754     11220
  15.61710  15.63514     0.050     32767     11232
  15.61625  15.63443     0.050     32760     11233
  15.61540  15.63370     0.050     32763     11245
  15.61455  15.63295     0.050     32765     11252
  15.61370  15.63215     0.050     32769     11259
  15.61285  15.63124     0.050     32770     11265
  15.61200  15.63030     0.050     32772     11277
  15.61115  15.62938     0.050     32767     11281
  15.61030  15.62844     0.050     32772     11290
  15.60945  15.62753     0.050     32779     11300
  15.60860  15.62668     0.050     32776     11301
  15.60775  15.62586     0.050     32775     11309
  15.60690  15.62509     0.050     32771     11315
  15.60605  15.62438     0.050     32776     11322
  15.60520  15.62365     0.050     32779     11328
  15.60435  15.62289     0.050     32775     11341
  15.60350  15.62208     0.050     32784     11348
  15.60265  15.62116     0.050     32786     11354
  15.60180  15.62022     0.050     32782     11361
  15.60095  15.61929     0.050     32792     11371
  15.60010  15.61835     0.050     32791     11375
  15.59925  15.61746     0.050     32788     11381
  15.59840  15.61661     0.050     32796     11396
  15.59755  15.61578     0.050     32796     11404
  15.59670  15.61503     0.050     32799     11408
  15.59585  15.61433     0.050     32801     11423
  15.59500  15.61359     0.050     32800     11426
  15.59415  15.61284     0.050     32806     11432
  15.59330  15.61202     0.050     32805     11444
  15.59245  15.61110     0.050     32803     11452
  15.59160  15.61016     0.050     32808     11456
  15.59075  15.60924     0.050     32809     11466
  15.58990  15.60830     0.050     32807     11478
  15.58905  15.60740     0.050     32814     11480
  15.58820  15.60655     0.050     32815     11491
  15.58735  15.60574     0.050     32819     11504
  15.58650  15.60499     0.050     32819     11513
  15.58565  15.60427     0.050     32822     11516
  15.58480  15.60354     0.050     32821     11526
  15.58395  15.60278     0.050     32823     11533
  15.58310  15.60195     0.050     32819     11542
  15.58225  15.60102     0.050     32828     11550
  15.58140  15.60009     0.050     32828     11556
  15.58055  15.59917     0.050     32829     11570
  15.57970  15.59823     0.050     32832     11578
  15.57885  15.59734     0.050     32836     11587
  15.57800  15.59649     0.050     32841     11593
  15.57715  15.59567     0.050     32837     11603
  15.57630  15.59493     0.050     32833     11611
  15.57545  15.59421     0.050     32840     11617
  15.57460  15.59346     0.050     32840     11626
  15.57375  15.59271     0.050     32845     11637
  15.57290  15.59187     0.050     32843     11641
  15.57205  15.59094     0.050     32851     11654
  15.57120  15.59001     0.050     32851     11658
  15.57035  15.58908     0.050     32853     11666
  15.56950  15.58815     0.050     32857     11679
  15.56865  15.58726     0.050     32854     11686
  15.56780  15.58642     0.050     32860     11691
  15.56695  15.58561     0.050     32854     11703
  15.56610  15.58487     0.050     32859     11711
  15.56525  15.58416     0.050     32866     11719
  15.56440  15.58343     0.050     32862     11726
  15.56355  15.58266     0.050     32867     11734
  15.56270  15.58182     0.050     32879     11744
  15.56185  15.58089     0.050     32869     11750
  15.56100  15.57996     0.050     32862     11755
  15.56015  15.57903     0.050     32872     11759
  15.55930  15.57809     0.050     32876     11777
  15.55845  15.57721     0.050     32866     11779
  15.55760  15.57636     0.050     32879     11785
  15.55675  15.57556     0.050     32887     11798
  15.55590  15.57483     0.050     32884     11800
  15.55505  15.57411     0.050     32874     11807
  15.55420  15.57337     0.050     32886     11821
  15.55335  15.57260     0.050     32889     11831
  15.55250  15.57175     0.050     32877     11827
  15.55165  15.57081     0.050     32883     11841
  15.55080  15.56988     0.050     32899     11848
  15.54995  15.56895     0.050     32896     11853
  15.54910  15.56801     0.050     32891     11857
  15.54825  15.56712     0.050     32899     11868
  15.54740  15.56628     0.050     32891     11875
  15.54655  15.56548     0.050     32894     11880
  15.54570  15.56475     0.050     32899     11887
  15.54485  15.56403     0.050     32896     11898
  15.54400  15.56328     0.050     32895     11898
  15.54315  15.56252     0.050     32902     11906
  15.54230  15.56165     0.050     32908     11914
  15.54145  15.56071     0.050     32909     11921
  15.54060  15.55979     0.050     32902     11929
  15.53975  15.55885     0.050     32921     11934
  15.53890  15.55792     0.050     32910     11939
  15.53805  15.55706     0.050     32910     11942
  15.53720  15.55622     0.050     32910     11950
  15.53635  15.55542     0.050     32928     11960
  15.53550  15.55470     0.050     32917     11964
  15.53465  15.55398     0.050     32916     11968
  15.53380  15.55324     0.050     32929     11981
  15.53295  15.55247     0.050     32931     11983
  15.53210  15.55159     0.050     32924     11987
  15.53125  15.55065     0.050     32926     11997
  15.53040  15.54972     0.050     32925     12002
  15.52955  15.54879     0.050     32933     12006
  15.52870  15.54786     0.050     32933     12013
  15.52785  15.54699     0.050     32935     12018
  15.52700  15.54616     0.050     32935     12023
  15.52615  15.54537     0.050     32931     12030
  15.52530  15.54465     0.050     32942     12037
  15.52445  15.54393     0.050     32940     12037
  15.52360  15.54319     0.050     32932     12038
  15.52275  15.54241     0.050     32952     12050
  15.52190  15.54152     0.050     32943     12053
  15.52105  15.54058     0.050     32942     12057
  15.52020  15.53965     0.050     32948     12066
  15.51935  15.53871     0.050     32956     12070
  15.51850  15.53778     0.050     32952     12075
  15.51765  15.53692     0.050     32950     12080
  15.51680  15.53608     0.050     32962     12090
  15.51595  15.53530     0.050     32965     12093
  15.51510  15.53458     0.050     32957     12098
  15.51425  15.53386     0.050     32966     12103
  15.51340  15.53311     0.050     32972     12114
  15.51255  15.53233     0.050     32964     12118
  15.51170  15.53143     0.050     32963     12119
  15.51085  15.53049     0.050     32980     12131
  15.51000  15.52957     0.050     32971     12129
  15.50915  15.52863     0.050     32970     12136
  15.50830  15.52771     0.050     32983     12142
  15.50745  15.52685     0.050     32985     12147
  15.50660  15.52602     0.050     32978     12151
  15.50575  15.52525     0.050     32978     12160
  15.50490  15.52454     0.050     32989     12166
  15.50405  15.52381     0.050     32971     12167
  15.50320  15.52306     0.050     32988     12176
  15.50235  15.52226     0.050     32992     12179
  15.50150  15.52136     0.050     32993     12187
  15.50065  15.52042     0.050     32983     12187
  15.49980  15.51950     0.050     32993     12199
  15.49895  15.51855     0.050     32995     12203
  15.49810  15.51764     0.050     32997     12205
  15.49725  15.51679     0.050     32992     12212
  15.49640  15.51596     0.050     33008     12220
  15.49555  15.51519     0.050     32996     12220
  15.49470  15.51448     0.050     33005     12226
  15.49385  15.51375     0.050     33007     12240
  15.49300  15.51299     0.050     33003     12238
  15.49215  15.51219     0.050     32999     12237
  15.49130  15.51128     0.050     33005     12251
  15.49045  15.51033     0.050     33007     12251
  15.48960  15.50940     0.050     33003     12256
  15.48875  15.50846     0.050     33008     12259
  15.48790  15.50756     0.050     33012     12269
  15.48705  15.50671     0.050     33018     12275
  15.48620  15.50589     0.050     33015     12277
  15.48535  15.50513     0.050     33020     12283
  15.48450  15.50442     0.050     33022     12292
  15.48365  15.50369     0.050     33017     12295
  15.48280  15.50294     0.050     33022     12294
  15.48195  15.50213     0.050     33027     12305
  15.48110  15.50122     0.050     33036     12312
  15.48025  15.50028     0.050     33020     12311
  15.47940  15.49936     0.050     33028     12321
  15.47855  15.49842     0.050     33035     12329
  15.47770  15.49752     0.050     33030     12328
  15.47685  15.49666     0.050     33035     12336
  15.47600  15.49584     0.050     33037     12344
  15.47515  15.49509     0.050     33035     12347
  15.47430  15.49438     0.050     33043     12346
  15.47345  15.49364     0.050     33046     12354
  15.47260  15.49289     0.050     33041     12359
  15.47175  15.49207     0.050     33048     12364
  15.47090  15.49115     0.050     33057     12373
  15.47005  15.49022     0.050     33049     12377
  15.46920  15.48929     0.050     33052     12383
  15.46835  15.48835     0.050     33061     12391
  15.46750  15.48746     0.050     33056     12388
  15.46665  15.48661     0.050     33051     12397
  15.46580  15.48579     0.050     33055     12403
  15.46495  15.48504     0.050     33057     12404
  15.46410  15.48432     0.050     33063     12416
  15.46325  15.48358     0.050     33061     12416
  15.46240  15.48282     0.050     33065     12424
  15.46155  15.48200     0.050     33061     12427
  15.46070  15.48107     0.050     33068     12434
  15.45985  15.48013     0.050     33074     12444
  15.45900  15.47920     0.050     33069     12445
  15.45815  15.47826     0.050     33068     12450
  15.45730  15.47737     0.050     33068     12455
  15.45645  15.47653     0.050     33074     12461
  15.45560  15.47572     0.050     33077     12463
  15.45475  15.47497     0.050     33076     12474
  15.45390  15.47427     0.050     33075     12476
  15.45305  15.47353     0.050     33084     12480
  15.45220  15.47277     0.050     33082     12488
  15.45135  15.47194     0.050     33078     12491
  15.45050  15.47101     0.050     33086     12498
  15.44965  15.47008     0.050     33087     12500
  15.44880  15.46915     0.050     33088     12511
  15.44795  15.46822     0.050     33085     12517
  15.44710  15.46733     0.050     33090     12523
  15.44625  15.46648     0.050     33089     12528
  15.44540  15.46567     0.050     33098     12532
  15.44455  15.46493     0.050     33099     12541
  15.44370  15.46422     0.050     33100     12544
  15.44285  15.46348     0.050     33099     12554
  15.44200  15.46273     0.050     33092     12560
  15.44115  15.46189     0.050     33101     12567
  15.44030  15.46096     0.050     33100     12576
  15.43945  15.46002     0.050     33100     12574
  15.43860  15.45909     0.050     33112     12591
  15.43775  15.45816     0.050     33106     12591
  15.43690  15.45727     0.050     33107     12597
  15.43605  15.45643     0.050     33110     12607
  15.43520  15.45562     0.050     33116     12613
  15.43435  15.45488     0.050     33112     12617
  15.43350  15.45416     0.050     33113     12624
  15.43265  15.45342     0.050     33119     12635
  15.43180  15.45266     0.050     33121     12635
  15.43095  15.45182     0.050     33118     12648
  15.43010  15.45088     0.050     33122     12652
  15.42925  15.44994     0.050     33125     12663
  15.42840  15.44902     0.050     33125     12671
  15.42755  15.44808     0.050     33121     12672
  15.42670  15.44721     0.050     33131     12683
  15.42585  15.44637     0.050     33124     12688
  15.42500  15.44557     0.050     33125     12690
  15.42415  15.44484     0.050     33132     12705
  15.42330  15.44412     0.050     33135     12715
  15.42245  15.44339     0.050     33127     12718
  15.42160  15.44262     0.050     33130     12728
  15.42075  15.44177     0.050     33138     12736
  15.41990  15.44083     0.050     33139     12744
  15.41905  15.43990     0.050     33138     12748
  15.41820  15.43897     0.050     33142     12758
  15.41735  15.43803     0.050     33143     12773
  15.41650  15.43716     0.050     33137     12767
  15.41565  15.43632     0.050     33145     12777
  15.41480  15.43552     0.050     33153     12788
  15.41395  15.43479     0.050     33152     12795
  15.41310  15.43408     0.050     33148     12802
  15.41225  15.43334     0.050     33152     12819
  15.41140  15.43257     0.050     33158     12820
  15.41055  15.43171     0.050     33150     12823
  15.40970  15.43077     0.050     33157     12834
  15.40885  15.42984     0.050     33158     12845
  15.40800  15.42890     0.050     33163     12851
  15.40715  15.42796     0.050     33164     12856
  15.40630  15.42709     0.050     33156     12868
  15.40545  15.42625     0.050     33161     12877
  15.40460  15.42546     0.050     33163     12877
  15.40375  15.42474     0.050     33165     12891
  15.40290  15.42402     0.050     33165     12902
  15.40205  15.42327     0.050     33168     12901
  15.40120  15.42250     0.050     33174     12914
  15.40035  15.42163     0.050     33176     12924
  15.39950  15.42070     0.050     33177     12935
  15.39865  15.41977     0.050     33171     12940
  15.39780  15.41884     0.050     33172     12947
  15.39695  15.41791     0.050     33174     12953
  15.39610  15.41705     0.050     33179     12964
  15.39525  15.41621     0.050     33178     12973
  15.39440  15.41542     0.050     33182     12982
  15.39355  15.41470     0.050     33184     12986
  15.39270  15.41399     0.050     33183     12993
  15.39185  15.41324     0.050     33190     13004
  15.39100  15.41247     0.050     33178     13010
  15.39015  15.41159     0.050     33181     13013
  15.38930  15.41065     0.050     33194     13025
  15.38845  15.40972     0.050     33193     13037
  15.38760  15.40879     0.050     33193     13039
  15.38675  15.40787     0.050     33196     13049
  15.38590  15.40700     0.050     33197     13059
  15.38505  15.40617     0.050     33191     13066
  15.38420  15.40538     0.050     33200     13075
  15.38335  15.40466     0.050     33200     13083
  15.38250  15.40394     0.050     33203     13086
  15.38165  15.40320     0.050     33203     13098
  15.38080  15.40242     0.050     33209     13108
  15.37995  15.40154     0.050     33205     13111
  15.37910  15.40059     0.050     33203     13122
  15.37825  15.39966     0.050     33209     13131
  15.37740  15.39872     0.050     33212     13138
  15.37655  15.39779     0.050     33212     13143
  15.37570  15.39693     0.050     33216     13149
  15.37485  15.39610     0.050     33213     13161
  15.37400  15.39532     0.050     33215     13165
  15.37315  15.39461     0.050     33217     13171
  15.37230  15.39389     0.050     33229     13186
  15.37145  15.39315     0.050     33219     13190
  15.37060  15.39236     0.050     33211     13198
  15.36975  15.39148     0.050     33229     13205
  15.36890  15.39054     0.050     33224     13216
  15.36805  15.38961     0.050     33224     13219
  15.36720  15.38867     0.050     33227     13234
  15.36635  15.38776     0.050     33229     13236
  15.36550  15.38690     0.050     33226     13244
  15.36465  15.38607     0.050     33234     13255
  15.36380  15.38530     0.050     33235     13265
  15.36295  15.38459     0.050     33236     13271
  15.36210  15.38387     0.050     33232     13279
  15.36125  15.38312     0.050     33234     13284
  15.36040  15.38233     0.050     33245     13295
  15.35955  15.38144     0.050     33237     13302
  15.35870  15.38049     0.050     33248     13312
  15.35785  15.37957     0.050     33245     13319
  15.35700  15.37863     0.050     33242     13326
  15.35615  15.37772     0.050     33247     13332
  15.35530  15.37686     0.050     33251     13344
  15.35445  15.37604     0.050     33258     13346
  15.35360  15.37527     0.050     33254     13358
  15.35275  15.37455     0.050     33255     13369
  15.35190  15.37383     0.050     33260     13379
  15.35105  15.37308     0.050     33253     13383
  15.35020  15.37228     0.050     33259     13392
  15.34935  15.37138     0.050     33267     13406
  15.34850  15.37044     0.050     33263     13410
  15.34765  15.36951     0.050     33265     13416
  15.34680  15.36857     0.050     33265     13426
  15.34595  15.36766     0.050     33263     13430
  15.34510  15.36681     0.050     33262     13440
  15.34425  15.36599     0.050     33267     13452
  15.34340  15.36522     0.050     33272     13461
  15.34255  15.36451     0.050     33268     13464
  15.34170  15.36379     0.050     33275     13474
  15.34085  15.36304     0.050     33274     13486
  15.34000  15.36225     0.050     33271     13488
  15.33915  15.36134     0.050     33280     13497
  15.33830  15.36040     0.050     33279     13508
  15.33745  15.35948     0.050     33274     13516
  15.33660  15.35854     0.050     33273     13521
  15.33575  15.35763     0.050     33286     13526
  15.33490  15.35678     0.050     33289     13541
  15.33405  15.35596     0.050     33279     13545
  15.33320  15.35519     0.050     33286     13553
  15.33235  15.35448     0.050     33291     13563
  15.33150  15.35375     0.050     33290     13571
  15.33065  15.35301     0.050     33288     13578
  15.32980  15.35221     0.050     33292     13586
  15.32895  15.35130     0.050     33297     13596
  15.32810  15.35035     0.050     33297     13599
  15.32725  15.34943     0.050     33303     13612
  15.32640  15.34849     0.050     33305     13623
  15.32555  15.34759     0.050     33301     13629
  15.32470  15.34674     0.050     33303     13634
  15.32385  15.34592     0.050     33313     13647
  15.32300  15.34515     0.050     33300     13653
  15.32215  15.34443     0.050     33296     13657
  15.32130  15.34370     0.050     33301     13667
  15.32045  15.34295     0.050     33307     13678
  15.31960  15.34215     0.050     33306     13679
  15.31875  15.34123     0.050     33304     13688
  15.31790  15.34029     0.050     33312     13699
  15.31705  15.33937     0.050     33312     13703
  15.31620  15.33843     0.050     33310     13712
  15.31535  15.33753     0.050     33318     13721
  15.31450  15.33668     0.050     33321     13732
  15.31365  15.33587     0.050     33309     13734
  15.31280  15.33511     0.050     33312     13738
  15.31195  15.33440     0.050     33322     13756
  15.31110  15.33367     0.050     33324     13760
  15.31025  15.33292     0.050     33320     13767
  15.30940  15.33211     0.050     33324     13775
  15.30855  15.33120     0.050     33326     13787
  15.30770  15.33026     0.050     33324     13794
  15.30685  15.32933     0.050     33330     13799
  15.30600  15.32839     0.050     33327     13808
  15.30515  15.32750     0.050     33324     13813
  15.30430  15.32665     0.050     33336     13826
  15.30345  15.32583     0.050     33336     13828
  15.30260  15.32508     0.050     33332     13838
  15.30175  15.32437     0.050     33339     13849
  15.30090  15.32364     0.050     33330     13851
  15.30005  15.32288     0.050     33334     13863
  15.29920  15.32207     0.050     33340     13865
  15.29835  15.32115     0.050     33339     13878
  15.29750  15.32021     0.050     33350     13883
  15.29665  15.31928     0.050     33346     13896
  15.29580  15.31834     0.050     33344     13900
  15.29495  15.31744     0.050     33347     13904
  15.29410  15.31659     0.050     33346     13916
  15.29325  15.31578     0.050     33351     13922
  15.29240  15.31503     0.050     33346     13931
  15.29155  15.31432     0.050     33356     13935
  15.29070  15.31359     0.050     33357     13947
  15.28985  15.31283     0.050     33353     13953
  15.28900  15.31201     0.050     33359     13959
  15.28815  15.31108     0.050     33359     13968
  15.28730  15.31015     0.050     33359     13976
  15.28645  15.30923     0.050     33359     13983
  15.28560  15.30829     0.050     33363     13989
  15.28475  15.30740     0.050     33364     13997
  15.28390  15.30656     0.050     33364     14007
  15.28305  15.30575     0.050     33367     14008
  15.28220  15.30501     0.050     33368     14021
  15.28135  15.30430     0.050     33372     14029
  15.28050  15.30357     0.050     33361     14035
  15.27965  15.30281     0.050     33374     14046
  15.27880  15.30199     0.050     33359     14044
  15.27795  15.30107     0.050     33334     14042
  15.27710  15.30013     0.050     33314     14035
  15.27625  15.29921     0.050     33299     14042
  15.27540  15.29827     0.050     33321     14054
  15.27455  15.29738     0.050     33347     14074
  15.27370  15.29654     0.050     33384     14095
  15.27285  15.29574     0.050     33379     14101
  15.27200  15.29500     0.050     33388     14105
  15.27115  15.29429     0.050     33388     14117
  15.27030  15.29355     0.050     33390     14124
  15.26945  15.29280     0.050     33391     14132
  15.26860  15.29197     0.050     33386     14139
  15.26775  15.29103     0.050     33398     14155
  15.26690  15.29010     0.050     33391     14156
  15.26605  15.28917     0.050     33391     14162
  15.26520  15.28823     0.050     33398     14170
  15.26435  15.28735     0.050     33391     14181
  15.26350  15.28651     0.050     33400     14184
  15.26265  15.28570     0.050     33392     14194
  15.26180  15.28496     0.050     33395     14202
  15.26095  15.28426     0.050     33397     14208
  15.26010  15.28352     0.050     33393     14217
  15.25925  15.28276     0.050     33401     14225
  15.25840  15.28194     0.050     33399     14228
  15.25755  15.28101     0.050     33403     14233
  15.25670  15.28007     0.050     33398     14243
  15.25585  15.27914     0.050     33408     14253
  15.25500  15.27821     0.050     33404     14258
  15.25415  15.27733     0.050     33403     14266
  15.25330  15.27649     0.050     33409     14275
  15.25245  15.27568     0.050     33418     14282
  15.25160  15.27495     0.050     33408     14287
  15.25075  15.27424     0.050     33414     14300
  15.24990  15.27351     0.050     33413     14307
  15.24905  15.27275     0.050     33412     14310
  15.24820  15.27192     0.050     33427     14324
  15.24735  15.27098     0.050     33421     14329
  15.24650  15.27005     0.050     33417     14333
  15.24565  15.26912     0.050     33420     14341
  15.24480  15.26819     0.050     33425     14355
  15.24395  15.26731     0.050     33429     14363
  15.24310  15.26647     0.050     33430     14369
  15.24225  15.26566     0.050     33431     14376
  15.24140  15.26493     0.050     33427     14377
  15.24055  15.26422     0.050     33427     14391
  15.23970  15.26348     0.050     33438     14395
  15.23885  15.26272     0.050     33429     14409
  15.23800  15.26188     0.050     33437     14408
  15.23715  15.26094     0.050     33437     14420
  15.23630  15.26001     0.050     33434     14426
  15.23545  15.25909     0.050     33426     14436
  15.23460  15.25816     0.050     33420     14435
  15.23375  15.25728     0.050     33395     14432
  15.23290  15.25644     0.050     33367     14425
  15.23205  15.25564     0.050     33353     14427
  15.23120  15.25491     0.050     33367     14446
  15.23035  15.25421     0.050     33402     14464
  15.22950  15.25348     0.050     33405     14471
  15.22865  15.25272     0.050     33409     14481
  15.22780  15.25188     0.050     33409     14485
  15.22695  15.25095     0.050     33381     14481
  15.22610  15.25002     0.050     33350     14474
  15.22525  15.24909     0.050     33197     14420
  15.22440  15.24816     0.050     32971     14321
  15.22355  15.24729     0.050     32843     14273
  15.22270  15.24645     0.050     32922     14316
  15.22185  15.24565     0.050     33170     14427
  15.22100  15.24492     0.050     33388     14530
  15.22015  15.24421     0.050     33470     14576
  15.21930  15.24348     0.050     33477     14584
  15.21845  15.24271     0.050     33470     14586
  15.21760  15.24188     0.050     33461     14596
  15.21675  15.24095     0.050     33454     14593
  15.21590  15.24001     0.050     33440     14603
  15.21505  15.23908     0.050     33395     14585
  15.21420  15.23815     0.050     33215     14512
  15.21335  15.23727     0.050     32987     14419
  15.21250  15.23643     0.050     32864     14373
  15.21165  15.23563     0.050     32936     14414
  15.21080  15.23490     0.050     33200     14534
  15.20995  15.23418     0.050     33427     14641
  15.20910  15.23344     0.050     33496     14676
  15.20825  15.23267     0.050     33495     14680
  15.20740  15.23183     0.050     33496     14689
  15.20655  15.23089     0.050     33487     14692
  15.20570  15.22995     0.050     33481     14705
  15.20485  15.22903     0.050     33483     14709
  15.20400  15.22809     0.050     33477     14712
  15.20315  15.22722     0.050     33470     14714
  15.20230  15.22639     0.050     33468     14722
  15.20145  15.22559     0.050     33441     14715
  15.20060  15.22486     0.050     33332     14671
  15.19975  15.22415     0.050     33101     14580
  15.19890  15.22341     0.050     32949     14515
  15.19805  15.22265     0.050     32965     14532
  15.19720  15.22180     0.050     33181     14636
  15.19635  15.22086     0.050     33426     14749
  15.19550  15.21993     0.050     33510     14795
  15.19465  15.21900     0.050     33514     14803
  15.19380  15.21806     0.050     33518     14807
  15.19295  15.21719     0.050     33506     14813
  15.19210  15.21636     0.050     33497     14810
  15.19125  15.21556     0.050     33486     14816
  15.19040  15.21483     0.050     33462     14814
  15.18955  15.21412     0.050     33369     14774
  15.18870  15.21338     0.050     33140     14678
  15.18785  15.21261     0.050     32945     14598
  15.18700  15.21176     0.050     32901     14589
  15.18615  15.21082     0.050     33082     14679
  15.18530  15.20988     0.050     33367     14810
  15.18445  15.20895     0.050     33536     14892
  15.18360  15.20802     0.050     33562     14910
  15.18275  15.20714     0.050     33560     14914
  15.18190  15.20630     0.050     33562     14919
  15.18105  15.20551     0.050     33561     14924
  15.18020  15.20478     0.050     33563     14932
  15.17935  15.20406     0.050     33553     14935
  15.17850  15.20332     0.050     33536     14937
  15.17765  15.20255     0.050     33508     14929
  15.17680  15.20168     0.050     33482     14923
  15.17595  15.20074     0.050     33483     14929
  15.17510  15.19981     0.050     33509     14952
  15.17425  15.19887     0.050     33534     14968
  15.17340  15.19794     0.050     33549     14984
  15.17255  15.19708     0.050     33550     14992
  15.17170  15.19624     0.050     33553     14997
  15.17085  15.19545     0.050     33561     15008
  15.17000  15.19474     0.050     33559     15010
  15.16915  15.19402     0.050     33548     15020
  15.16830  15.19327     0.050     33566     15029
  15.16745  15.19250     0.050     33562     15032
  15.16660  15.19162     0.050     33557     15037
  15.16575  15.19067     0.050     33561     15043
  15.16490  15.18973     0.050     33562     15053
  15.16405  15.18879     0.050     33559     15059
  15.16320  15.18787     0.050     33561     15064
  15.16235  15.18701     0.050     33567     15074
  15.16150  15.18617     0.050     33565     15085
  15.16065  15.18539     0.050     33569     15086
  15.15980  15.18467     0.050     33565     15095
  15.15895  15.18395     0.050     33571     15100
  15.15810  15.18320     0.050     33576     15109
  15.15725  15.18242     0.050     33571     15120
  15.15640  15.18153     0.050     33572     15132
  15.15555  15.18057     0.050     33574     15131
  15.15470  15.17964     0.050     33575     15143
  15.15385  15.17869     0.050     33583     15150
  15.15300  15.17776     0.050     33584     15155
  15.15215  15.17690     0.050     33580     15164
  15.15130  15.17607     0.050     33583     15169
  15.15045  15.17530     0.050     33586     15176
  15.14960  15.17458     0.050     33583     15185
  15.14875  15.17386     0.050     33591     15192
  15.14790  15.17311     0.050     33588     15200
  15.14705  15.17232     0.050     33587     15203
  15.14620  15.17141     0.050     33588     15210
  15.14535  15.17047     0.050     33595     15220
  15.14450  15.16954     0.050     33591     15226
  15.14365  15.16859     0.050     33600     15235
  15.14280  15.16768     0.050     33593     15238
  15.14195  15.16683     0.050     33599     15243
  15.14110  15.16600     0.050     33603     15252
  15.14025  15.16524     0.050     33602     15265
  15.13940  15.16453     0.050     33600     15268
  15.13855  15.16380     0.050     33597     15274
  15.13770  15.16304     0.050     33599     15283
  15.13685  15.16224     0.050     33607     15291
  15.13600  15.16133     0.050     33604     15296
  15.13515  15.16038     0.050     33589     15295
  15.13430  15.15945     0.050     33577     15295
  15.13345  15.15851     0.050     33542     15285
  15.13260  15.15760     0.050     33523     15284
  15.13175  15.15675     0.050     33533     15297
  15.13090  15.15592     0.050     33579     15323
  15.13005  15.15517     0.050     33599     15343
  15.12920  15.15445     0.050     33603     15348
  15.12835  15.15372     0.050     33612     15361
  15.12750  15.15296     0.050     33616     15367
  15.12665  15.15215     0.050     33615     15374
  15.12580  15.15122     0.050     33623     15379
  15.12495  15.15027     0.050     33621     15392
  15.12410  15.14934     0.050     33621     15394
  15.12325  15.14839     0.050     33622     15401
  15.12240  15.14749     0.050     33620     15412
  15.12155  15.14665     0.050     33626     15424
  15.12070  15.14583     0.050     33620     15427
  15.11985  15.14508     0.050     33627     15435
  15.11900  15.14437     0.050     33625     15438
  15.11815  15.14363     0.050     33629     15451
  15.11730  15.14288     0.050     33634     15458
  15.11645  15.14206     0.050     33631     15463
  15.11560  15.14113     0.050     33631     15472
  15.11475  15.14018     0.050     33630     15477
  15.11390  15.13926     0.050     33632     15484
  15.11305  15.13832     0.050     33636     15500
  15.11220  15.13743     0.050     33643     15504
  15.11135  15.13658     0.050     33636     15500
  15.11050  15.13577     0.050     33630     15516
  15.10965  15.13503     0.050     33636     15517
  15.10880  15.13432     0.050     33633     15529
  15.10795  15.13358     0.050     33639     15540
  15.10710  15.13282     0.050     33642     15545
  15.10625  15.13199     0.050     33644     15551
  15.10540  15.13106     0.050     33647     15559
  15.10455  15.13012     0.050     33643     15566
  15.10370  15.12919     0.050     33646     15569
  15.10285  15.12825     0.050     33644     15577
  15.10200  15.12737     0.050     33645     15587
  15.10115  15.12653     0.050     33652     15597
  15.10030  15.12572     0.050     33653     15600
  15.09945  15.12498     0.050     33650     15612
  15.09860  15.12426     0.050     33658     15617
  15.09775  15.12352     0.050     33656     15627
  15.09690  15.12276     0.050     33657     15639
  15.09605  15.12192     0.050     33660     15642
  15.09520  15.12098     0.050     33659     15650
  15.09435  15.12004     0.050     33660     15656
  15.09350  15.11911     0.050     33655     15666
  15.09265  15.11817     0.050     33661     15669
  15.09180  15.11729     0.050     33663     15678
  15.09095  15.11646     0.050     33662     15690
  15.09010  15.11565     0.050     33660     15694
  15.08925  15.11492     0.050     33664     15702
  15.08840  15.11421     0.050     33671     15716
  15.08755  15.11348     0.050     33668     15722
  15.08670  15.11271     0.050     33662     15728
  15.08585  15.11187     0.050     33670     15733
  15.08500  15.11093     0.050     33671     15747
  15.08415  15.10999     0.050     33668     15750
  15.08330  15.10906     0.050     33680     15761
  15.08245  15.10813     0.050     33671     15767
  15.08160  15.10725     0.050     33671     15777
  15.08075  15.10641     0.050     33681     15783
  15.07990  15.10562     0.050     33680     15794
  15.07905  15.10489     0.050     33675     15799
  15.07820  15.10417     0.050     33681     15803
  15.07735  15.10343     0.050     33677     15814
  15.07650  15.10267     0.050     33669     15817
  15.07565  15.10182     0.050     33679     15827
  15.07480  15.10087     0.050     33680     15835
  15.07395  15.09994     0.050     33676     15847
  15.07310  15.09901     0.050     33667     15851
  15.07225  15.09808     0.050     33665     15862
  15.07140  15.09721     0.050     33667     15859
  15.07055  15.09637     0.050     33663     15870
  15.06970  15.09557     0.050     33662     15877
  15.06885  15.09484     0.050     33659     15881
  15.06800  15.09412     0.050     33661     15895
  15.06715  15.09338     0.050     33655     15901
  15.06630  15.09261     0.050     33669     15905
  15.06545  15.09176     0.050     33669     15918
  15.06460  15.09081     0.050     33662     15923
  15.06375  15.08989     0.050     33669     15933
  15.06290  15.08896     0.050     33660     15940
  15.06205  15.08803     0.050     33666     15953
  15.06120  15.08717     0.050     33675     15961
  15.06035  15.08633     0.050     33678     15972
  15.05950  15.08554     0.050     33672     15977
  15.05865  15.08482     0.050     33675     15987
  15.05780  15.08411     0.050     33678     15998
  15.05695  15.08337     0.050     33675     16000
  15.05610  15.08260     0.050     33676     16006
  15.05525  15.08175     0.050     33677     16018
  15.05440  15.08081     0.050     33680     16029
  15.05355  15.07988     0.050     33678     16036
  15.05270  15.07894     0.050     33680     16044
  15.05185  15.07801     0.050     33685     16054
  15.05100  15.07715     0.050     33683     16060
  15.05015  15.07632     0.050     33685     16067
  15.04930  15.07552     0.050     33687     16077
  15.04845  15.07480     0.050     33696     16094
  15.04760  15.07409     0.050     33686     16098
  15.04675  15.07335     0.050     33686     16107
  15.04590  15.07258     0.050     33695     16113
  15.04505  15.07172     0.050     33695     16124
  15.04420  15.07078     0.050     33704     16131
  15.04335  15.06985     0.050     33710     16143
  15.04250  15.06891     0.050     33696     16150
  15.04165  15.06797     0.050     33695     16158
  15.04080  15.06711     0.050     33704     16169
  15.03995  15.06628     0.050     33703     16176
  15.03910  15.06549     0.050     33694     16179
  15.03825  15.06477     0.050     33698     16193
  15.03740  15.06405     0.050     33708     16199
  15.03655  15.06331     0.050     33701     16210
  15.03570  15.06254     0.050     33699     16214
  15.03485  15.06167     0.050     33706     16227
  15.03400  15.06072     0.050     33709     16236
  15.03315  15.05980     0.050     33711     16246
  15.03230  15.05886     0.050     33710     16253
  15.03145  15.05794     0.050     33717     16258
  15.03060  15.05708     0.050     33714     16271
  15.02975  15.05625     0.050     33714     16274
  15.02890  15.05547     0.050     33719     16290
  15.02805  15.05475     0.050     33711     16294
  15.02720  15.05404     0.050     33712     16304
  15.02635  15.05330     0.050     33722     16314
  15.02550  15.05253     0.050     33723     16323
  15.02465  15.05166     0.050     33723     16329
  15.02380  15.05072     0.050     33723     16341
  15.02295  15.04979     0.050     33722     16347
  15.02210  15.04886     0.050     33723     16357
  15.02125  15.04794     0.050     33722     16367
  15.02040  15.04708     0.050     33730     16374
  15.01955  15.04625     0.050     33726     16382
  15.01870  15.04546     0.050     33722     16388
  15.01785  15.04475     0.050     33727     16400
  15.01700  15.04404     0.050     33728     16412
  15.01615  15.04330     0.050     33734     16414
  15.01530  15.04252     0.050     33729     16427
  15.01445  15.04165     0.050     33741     16433
  15.01360  15.04070     0.050     33733     16446
  15.01275  15.03977     0.050     33742     16451
  15.01190  15.03883     0.050     33740     16464
  15.01105  15.03791     0.050     33741     16473
  15.01020  15.03705     0.050     33742     16481
  15.00935  15.03622     0.050     33748     16488
  15.00850  15.03544     0.050     33745     16499
  15.00765  15.03473     0.050     33747     16504
  15.00680  15.03402     0.050     33744     16515
  15.00595  15.03328     0.050     33745     16522
  15.00510  15.03250     0.050     33740     16531
  15.00425  15.03164     0.050     33746     16540
  15.00340  15.03070     0.050     33750     16551
  15.00255  15.02977     0.050     33755     16559
  15.00170  15.02883     0.050     33741     16563
  15.00085  15.02792     0.050     33741     16573
  15.00000  15.02706     0.050     33749     16585
  14.99915  15.02623     0.050     33749     16592
  14.99830  15.02545     0.050     33752     16599
  14.99745  15.02473     0.050     33748     16611
  14.99660  15.02402     0.050     33749     16618
  14.99575  15.02327     0.050     33752     16626
  14.99490  15.02250     0.050     33757     16629
  14.99405  15.02163     0.050     33753     16637
  14.99320  15.02068     0.050     33753     16645
  14.99235  15.01976     0.050     33754     16651
  14.99150  15.01883     0.050     33760     16663
  14.99065  15.01790     0.050     33761     16667
  14.98980  15.01705     0.050     33759     16680
  14.98895  15.01622     0.050     33764     16683
  14.98810  15.01544     0.050     33766     16692
  14.98725  15.01472     0.050     33761     16704
  14.98640  15.01400     0.050     33760     16710
  14.98555  15.01326     0.050     33762     16721
  14.98470  15.01248     0.050     33768     16731
  14.98385  15.01160     0.050     33774     16740
  14.98300  15.01066     0.050     33771     16745
  14.98215  15.00973     0.050     33769     16760
  14.98130  15.00880     0.050     33762     16765
  14.98045  15.00788     0.050     33770     16779
  14.97960  15.00702     0.050     33770     16783
  14.97875  15.00620     0.050     33768     16792
  14.97790  15.00542     0.050     33772     16801
  14.97705  15.00471     0.050     33774     16809
  14.97620  15.00400     0.050     33778     16817
  14.97535  15.00326     0.050     33779     16824
  14.97450  15.00248     0.050     33783     16837
  14.97365  15.00161     0.050     33780     16842
  14.97280  15.00067     0.050     33784     16854
  14.97195  14.99974     0.050     33782     16864
  14.97110  14.99881     0.050     33782     16869
  14.97025  14.99789     0.050     33780     16878
  14.96940  14.99704     0.050     33780     16887
  14.96855  14.99621     0.050     33781     16896
  14.96770  14.99543     0.050     33787     16902
  14.96685  14.99471     0.050     33785     16913
  14.96600  14.99400     0.050     33793     16923
  14.96515  14.99326     0.050     33786     16924
  14.96430  14.99249     0.050     33794     16940
  14.96345  14.99161     0.050     33792     16945
  14.96260  14.99067     0.050     33783     16950
  14.96175  14.98974     0.050     33796     16960
  14.96090  14.98881     0.050     33793     16965
  14.96005  14.98789     0.050     33788     16976
  14.95920  14.98703     0.050     33791     16986
  14.95835  14.98620     0.050     33800     17004
  14.95750  14.98542     0.050     33795     17003
  14.95665  14.98470     0.050     33799     17017
  14.95580  14.98398     0.050     33796     17021
  14.95495  14.98324     0.050     33798     17031
  14.95410  14.98246     0.050     33801     17038
  14.95325  14.98158     0.050     33804     17048
  14.95240  14.98063     0.050     33805     17056
  14.95155  14.97971     0.050     33805     17064
  14.95070  14.97878     0.050     33804     17072
  14.94985  14.97786     0.050     33813     17081
  14.94900  14.97700     0.050     33810     17096
  14.94815  14.97618     0.050     33804     17094
  14.94730  14.97540     0.050     33808     17109
  14.94645  14.97469     0.050     33804     17114
  14.94560  14.97398     0.050     33810     17121
  14.94475  14.97324     0.050     33813     17132
  14.94390  14.97246     0.050     33815     17137
  14.94305  14.97158     0.050     33813     17152
  14.94220  14.97063     0.050     33816     17158
  14.94135  14.96971     0.050     33821     17163
  14.94050  14.96878     0.050     33818     17173
  14.93965  14.96786     0.050     33821     17182
  14.93880  14.96700     0.050     33823     17191
  14.93795  14.96618     0.050     33827     17197
  14.93710  14.96540     0.050     33822     17207
  14.93625  14.96469     0.050     33820     17213
  14.93540  14.96397     0.050     33819     17219
  14.93455  14.96323     0.050     33822     17228
  14.93370  14.96246     0.050     33830     17236
  14.93285  14.96158     0.050     33820     17244
  14.93200  14.96063     0.050     33823     17257
  14.93115  14.95971     0.050     33823     17265
  14.93030  14.95877     0.050     33832     17272
  14.92945  14.95785     0.050     33831     17282
  14.92860  14.95699     0.050     33831     17286
  14.92775  14.95617     0.050     33842     17296
  14.92690  14.95538     0.050     33831     17304
  14.92605  14.95467     0.050     33836     17315
  14.92520  14.95396     0.050     33831     17319
  14.92435  14.95321     0.050     33838     17328
  14.92350  14.95243     0.050     33841     17338
  14.92265  14.95155     0.050     33842     17341
  14.92180  14.95061     0.050     33839     17353
  14.92095  14.94968     0.050     33835     17361
  14.92010  14.94874     0.050     33847     17371
  14.91925  14.94783     0.050     33845     17378
  14.91840  14.94698     0.050     33841     17380
  14.91755  14.94615     0.050     33846     17393
  14.91670  14.94537     0.050     33844     17400
  14.91585  14.94466     0.050     33845     17408
  14.91500  14.94395     0.050     33848     17423
  14.91415  14.94320     0.050     33844     17422
  14.91330  14.94243     0.050     33847     17435
  14.91245  14.94154     0.050     33855     17440
  14.91160  14.94060     0.050     33845     17460
  14.91075  14.93967     0.050     33855     17459
  14.90990  14.93873     0.050     33860     17474
  14.90905  14.93782     0.050     33847     17480
  14.90820  14.93697     0.050     33849     17483
  14.90735  14.93614     0.050     33856     17493
  14.90650  14.93536     0.050     33856     17505
  14.90565  14.93465     0.050     33853     17511
  14.90480  14.93394     0.050     33853     17524
  14.90395  14.93319     0.050     33862     17524
  14.90310  14.93241     0.050     33857     17531
  14.90225  14.93152     0.050     33856     17542
  14.90140  14.93057     0.050     33867     17551
  14.90055  14.92964     0.050     33864     17560
  14.89970  14.92870     0.050     33862     17563
  14.89885  14.92779     0.050     33861     17575
  14.89800  14.92693     0.050     33867     17580
  14.89715  14.92611     0.050     33858     17591
  14.89630  14.92534     0.050     33861     17602
  14.89545  14.92462     0.050     33873     17609
  14.89460  14.92391     0.050     33869     17620
  14.89375  14.92317     0.050     33866     17623
  14.89290  14.92239     0.050     33873     17636
  14.89205  14.92150     0.050     33873     17641
  14.89120  14.92055     0.050     33877     17650
  14.89035  14.91962     0.050     33871     17661
  14.88950  14.91869     0.050     33871     17661
  14.88865  14.91778     0.050     33877     17671
  14.88780  14.91693     0.050     33875     17677
  14.88695  14.91611     0.050     33875     17693
  14.88610  14.91533     0.050     33869     17700
  14.88525  14.91462     0.050     33874     17707
  14.88440  14.91391     0.050     33876     17718
  14.88355  14.91316     0.050     33879     17726
  14.88270  14.91238     0.050     33880     17737
  14.88185  14.91149     0.050     33878     17741
  14.88100  14.91054     0.050     33874     17747
  14.88015  14.90962     0.050     33877     17760
  14.87930  14.90867     0.050     33890     17762
  14.87845  14.90776     0.050     33878     17772
  14.87760  14.90691     0.050     33890     17783
  14.87675  14.90609     0.050     33887     17784
  14.87590  14.90532     0.050     33890     17799
  14.87505  14.90461     0.050     33886     17807
  14.87420  14.90389     0.050     33889     17815
  14.87335  14.90314     0.050     33892     17827
  14.87250  14.90235     0.050     33894     17830
  14.87165  14.90145     0.050     33893     17836
  14.87080  14.90049     0.050     33887     17849
  14.86995  14.89957     0.050     33891     17854
  14.86910  14.89863     0.050     33893     17867
  14.86825  14.89772     0.050     33886     17873
  14.86740  14.89687     0.050     33897     17880
  14.86655  14.89605     0.050     33898     17893
  14.86570  14.89528     0.050     33900     17900
  14.86485  14.89458     0.050     33897     17912
  14.86400  14.89386     0.050     33907     17911
  14.86315  14.89311     0.050     33901     17918
  14.86230  14.89232     0.050     33894     17935
  14.86145  14.89142     0.050     33902     17942
  14.86060  14.89047     0.050     33899     17945
  14.85975  14.88955     0.050     33898     17958
  14.85890  14.88862     0.050     33905     17963
  14.85805  14.88771     0.050     33905     17972
  14.85720  14.88686     0.050     33904     17989
  14.85635  14.88604     0.050     33907     17988
  14.85550  14.88528     0.050     33903     17996
  14.85465  14.88457     0.050     33904     18004
  14.85380  14.88385     0.050     33908     18013
  14.85295  14.88310     0.050     33906     18024
  14.85210  14.88231     0.050     33912     18031
  14.85125  14.88140     0.050     33915     18037
  14.85040  14.88046     0.050     33922     18052
  14.84955  14.87953     0.050     33910     18055
  14.84870  14.87860     0.050     33912     18064
  14.84785  14.87769     0.050     33917     18078
  14.84700  14.87684     0.050     33919     18083
  14.84615  14.87602     0.050     33920     18092
  14.84530  14.87525     0.050     33914     18100
  14.84445  14.87454     0.050     33924     18113
  14.84360  14.87381     0.050     33924     18120
  14.84275  14.87306     0.050     33920     18129
  14.84190  14.87227     0.050     33926     18133
  14.84105  14.87136     0.050     33923     18145
  14.84020  14.87041     0.050     33918     18152
  14.83935  14.86948     0.050     33922     18160
  14.83850  14.86855     0.050     33926     18164
  14.83765  14.86764     0.050     33919     18175
  14.83680  14.86680     0.050     33926     18183
  14.83595  14.86598     0.050     33924     18191
  14.83510  14.86522     0.050     33922     18202
  14.83425  14.86451     0.050     33927     18206
  14.83340  14.86379     0.050     33932     18220
  14.83255  14.86304     0.050     33919     18221
  14.83170  14.86225     0.050     33925     18228
  14.83085  14.86134     0.050     33930     18238
  14.83000  14.86038     0.050     33929     18251
  14.82915  14.85946     0.050     33931     18260
  14.82830  14.85853     0.050     33930     18265
  14.82745  14.85762     0.050     33938     18278
  14.82660  14.85677     0.050     33933     18283
  14.82575  14.85595     0.050     33938     18294
  14.82490  14.85520     0.050     33933     18303
  14.82405  14.85449     0.050     33935     18313
  14.82320  14.85376     0.050     33934     18320
  14.82235  14.85301     0.050     33938     18326
  14.82150  14.85221     0.050     33936     18333
  14.82065  14.85130     0.050     33935     18348
  14.81980  14.85035     0.050     33939     18351
  14.81895  14.84942     0.050     33933     18361
  14.81810  14.84848     0.050     33933     18367
  14.81725  14.84758     0.050     33931     18379
  14.81640  14.84673     0.050     33943     18384
  14.81555  14.84591     0.050     33939     18393
  14.81470  14.84515     0.050     33942     18406
  14.81385  14.84444     0.050     33942     18407
  14.81300  14.84371     0.050     33946     18421
  14.81215  14.84296     0.050     33945     18432
  14.81130  14.84215     0.050     33938     18442
  14.81045  14.84123     0.050     33953     18442
  14.80960  14.84028     0.050     33944     18452
  14.80875  14.83936     0.050     33948     18461
  14.80790  14.83842     0.050     33952     18473
  14.80705  14.83752     0.050     33950     18478
  14.80620  14.83668     0.050     33953     18488
  14.80535  14.83587     0.050     33952     18497
  14.80450  14.83512     0.050     33952     18508
  14.80365  14.83441     0.050     33963     18516
  14.80280  14.83368     0.050     33957     18527
  14.80195  14.83293     0.050     33958     18530
  14.80110  14.83212     0.050     33959     18539
  14.80025  14.83120     0.050     33957     18550
  14.79940  14.83025     0.050     33954     18553
  14.79855  14.82933     0.050     33958     18566
  14.79770  14.82839     0.050     33962     18573
  14.79685  14.82749     0.050     33963     18583
  14.79600  14.82665     0.050     33964     18590
  14.79515  14.82584     0.050     33965     18601
  14.79430  14.82509     0.050     33965     18611
  14.79345  14.82438     0.050     33970     18616
  14.79260  14.82365     0.050     33961     18626
  14.79175  14.82289     0.050     33965     18635
  14.79090  14.82207     0.050     33971     18641
  14.79005  14.82115     0.050     33968     18645
  14.78920  14.82020     0.050     33971     18660
  14.78835  14.81926     0.050     33971     18668
  14.78750  14.81832     0.050     33966     18675
  14.78665  14.81743     0.050     33972     18683
  14.78580  14.81658     0.050     33972     18687
  14.78495  14.81577     0.050     33975     18700
  14.78410  14.81503     0.050     33977     18707
  14.78325  14.81432     0.050     33971     18719
  14.78240  14.81359     0.050     33975     18721
  14.78155  14.81283     0.050     33969     18730
  14.78070  14.81201     0.050     33971     18745
  14.77985  14.81107     0.050     33971     18747
  14.77900  14.81013     0.050     33975     18753
  14.77815  14.80920     0.050     33974     18769
  14.77730  14.80826     0.050     33974     18773
  14.77645  14.80738     0.050     33980     18783
  14.77560  14.80654     0.050     33981     18790
  14.77475  14.80573     0.050     33977     18793
  14.77390  14.80500     0.050     33982     18810
  14.77305  14.80429     0.050     33977     18817
  14.77220  14.80355     0.050     33982     18829
  14.77135  14.80279     0.050     33982     18836
  14.77050  14.80196     0.050     33982     18841
  14.76965  14.80103     0.050     33982     18856
  14.76880  14.80008     0.050     33978     18860
  14.76795  14.79915     0.050     33982     18869
  14.76710  14.79822     0.050     33982     18882
  14.76625  14.79734     0.050     33985     18883
  14.76540  14.79650     0.050     33990     18896
  14.76455  14.79569     0.050     33980     18904
  14.76370  14.79495     0.050     33985     18913
  14.76285  14.79425     0.050     33984     18920
  14.76200  14.79351     0.050     33984     18928
  14.76115  14.79274     0.050     33979     18935
  14.76030  14.79190     0.050     33985     18946
  14.75945  14.79096     0.050     33983     18958
  14.75860  14.79001     0.050     33982     18964
  14.75775  14.78908     0.050     33987     18973
  14.75690  14.78814     0.050     33989     18979
  14.75605  14.78726     0.050     33987     18987
  14.75520  14.78643     0.050     33994     19000
  14.75435  14.78563     0.050     33994     19004
  14.75350  14.78489     0.050     33989     19014
  14.75265  14.78419     0.050     33991     19018
  14.75180  14.78345     0.050     33981     19028
  14.75095  14.78268     0.050     33991     19038
  14.75010  14.78183     0.050     33991     19050
  14.74925  14.78089     0.050     33998     19060
  14.74840  14.77995     0.050     33997     19066
  14.74755  14.77902     0.050     33993     19072
  14.74670  14.77809     0.050     33995     19080
  14.74585  14.77721     0.050     33995     19085
  14.74500  14.77638     0.050     33998     19098
  14.74415  14.77558     0.050     33996     19109
  14.74330  14.77485     0.050     33999     19122
  14.74245  14.77414     0.050     34003     19123
  14.74160  14.77340     0.050     33997     19131
  14.74075  14.77263     0.050     34003     19141
  14.73990  14.77177     0.050     33999     19145
  14.73905  14.77082     0.050     34001     19161
  14.73820  14.76989     0.050     34004     19167
  14.73735  14.76895     0.050     34009     19174
  14.73650  14.76802     0.050     34006     19185
  14.73565  14.76715     0.050     34006     19185
  14.73480  14.76632     0.050     34005     19206
  14.73395  14.76552     0.050     34006     19210
  14.73310  14.76479     0.050     34015     19219
  14.73225  14.76408     0.050     34002     19229
  14.73140  14.76333     0.050     34008     19241
  14.73055  14.76255     0.050     34010     19249
  14.72970  14.76168     0.050     34007     19255
  14.72885  14.76073     0.050     34014     19259
  14.72800  14.75979     0.050     34014     19268
  14.72715  14.75886     0.050     34002     19282
  14.72630  14.75793     0.050     34014     19286
  14.72545  14.75707     0.050     34005     19298
  14.72460  14.75624     0.050     34006     19297
  14.72375  14.75545     0.050     34000     19312
  14.72290  14.75474     0.050     34003     19312
  14.72205  14.75402     0.050     34002     19329
  14.72120  14.75328     0.050     34000     19332
  14.72035  14.75250     0.050     33999     19340
  14.71950  14.75162     0.050     34009     19350
  14.71865  14.75067     0.050     34009     19357
  14.71780  14.74974     0.050     34011     19369
  14.71695  14.74880     0.050     34008     19382
  14.71610  14.74788     0.050     34008     19383
  14.71525  14.74702     0.050     34007     19395
  14.71440  14.74619     0.050     34010     19401
  14.71355  14.74541     0.050     34009     19412
  14.71270  14.74469     0.050     34007     19420
  14.71185  14.74397     0.050     34006     19430
  14.71100  14.74323     0.050     34011     19439
  14.71015  14.74244     0.050     34007     19441
  14.70930  14.74156     0.050     34008     19449
  14.70845  14.74060     0.050     34006     19464
  14.70760  14.73967     0.050     34005     19468
  14.70675  14.73873     0.050     34004     19475
  14.70590  14.73781     0.050     34004     19485
  14.70505  14.73695     0.050     33997     19495
  14.70420  14.73612     0.050     34003     19499
  14.70335  14.73534     0.050     33992     19508
  14.70250  14.73462     0.050     33995     19517
  14.70165  14.73390     0.050     33999     19529
  14.70080  14.73315     0.050     33989     19530
  14.69995  14.73236     0.050     33988     19538
  14.69910  14.73146     0.050     33990     19548
  14.69825  14.73051     0.050     33988     19553
  14.69740  14.72958     0.050     33982     19560
  14.69655  14.72863     0.050     33975     19562
  14.69570  14.72772     0.050     33968     19572
  14.69485  14.72687     0.050     33955     19567
  14.69400  14.72604     0.050     33940     19569
  14.69315  14.72527     0.050     33911     19562
  14.69230  14.72456     0.050     33873     19549
  14.69145  14.72384     0.050     33740     19479
  14.69060  14.72309     0.050     33333     19253
  14.68975  14.72229     0.050     32897     19009
  14.68890  14.72139     0.050     32709     18912
  14.68805  14.72044     0.050     32985     19078
  14.68720  14.71951     0.050     33487     19380
  14.68635  14.71856     0.050     33838     19588
  14.68550  14.71765     0.050     33917     19645
  14.68465  14.71681     0.050     33831     19598
  14.68380  14.71598     0.050     33483     19406
  14.68295  14.71522     0.050     33034     19153
  14.68210  14.71451     0.050     32798     19025
  14.68125  14.71378     0.050     32955     19129
  14.68040  14.71303     0.050     33450     19426
  14.67955  14.71223     0.050     33834     19661
  14.67870  14.71131     0.050     33987     19758
  14.67785  14.71036     0.050     33997     19771
  14.67700  14.70943     0.050     33981     19760
  14.67615  14.70848     0.050     33915     19737
  14.67530  14.70758     0.050     33707     19625
  14.67445  14.70673     0.050     33253     19367
  14.67360  14.70590     0.050     32888     19163
  14.67275  14.70514     0.050     32847     19151
  14.67190  14.70443     0.050     33240     19390
  14.67105  14.70370     0.050     33697     19663
  14.67020  14.70295     0.050     33945     19817
  14.66935  14.70214     0.050     33965     19838
  14.66850  14.70121     0.050     33872     19795
  14.66765  14.70026     0.050     33514     19594
  14.66680  14.69933     0.050     33055     19333
  14.66595  14.69839     0.050     32823     19203
  14.66510  14.69750     0.050     33016     19328
  14.66425  14.69665     0.050     33533     19638
  14.66340  14.69584     0.050     33925     19881
  14.66255  14.69508     0.050     34097     19986
  14.66170  14.69438     0.050     34119     20010
  14.66085  14.69365     0.050     34133     20025
  14.66000  14.69289     0.050     34123     20029
  14.65915  14.69206     0.050     34130     20035
  14.65830  14.69113     0.050     34121     20042
  14.65745  14.69018     0.050     34132     20056
  14.65660  14.68925     0.050     34132     20068
  14.65575  14.68831     0.050     34130     20080
  14.65490  14.68742     0.050     34127     20085
  14.65405  14.68657     0.050     34127     20094
  14.65320  14.68576     0.050     34129     20101
  14.65235  14.68502     0.050     34125     20113
  14.65150  14.68431     0.050     34125     20124
  14.65065  14.68357     0.050     34121     20130
  14.64980  14.68280     0.050     34124     20134
  14.64895  14.68197     0.050     34123     20148
  14.64810  14.68102     0.050     34127     20154
  14.64725  14.68006     0.050     34125     20165
  14.64640  14.67912     0.050     34130     20179
  14.64555  14.67818     0.050     34120     20181
  14.64470  14.67730     0.050     34120     20198
  14.64385  14.67646     0.050     34129     20208
  14.64300  14.67565     0.050     34119     20212
  14.64215  14.67492     0.050     34120     20215
  14.64130  14.67421     0.050     34122     20224
  14.64045  14.67346     0.050     34121     20238
  14.63960  14.67270     0.050     34123     20243
  14.63875  14.67185     0.050     34120     20254
  14.63790  14.67090     0.050     34124     20266
  14.63705  14.66996     0.050     34123     20276
  14.63620  14.66902     0.050     34126     20284
  14.63535  14.66809     0.050     34124     20292
  14.63450  14.66721     0.050     34126     20304
  14.63365  14.66638     0.050     34123     20312
  14.63280  14.66558     0.050     34123     20322
  14.63195  14.66485     0.050     34132     20329
  14.63110  14.66413     0.050     34122     20337
  14.63025  14.66339     0.050     34129     20348
  14.62940  14.66261     0.050     34123     20360
  14.62855  14.66175     0.050     34129     20367
  14.62770  14.66079     0.050     34127     20374
  14.62685  14.65985     0.050     34125     20383
  14.62600  14.65891     0.050     34125     20393
  14.62515  14.65798     0.050     34123     20408
  14.62430  14.65711     0.050     34124     20413
  14.62345  14.65628     0.050     34130     20420
  14.62260  14.65548     0.050     34128     20430
  14.62175  14.65475     0.050     34130     20440
  14.62090  14.65403     0.050     34130     20452
  14.62005  14.65328     0.050     34118     20462
  14.61920  14.65250     0.050     34127     20470
  14.61835  14.65161     0.050     34122     20478
  14.61750  14.65065     0.050     34123     20485
  14.61665  14.64972     0.050     34126     20498
  14.61580  14.64877     0.050     34123     20506
  14.61495  14.64784     0.050     34129     20519
  14.61410  14.64698     0.050     34134     20524
  14.61325  14.64615     0.050     34131     20537
  14.61240  14.64537     0.050     34130     20541
  14.61155  14.64465     0.050     34127     20552
  14.61070  14.64393     0.050     34126     20563
  14.60985  14.64318     0.050     34128     20569
  14.60900  14.64239     0.050     34129     20584
  14.60815  14.64149     0.050     34125     20592
  14.60730  14.64054     0.050     34126     20602
  14.60645  14.63961     0.050     34137     20614
  14.60560  14.63867     0.050     34128     20616
  14.60475  14.63775     0.050     34131     20628
  14.60390  14.63689     0.050     34130     20636
  14.60305  14.63606     0.050     34132     20646
  14.60220  14.63529     0.050     34128     20661
  14.60135  14.63458     0.050     34136     20662
  14.60050  14.63386     0.050     34132     20673
  14.59965  14.63311     0.050     34130     20681
  14.59880  14.63231     0.050     34131     20694
  14.59795  14.63140     0.050     34135     20704
  14.59710  14.63045     0.050     34133     20705
  14.59625  14.62951     0.050     34131     20720
  14.59540  14.62857     0.050     34134     20733
  14.59455  14.62766     0.050     34133     20737
  14.59370  14.62681     0.050     34137     20751
  14.59285  14.62599     0.050     34135     20760
  14.59200  14.62522     0.050     34136     20764
  14.59115  14.62451     0.050     34137     20775
  14.59030  14.62378     0.050     34129     20786
  14.58945  14.62302     0.050     34134     20795
  14.58860  14.62221     0.050     34136     20807
  14.58775  14.62129     0.050     34133     20822
  14.58690  14.62034     0.050     34139     20823
  14.58605  14.61941     0.050     34139     20836
  14.58520  14.61847     0.050     34143     20846
  14.58435  14.61757     0.050     34140     20852
  14.58350  14.61672     0.050     34136     20864
  14.58265  14.61591     0.050     34138     20873
  14.58180  14.61515     0.050     34138     20880
  14.58095  14.61444     0.050     34147     20891
  14.58010  14.61371     0.050     34143     20899
  14.57925  14.61296     0.050     34142     20910
  14.57840  14.61215     0.050     34142     20920
  14.57755  14.61122     0.050     34147     20925
  14.57670  14.61027     0.050     34136     20942
  14.57585  14.60934     0.050     34137     20950
  14.57500  14.60840     0.050     34141     20953
  14.57415  14.60750     0.050     34140     20965
  14.57330  14.60666     0.050     34146     20971
  14.57245  14.60584     0.050     34136     20983
  14.57160  14.60510     0.050     34140     20987
  14.57075  14.60439     0.050     34141     21002
  14.56990  14.60365     0.050     34147     21015
  14.56905  14.60290     0.050     34148     21020
  14.56820  14.60207     0.050     34143     21028
  14.56735  14.60114     0.050     34143     21038
  14.56650  14.60019     0.050     34144     21049
  14.56565  14.59926     0.050     34145     21065
  14.56480  14.59832     0.050     34143     21064
  14.56395  14.59742     0.050     34136     21076
  14.56310  14.59658     0.050     34136     21086
  14.56225  14.59576     0.050     34142     21093
  14.56140  14.59501     0.050     34142     21106
  14.56055  14.59430     0.050     34139     21110
  14.55970  14.59357     0.050     34143     21120
  14.55885  14.59281     0.050     34143     21129
  14.55800  14.59197     0.050     34150     21140
  14.55715  14.59103     0.050     34151     21149
  14.55630  14.59009     0.050     34149     21159
  14.55545  14.58916     0.050     34147     21175
  14.55460  14.58822     0.050     34153     21184
  14.55375  14.58734     0.050     34154     21187
  14.55290  14.58651     0.050     34147     21198
  14.55205  14.58570     0.050     34148     21209
  14.55120  14.58496     0.050     34154     21220
  14.55035  14.58425     0.050     34152     21223
  14.54950  14.58352     0.050     34162     21236
  14.54865  14.58275     0.050     34152     21241
  14.54780  14.58191     0.050     34150     21252
  14.54695  14.58097     0.050     34155     21265
  14.54610  14.58003     0.050     34151     21269
  14.54525  14.57909     0.050     34155     21282
  14.54440  14.57816     0.050     34147     21289
  14.54355  14.57728     0.050     34150     21300
  14.54270  14.57645     0.050     34155     21308
  14.54185  14.57564     0.050     34158     21316
  14.54100  14.57490     0.050     34154     21329
  14.54015  14.57420     0.050     34150     21338
  14.53930  14.57345     0.050     34150     21349
  14.53845  14.57269     0.050     34148     21357
  14.53760  14.57183     0.050     34155     21360
  14.53675  14.57088     0.050     34156     21370
  14.53590  14.56994     0.050     34150     21384
  14.53505  14.56899     0.050     34153     21389
  14.53420  14.56806     0.050     34157     21399
  14.53335  14.56718     0.050     34155     21412
  14.53250  14.56634     0.050     34155     21419
  14.53165  14.56554     0.050     34153     21426
  14.53080  14.56482     0.050     34153     21435
  14.52995  14.56410     0.050     34153     21451
  14.52910  14.56336     0.050     34156     21455
  14.52825  14.56258     0.050     34163     21463
  14.52740  14.56171     0.050     34160     21472
  14.52655  14.56076     0.050     34153     21485
  14.52570  14.55982     0.050     34154     21491
  14.52485  14.55888     0.050     34156     21502
  14.52400  14.55795     0.050     34160     21509
  14.52315  14.55709     0.050     34161     21520
  14.52230  14.55625     0.050     34163     21525
  14.52145  14.55547     0.050     34158     21540
  14.52060  14.55475     0.050     34161     21547
  14.51975  14.55403     0.050     34155     21556
  14.51890  14.55328     0.050     34164     21570
  14.51805  14.55250     0.050     34164     21578
  14.51720  14.55162     0.050     34165     21590
  14.51635  14.55067     0.050     34160     21596
  14.51550  14.54973     0.050     34161     21604
  14.51465  14.54879     0.050     34165     21615
  14.51380  14.54786     0.050     34172     21620
  14.51295  14.54700     0.050     34164     21636
  14.51210  14.54617     0.050     34164     21638
  14.51125  14.54539     0.050     34166     21650
  14.51040  14.54467     0.050     34162     21656
  14.50955  14.54395     0.050     34164     21670
  14.50870  14.54320     0.050     34162     21684
  14.50785  14.54241     0.050     34168     21687
  14.50700  14.54152     0.050     34161     21696
  14.50615  14.54055     0.050     34165     21707
  14.50530  14.53962     0.050     34163     21715
  14.50445  14.53867     0.050     34162     21723
  14.50360  14.53775     0.050     34165     21734
  14.50275  14.53690     0.050     34176     21742
  14.50190  14.53608     0.050     34165     21751
  14.50105  14.53530     0.050     34168     21762
  14.50020  14.53459     0.050     34165     21773
  14.49935  14.53386     0.050     34168     21782
  14.49850  14.53311     0.050     34157     21786
  14.49765  14.53232     0.050     34167     21800
  14.49680  14.53141     0.050     34164     21810
  14.49595  14.53046     0.050     34161     21813
  14.49510  14.52952     0.050     34174     21825
  14.49425  14.52858     0.050     34176     21836
  14.49340  14.52767     0.050     34175     21843
  14.49255  14.52682     0.050     34179     21851
  14.49170  14.52599     0.050     34166     21868
  14.49085  14.52522     0.050     34171     21880
  14.49000  14.52451     0.050     34163     21886
  14.48915  14.52379     0.050     34168     21888
  14.48830  14.52303     0.050     34172     21904
  14.48745  14.52222     0.050     34168     21910
  14.48660  14.52130     0.050     34170     21919
  14.48575  14.52034     0.050     34176     21930
  14.48490  14.51941     0.050     34180     21940
  14.48405  14.51846     0.050     34175     21951
  14.48320  14.51756     0.050     34177     21957
  14.48235  14.51671     0.050     34176     21968
  14.48150  14.51589     0.050     34177     21977
  14.48065  14.51513     0.050     34175     21987
  14.47980  14.51442     0.050     34178     21998
  14.47895  14.51368     0.050     34174     22007
  14.47810  14.51292     0.050     34178     22013
  14.47725  14.51209     0.050     34177     22025
  14.47640  14.51115     0.050     34175     22035
  14.47555  14.51020     0.050     34178     22049
  14.47470  14.50927     0.050     34181     22050
  14.47385  14.50832     0.050     34172     22063
  14.47300  14.50743     0.050     34177     22076
  14.47215  14.50658     0.050     34177     22087
  14.47130  14.50577     0.050     34182     22087
  14.47045  14.50502     0.050     34178     22098
  14.46960  14.50432     0.050     34179     22105
  14.46875  14.50358     0.050     34180     22123
  14.46790  14.50281     0.050     34178     22125
  14.46705  14.50198     0.050     34181     22136
  14.46620  14.50103     0.050     34181     22149
  14.46535  14.50008     0.050     34178     22153
  14.46450  14.49915     0.050     34177     22169
  14.46365  14.49821     0.050     34176     22175
  14.46280  14.49732     0.050     34185     22182
  14.46195  14.49648     0.050     34176     22188
  14.46110  14.49567     0.050     34183     22211
  14.46025  14.49493     0.050     34180     22205
  14.45940  14.49422     0.050     34189     22215
  14.45855  14.49348     0.050     34181     22230
  14.45770  14.49271     0.050     34177     22239
  14.45685  14.49186     0.050     34177     22244
  14.45600  14.49091     0.050     34183     22260
  14.45515  14.48996     0.050     34176     22264
  14.45430  14.48902     0.050     34180     22273
  14.45345  14.48808     0.050     34183     22289
  14.45260  14.48720     0.050     34179     22294
  14.45175  14.48636     0.050     34187     22304
  14.45090  14.48555     0.050     34184     22312
  14.45005  14.48482     0.050     34183     22327
  14.44920  14.48410     0.050     34187     22332
  14.44835  14.48335     0.050     34183     22340
  14.44750  14.48257     0.050     34178     22355
  14.44665  14.48169     0.050     34160     22342
  14.44580  14.48073     0.050     34090     22313
  14.44495  14.47979     0.050     34022     22273
  14.44410  14.47885     0.050     33976     22249
  14.44325  14.47792     0.050     34011     22281
  14.44240  14.47705     0.050     34077     22340
  14.44155  14.47621     0.050     34154     22393
  14.44070  14.47543     0.050     34170     22419
  14.43985  14.47471     0.050     34170     22429
  14.43900  14.47399     0.050     34180     22446
  14.43815  14.47324     0.050     34182     22453
  14.43730  14.47245     0.050     34185     22464
  14.43645  14.47155     0.050     34157     22458
  14.43560  14.47059     0.050     34106     22431
  14.43475  14.46965     0.050     34031     22394
  14.43390  14.46870     0.050     33977     22370
  14.43305  14.46778     0.050     34010     22401
  14.43220  14.46692     0.050     34077     22450
  14.43135  14.46609     0.050     34142     22505
  14.43050  14.46531     0.050     34128     22513
  14.42965  14.46459     0.050     33976     22413
  14.42880  14.46387     0.050     33636     22197
  14.42795  14.46311     0.050     33237     21945
  14.42710  14.46230     0.050     33094     21857
  14.42625  14.46139     0.050     33327     22027
  14.42540  14.46043     0.050     33702     22276
  14.42455  14.45949     0.050     34005     22491
  14.42370  14.45854     0.050     34076     22538
  14.42285  14.45762     0.050     34047     22535
  14.42200  14.45676     0.050     33990     22507
  14.42115  14.45594     0.050     33935     22476
  14.42030  14.45517     0.050     33941     22498
  14.41945  14.45446     0.050     34012     22542
  14.41860  14.45372     0.050     34090     22613
  14.41775  14.45296     0.050     34131     22650
  14.41690  14.45214     0.050     34136     22663
  14.41605  14.45120     0.050     34152     22674
  14.41520  14.45025     0.050     34152     22689
  14.41435  14.44931     0.050     34150     22699
  14.41350  14.44837     0.050     34148     22707
  14.41265  14.44746     0.050     34122     22695
  14.41180  14.44662     0.050     34068     22662
  14.41095  14.44580     0.050     33983     22617
  14.41010  14.44505     0.050     33952     22615
  14.40925  14.44433     0.050     33995     22651
  14.40840  14.44359     0.050     34070     22714
  14.40755  14.44283     0.050     34126     22756
  14.40670  14.44199     0.050     34146     22777
  14.40585  14.44104     0.050     34154     22795
  14.40500  14.44009     0.050     34156     22803
  14.40415  14.43915     0.050     34159     22810
  14.40330  14.43820     0.050     34153     22826
  14.40245  14.43731     0.050     34163     22833
  14.40160  14.43647     0.050     34151     22843
  14.40075  14.43566     0.050     34158     22852
  14.39990  14.43491     0.050     34163     22863
  14.39905  14.43420     0.050     34156     22874
  14.39820  14.43345     0.050     34157     22889
  14.39735  14.43268     0.050     34158     22893
  14.39650  14.43181     0.050     34156     22905
  14.39565  14.43086     0.050     34163     22910
  14.39480  14.42991     0.050     34158     22927
  14.39395  14.42896     0.050     34156     22931
  14.39310  14.42801     0.050     34164     22943
  14.39225  14.42713     0.050     34161     22951
  14.39140  14.42629     0.050     34159     22960
  14.39055  14.42549     0.050     34162     22979
  14.38970  14.42477     0.050     34168     22982
  14.38885  14.42404     0.050     34175     22993
  14.38800  14.42329     0.050     34164     22998
  14.38715  14.42251     0.050     34164     23007
  14.38630  14.42162     0.050     34163     23027
  14.38545  14.42066     0.050     34168     23029
  14.38460  14.41972     0.050     34164     23036
  14.38375  14.41877     0.050     34161     23039
  14.38290  14.41784     0.050     34170     23060
  14.38205  14.41698     0.050     34159     23067
  14.38120  14.41614     0.050     34162     23082
  14.38035  14.41536     0.050     34161     23081
  14.37950  14.41464     0.050     34162     23099
  14.37865  14.41391     0.050     34162     23102
  14.37780  14.41315     0.050     34161     23112
  14.37695  14.41235     0.050     34163     23125
  14.37610  14.41145     0.050     34160     23131
  14.37525  14.41049     0.050     34166     23143
  14.37440  14.40955     0.050     34160     23152
  14.37355  14.40859     0.050     34161     23158
  14.37270  14.40767     0.050     34169     23172
  14.37185  14.40682     0.050     34156     23176
  14.37100  14.40599     0.050     34162     23192
  14.37015  14.40521     0.050     34157     23201
  14.36930  14.40450     0.050     34158     23207
  14.36845  14.40376     0.050     34157     23215
  14.36760  14.40300     0.050     34162     23227
  14.36675  14.40218     0.050     34161     23236
  14.36590  14.40125     0.050     34155     23246
  14.36505  14.40028     0.050     34159     23264
  14.36420  14.39934     0.050     34160     23267
  14.36335  14.39838     0.050     34158     23273
  14.36250  14.39748     0.050     34165     23284
  14.36165  14.39662     0.050     34158     23295
  14.36080  14.39580     0.050     34161     23303
  14.35995  14.39505     0.050     34171     23316
  14.35910  14.39434     0.050     34162     23324
  14.35825  14.39359     0.050     34158     23332
  14.35740  14.39283     0.050     34163     23342
  14.35655  14.39199     0.050     34164     23344
  14.35570  14.39104     0.050     34160     23360
  14.35485  14.39009     0.050     34164     23377
  14.35400  14.38915     0.050     34159     23377
  14.35315  14.38820     0.050     34160     23386
  14.35230  14.38731     0.050     34156     23400
  14.35145  14.38646     0.050     34154     23407
  14.35060  14.38565     0.050     34155     23414
  14.34975  14.38492     0.050     34153     23429
  14.34890  14.38420     0.050     34158     23437
  14.34805  14.38345     0.050     34153     23442
  14.34720  14.38268     0.050     34148     23446
  14.34635  14.38182     0.050     34150     23463
  14.34550  14.38086     0.050     34149     23470
  14.34465  14.37991     0.050     34151     23478
  14.34380  14.37897     0.050     34153     23482
  14.34295  14.37803     0.050     34146     23501
  14.34210  14.37716     0.050     34153     23510
  14.34125  14.37632     0.050     34152     23522
  14.34040  14.37552     0.050     34150     23528
  14.33955  14.37479     0.050     34149     23535
  14.33870  14.37407     0.050     34146     23547
  14.33785  14.37331     0.050     34146     23552
  14.33700  14.37252     0.050     34147     23569
  14.33615  14.37163     0.050     34148     23576
  14.33530  14.37067     0.050     34147     23588
  14.33445  14.36973     0.050     34148     23595
  14.33360  14.36878     0.050     34138     23603
  14.33275  14.36785     0.050     34145     23612
  14.33190  14.36699     0.050     34138     23618
  14.33105  14.36615     0.050     34151     23628
  14.33020  14.36537     0.050     34142     23640
  14.32935  14.36465     0.050     34142     23649
  14.32850  14.36393     0.050     34135     23657
  14.32765  14.36317     0.050     34137     23669
  14.32680  14.36238     0.050     34136     23679
  14.32595  14.36147     0.050     34142     23687
  14.32510  14.36051     0.050     34141     23691
  14.32425  14.35957     0.050     34143     23708
  14.32340  14.35863     0.050     34141     23712
  14.32255  14.35771     0.050     34141     23728
  14.32170  14.35685     0.050     34141     23742
  14.32085  14.35602     0.050     34138     23746
  14.32000  14.35525     0.050     34137     23752
  14.31915  14.35453     0.050     34147     23768
  14.31830  14.35380     0.050     34137     23772
  14.31745  14.35304     0.050     34140     23780
  14.31660  14.35222     0.050     34141     23794
  14.31575  14.35129     0.050     34141     23799
  14.31490  14.35033     0.050     34138     23816
  14.31405  14.34939     0.050     34136     23825
  14.31320  14.34844     0.050     34133     23831
  14.31235  14.34753     0.050     34134     23843
  14.31150  14.34668     0.050     34137     23846
  14.31065  14.34585     0.050     34134     23867
  14.30980  14.34510     0.050     34131     23865
  14.30895  14.34438     0.050     34131     23876
  14.30810  14.34364     0.050     34131     23884
  14.30725  14.34287     0.050     34133     23898
  14.30640  14.34204     0.050     34129     23900
  14.30555  14.34110     0.050     34129     23920
  14.30470  14.34015     0.050     34127     23926
  14.30385  14.33921     0.050     34133     23936
  14.30300  14.33826     0.050     34125     23939
  14.30215  14.33737     0.050     34131     23958
  14.30130  14.33653     0.050     34127     23960
  14.30045  14.33572     0.050     34126     23971
  14.29960  14.33497     0.050     34126     23982
  14.29875  14.33426     0.050     34134     23991
  14.29790  14.33352     0.050     34120     23994
  14.29705  14.33276     0.050     34121     24005
  14.29620  14.33191     0.050     34125     24014
  14.29535  14.33096     0.050     34122     24030
  14.29450  14.33001     0.050     34121     24034
  14.29365  14.32908     0.050     34119     24044
  14.29280  14.32814     0.050     34124     24059
  14.29195  14.32726     0.050     34129     24067
  14.29110  14.32642     0.050     34115     24076
  14.29025  14.32562     0.050     34120     24084
  14.28940  14.32489     0.050     34118     24093
  14.28855  14.32418     0.050     34119     24102
  14.28770  14.32343     0.050     34123     24112
  14.28685  14.32266     0.050     34114     24117
  14.28600  14.32180     0.050     34117     24131
  14.28515  14.32085     0.050     34109     24142
  14.28430  14.31990     0.050     34114     24147
  14.28345  14.31896     0.050     34105     24154
  14.28260  14.31802     0.050     34110     24172
  14.28175  14.31715     0.050     34108     24175
  14.28090  14.31631     0.050     34111     24190
  14.28005  14.31551     0.050     34115     24197
  14.27920  14.31479     0.050     34108     24212
  14.27835  14.31407     0.050     34097     24209
  14.27750  14.31332     0.050     34105     24220
  14.27665  14.31255     0.050     34109     24233
  14.27580  14.31167     0.050     34098     24243
  14.27495  14.31071     0.050     34096     24249
  14.27410  14.30978     0.050     34098     24259
  14.27325  14.30883     0.050     34090     24265
  14.27240  14.30791     0.050     34091     24277
  14.27155  14.30705     0.050     34096     24286
  14.27070  14.30622     0.050     34093     24298
  14.26985  14.30543     0.050     34096     24305
  14.26900  14.30471     0.050     34083     24308
  14.26815  14.30400     0.050     34091     24322
  14.26730  14.30325     0.050     34085     24328
  14.26645  14.30247     0.050     34094     24342
  14.26560  14.30159     0.050     34087     24351
  14.26475  14.30063     0.050     34084     24361
  14.26390  14.29970     0.050     34097     24376
  14.26305  14.29876     0.050     34081     24376
  14.26220  14.29783     0.050     34083     24386
  14.26135  14.29698     0.050     34092     24399
  14.26050  14.29615     0.050     34082     24405
  14.25965  14.29537     0.050     34083     24415
  14.25880  14.29465     0.050     34084     24426
  14.25795  14.29394     0.050     34083     24432
  14.25710  14.29319     0.050     34080     24440
  14.25625  14.29240     0.050     34074     24453
  14.25540  14.29150     0.050     34075     24458
  14.25455  14.29054     0.050     34072     24468
  14.25370  14.28961     0.050     34067     24478
  14.25285  14.28866     0.050     34071     24487
  14.25200  14.28774     0.050     34067     24498
  14.25115  14.28689     0.050     34070     24506
  14.25030  14.28606     0.050     34062     24522
  14.24945  14.28529     0.050     34061     24527
  14.24860  14.28458     0.050     34058     24533
  14.24775  14.28386     0.050     34057     24550
  14.24690  14.28311     0.050     34062     24549
  14.24605  14.28231     0.050     34056     24559
  14.24520  14.28141     0.050     34054     24570
  14.24435  14.28045     0.050     34054     24573
  14.24350  14.27952     0.050     34054     24587
  14.24265  14.27858     0.050     34049     24597
  14.24180  14.27767     0.050     34051     24604
  14.24095  14.27682     0.050     34052     24611
  14.24010  14.27600     0.050     34039     24623
  14.23925  14.27524     0.050     34041     24630
  14.23840  14.27453     0.050     34038     24643
  14.23755  14.27380     0.050     34034     24644
  14.23670  14.27305     0.050     34036     24660
  14.23585  14.27225     0.050     34042     24678
  14.23500  14.27133     0.050     34040     24682
  14.23415  14.27037     0.050     34029     24685
  14.23330  14.26944     0.050     34035     24700
  14.23245  14.26850     0.050     34033     24711
  14.23160  14.26760     0.050     34023     24710
  14.23075  14.26675     0.050     34029     24729
  14.22990  14.26593     0.050     34035     24743
  14.22905  14.26517     0.050     34020     24738
  14.22820  14.26446     0.050     34018     24750
  14.22735  14.26373     0.050     34028     24768
  14.22650  14.26298     0.050     34026     24781
  14.22565  14.26216     0.050     34017     24778
  14.22480  14.26123     0.050     34028     24796
  14.22395  14.26028     0.050     34018     24801
  14.22310  14.25934     0.050     34010     24811
  14.22225  14.25840     0.050     34013     24823
  14.22140  14.25750     0.050     34020     24827
  14.22055  14.25666     0.050     34007     24829
  14.21970  14.25585     0.050     34005     24853
  14.21885  14.25510     0.050     34009     24859
  14.21800  14.25439     0.050     34002     24866
  14.21715  14.25366     0.050     34006     24871
  14.21630  14.25291     0.050     34004     24884
  14.21545  14.25209     0.050     33997     24902
  14.21460  14.25116     0.050     33989     24904
  14.21375  14.25021     0.050     34000     24912
  14.21290  14.24928     0.050     34003     24927
  14.21205  14.24834     0.050     33993     24928
  14.21120  14.24745     0.050     33991     24939
  14.21035  14.24662     0.050     33998     24948
  14.20950  14.24580     0.050     33992     24954
  14.20865  14.24505     0.050     33982     24956
  14.20780  14.24435     0.050     33987     24969
  14.20695  14.24362     0.050     33991     24976
  14.20610  14.24286     0.050     33973     24974
  14.20525  14.24204     0.050     33970     24984
  14.20440  14.24111     0.050     33988     24998
  14.20355  14.24016     0.050     33975     24999
  14.20270  14.23923     0.050     33966     25005
  14.20185  14.23829     0.050     33977     25018
  14.20100  14.23740     0.050     33967     25030
  14.20015  14.23656     0.050     33955     25038
  14.19930  14.23575     0.050     33967     25045
  14.19845  14.23501     0.050     33968     25057
  14.19760  14.23430     0.050     33959     25063
  14.19675  14.23356     0.050     33951     25069
  14.19590  14.23280     0.050     33953     25089
  14.19505  14.23196     0.050     33952     25093
  14.19420  14.23102     0.050     33947     25099
  14.19335  14.23007     0.050     33949     25108
  14.19250  14.22914     0.050     33943     25124
  14.19165  14.22821     0.050     33946     25126
  14.19080  14.22733     0.050     33944     25132
  14.18995  14.22649     0.050     33940     25146
  14.18910  14.22569     0.050     33933     25156
  14.18825  14.22495     0.050     33933     25162
  14.18740  14.22425     0.050     33933     25173
  14.18655  14.22351     0.050     33934     25183
  14.18570  14.22275     0.050     33924     25191
  14.18485  14.22191     0.050     33917     25199
  14.18400  14.22097     0.050     33924     25209
  14.18315  14.22003     0.050     33917     25210
  14.18230  14.21910     0.050     33915     25221
  14.18145  14.21816     0.050     33914     25233
  14.18060  14.21729     0.050     33915     25245
  14.17975  14.21645     0.050     33910     25247
  14.17890  14.21565     0.050     33910     25256
  14.17805  14.21492     0.050     33904     25262
  14.17720  14.21421     0.050     33909     25276
  14.17635  14.21347     0.050     33901     25282
  14.17550  14.21271     0.050     33904     25301
  14.17465  14.21186     0.050     33900     25302
  14.17380  14.21091     0.050     33902     25309
  14.17295  14.20997     0.050     33893     25322
  14.17210  14.20904     0.050     33890     25334
  14.17125  14.20811     0.050     33893     25339
  14.17040  14.20723     0.050     33893     25347
  14.16955  14.20639     0.050     33882     25353
  14.16870  14.20559     0.050     33890     25366
  14.16785  14.20487     0.050     33875     25372
  14.16700  14.20415     0.050     33877     25380
  14.16615  14.20341     0.050     33880     25389
  14.16530  14.20265     0.050     33877     25402
  14.16445  14.20179     0.050     33871     25411
  14.16360  14.20084     0.050     33864     25416
  14.16275  14.19990     0.050     33871     25424
  14.16190  14.19897     0.050     33867     25428
  14.16105  14.19804     0.050     33862     25443
  14.16020  14.19718     0.050     33851     25451
  14.15935  14.19634     0.050     33852     25461
  14.15850  14.19555     0.050     33851     25464
  14.15765  14.19483     0.050     33858     25473
  14.15680  14.19412     0.050     33851     25483
  14.15595  14.19338     0.050     33852     25486
  14.15510  14.19261     0.050     33834     25496
  14.15425  14.19175     0.050     33846     25515
  14.15340  14.19080     0.050     33837     25516
  14.15255  14.18986     0.050     33836     25527
  14.15170  14.18892     0.050     33842     25538
  14.15085  14.18800     0.050     33831     25543
  14.15000  14.18713     0.050     33825     25551
  14.14915  14.18630     0.050     33829     25560
  14.14830  14.18551     0.050     33821     25565
  14.14745  14.18479     0.050     33820     25569
  14.14660  14.18408     0.050     33811     25582
  14.14575  14.18334     0.050     33802     25590
  14.14490  14.18256     0.050     33811     25601
  14.14405  14.18169     0.050     33804     25610
  14.14320  14.18073     0.050     33808     25617
  14.14235  14.17980     0.050     33802     25623
  14.14150  14.17886     0.050     33792     25635
  14.14065  14.17792     0.050     33793     25645
  14.13980  14.17706     0.050     33793     25654
  14.13895  14.17623     0.050     33787     25663
  14.13810  14.17544     0.050     33785     25665
  14.13725  14.17472     0.050     33790     25676
  14.13640  14.17401     0.050     33778     25684
  14.13555  14.17326     0.050     33776     25688
  14.13470  14.17248     0.050     33773     25697
  14.13385  14.17160     0.050     33774     25708
  14.13300  14.17065     0.050     33763     25707
  14.13215  14.16972     0.050     33764     25726
  14.13130  14.16878     0.050     33771     25734
  14.13045  14.16786     0.050     33763     25736
  14.12960  14.16700     0.050     33756     25740
  14.12875  14.16617     0.050     33760     25768
  14.12790  14.16540     0.050     33753     25760
  14.12705  14.16468     0.050     33753     25776
  14.12620  14.16397     0.050     33754     25783
  14.12535  14.16323     0.050     33747     25788
  14.12450  14.16244     0.050     33745     25797
  14.12365  14.16155     0.050     33735     25799
  14.12280  14.16060     0.050     33745     25821
  14.12195  14.15967     0.050     33729     25821
  14.12110  14.15873     0.050     33731     25824
  14.12025  14.15781     0.050     33726     25839
  14.11940  14.15695     0.050     33734     25856
  14.11855  14.15613     0.050     33722     25856
  14.11770  14.15535     0.050     33717     25866
  14.11685  14.15464     0.050     33723     25878
  14.11600  14.15392     0.050     33710     25874
  14.11515  14.15317     0.050     33708     25886
  14.11430  14.15238     0.050     33714     25900
  14.11345  14.15147     0.050     33717     25907
  14.11260  14.15051     0.050     33695     25906
  14.11175  14.14957     0.050     33703     25921
  14.11090  14.14863     0.050     33703     25936
  14.11005  14.14771     0.050     33690     25935
  14.10920  14.14686     0.050     33691     25941
  14.10835  14.14603     0.050     33693     25959
  14.10750  14.14526     0.050     33688     25969
  14.10665  14.14456     0.050     33683     25970
  14.10580  14.14383     0.050     33682     25987
  14.10495  14.14308     0.050     33678     25991
  14.10410  14.14228     0.050     33667     25999
  14.10325  14.14137     0.050     33675     26004
  14.10240  14.14042     0.050     33676     26013
  14.10155  14.13949     0.050     33667     26021
  14.10070  14.13854     0.050     33663     26030
  14.09985  14.13764     0.050     33667     26037
  14.09900  14.13679     0.050     33659     26049
  14.09815  14.13597     0.050     33653     26050
  14.09730  14.13520     0.050     33657     26068
  14.09645  14.13449     0.050     33649     26066
  14.09560  14.13376     0.050     33643     26074
  14.09475  14.13301     0.050     33650     26093
  14.09390  14.13220     0.050     33639     26096
  14.09305  14.13128     0.050     33643     26108
  14.09220  14.13033     0.050     33631     26115
  14.09135  14.12940     0.050     33631     26124
  14.09050  14.12845     0.050     33633     26137
  14.08965  14.12755     0.050     33624     26134
  14.08880  14.12671     0.050     33633     26147
  14.08795  14.12589     0.050     33628     26155
  14.08710  14.12514     0.050     33627     26163
  14.08625  14.12443     0.050     33620     26179
  14.08540  14.12370     0.050     33627     26183
  14.08455  14.12294     0.050     33616     26196
  14.08370  14.12212     0.050     33612     26199
  14.08285  14.12118     0.050     33617     26210
  14.08200  14.12023     0.050     33607     26218
  14.08115  14.11930     0.050     33603     26224
  14.08030  14.11836     0.050     33607     26236
  14.07945  14.11746     0.050     33606     26244
  14.07860  14.11662     0.050     33597     26246
  14.07775  14.11581     0.050     33594     26258
  14.07690  14.11506     0.050     33606     26275
  14.07605  14.11436     0.050     33595     26281
  14.07520  14.11363     0.050     33593     26287
  14.07435  14.11287     0.050     33598     26298
  14.07350  14.11205     0.050     33598     26305
  14.07265  14.11111     0.050     33579     26297
  14.07180  14.11016     0.050     33582     26331
  14.07095  14.10923     0.050     33578     26328
  14.07010  14.10829     0.050     33570     26330
  14.06925  14.10740     0.050     33566     26342
  14.06840  14.10656     0.050     33570     26362
  14.06755  14.10575     0.050     33561     26353
  14.06670  14.10500     0.050     33557     26357
  14.06585  14.10430     0.050     33573     26381
  14.06500  14.10356     0.050     33553     26381
  14.06415  14.10280     0.050     33548     26386
  14.06330  14.10196     0.050     33558     26410
  14.06245  14.10102     0.050     33556     26409
  14.06160  14.10007     0.050     33545     26417
  14.06075  14.09913     0.050     33544     26423
  14.05990  14.09819     0.050     33549     26444
  14.05905  14.09731     0.050     33531     26441
  14.05820  14.09647     0.050     33538     26451
  14.05735  14.09566     0.050     33540     26464
  14.05650  14.09492     0.050     33531     26464
  14.05565  14.09420     0.050     33525     26473
  14.05480  14.09346     0.050     33527     26488
  14.05395  14.09269     0.050     33525     26497
  14.05310  14.09182     0.050     33525     26506
  14.05225  14.09087     0.050     33523     26511
  14.05140  14.08993     0.050     33516     26525
  14.05055  14.08899     0.050     33508     26532
  14.04970  14.08806     0.050     33515     26536
  14.04885  14.08719     0.050     33512     26554
  14.04800  14.08635     0.050     33506     26559
  14.04715  14.08555     0.050     33507     26562
  14.04630  14.08482     0.050     33505     26574
  14.04545  14.08412     0.050     33498     26585
  14.04460  14.08337     0.050     33495     26590
  14.04375  14.08259     0.050     33487     26595
  14.04290  14.08172     0.050     33494     26605
  14.04205  14.08077     0.050     33491     26614
  14.04120  14.07983     0.050     33495     26623
  14.04035  14.07889     0.050     33484     26631
  14.03950  14.07796     0.050     33476     26644
  14.03865  14.07709     0.050     33476     26649
  14.03780  14.07625     0.050     33469     26652
  14.03695  14.07546     0.050     33470     26665
  14.03610  14.07474     0.050     33466     26670
  14.03525  14.07403     0.050     33468     26677
  14.03440  14.07328     0.050     33467     26684
  14.03355  14.07250     0.050     33460     26697
  14.03270  14.07161     0.050     33449     26705
  14.03185  14.07065     0.050     33452     26713
  14.03100  14.06971     0.050     33454     26724
  14.03015  14.06876     0.050     33447     26730
  14.02930  14.06784     0.050     33450     26744
  14.02845  14.06697     0.050     33445     26753
  14.02760  14.06614     0.050     33440     26759
  14.02675  14.06535     0.050     33438     26766
  14.02590  14.06464     0.050     33442     26774
  14.02505  14.06391     0.050     33428     26783
  14.02420  14.06316     0.050     33431     26798
  14.02335  14.06237     0.050     33438     26806
  14.02250  14.06146     0.050     33430     26816
  14.02165  14.06050     0.050     33420     26819
  14.02080  14.05957     0.050     33431     26840
  14.01995  14.05862     0.050     33438     26848
  14.01910  14.05771     0.050     33425     26846
  14.01825  14.05685     0.050     33424     26859
  14.01740  14.05602     0.050     33419     26876
  14.01655  14.05526     0.050     33417     26877
  14.01570  14.05455     0.050     33410     26888
  14.01485  14.05382     0.050     33418     26895
  14.01400  14.05307     0.050     33418     26909
  14.01315  14.05226     0.050     33408     26908
  14.01230  14.05134     0.050     33412     26915
  14.01145  14.05038     0.050     33403     26930
  14.01060  14.04944     0.050     33403     26944
  14.00975  14.04850     0.050     33394     26943
  14.00890  14.04759     0.050     33399     26964
  14.00805  14.04674     0.050     33389     26968
  14.00720  14.04592     0.050     33385     26975
  14.00635  14.04516     0.050     33388     26981
  14.00550  14.04444     0.050     33390     26989
  14.00465  14.04371     0.050     33384     27000
  14.00380  14.04296     0.050     33386     27009
  14.00295  14.04214     0.050     33384     27020
  14.00210  14.04121     0.050     33374     27025
  14.00125  14.04025     0.050     33376     27042
  14.00040  14.03930     0.050     33363     27047
  13.99955  14.03836     0.050     33364     27051
  13.99870  14.03746     0.050     33363     27066
  13.99785  14.03661     0.050     33363     27073
  13.99700  14.03579     0.050     33357     27073
  13.99615  14.03504     0.050     33362     27095
  13.99530  14.03433     0.050     33354     27104
  13.99445  14.03360     0.050     33347     27101
  13.99360  14.03284     0.050     33351     27110
  13.99275  14.03200     0.050     33346     27122
  13.99190  14.03106     0.050     33337     27134
  13.99105  14.03011     0.050     33341     27137
  13.99020  14.02917     0.050     33345     27143
  13.98935  14.02823     0.050     33333     27153
  13.98850  14.02735     0.050     33328     27155
  13.98765  14.02651     0.050     33328     27173
  13.98680  14.02569     0.050     33327     27187
  13.98595  14.02496     0.050     33323     27190
  13.98510  14.02425     0.050     33313     27198
  13.98425  14.02351     0.050     33321     27208
  13.98340  14.02275     0.050     33313     27214
  13.98255  14.02189     0.050     33308     27219
  13.98170  14.02094     0.050     33314     27231
  13.98085  14.01999     0.050     33316     27241
  13.98000  14.01906     0.050     33300     27244
  13.97915  14.01812     0.050     33302     27257
  13.97830  14.01724     0.050     33298     27272
  13.97745  14.01640     0.050     33297     27273
  13.97660  14.01560     0.050     33295     27288
  13.97575  14.01487     0.050     33293     27299
  13.97490  14.01415     0.050     33290     27299
  13.97405  14.01341     0.050     33282     27309
  13.97320  14.01263     0.050     33288     27323
  13.97235  14.01176     0.050     33289     27335
  13.97150  14.01080     0.050     33279     27336
  13.97065  14.00985     0.050     33277     27345
  13.96980  14.00890     0.050     33273     27349
  13.96895  14.00797     0.050     33281     27362
  13.96810  14.00710     0.050     33263     27373
  13.96725  14.00626     0.050     33269     27386
  13.96640  14.00547     0.050     33259     27385
  13.96555  14.00476     0.050     33257     27394
  13.96470  14.00404     0.050     33261     27414
  13.96385  14.00330     0.050     33253     27411
  13.96300  14.00252     0.050     33251     27419
  13.96215  14.00164     0.050     33255     27428
  13.96130  14.00068     0.050     33241     27442
  13.96045  13.99974     0.050     33246     27443
  13.95960  13.99880     0.050     33236     27452
  13.95875  13.99788     0.050     33244     27473
  13.95790  13.99701     0.050     33234     27474
  13.95705  13.99618     0.050     33232     27487
  13.95620  13.99540     0.050     33233     27491
  13.95535  13.99468     0.050     33227     27504
  13.95450  13.99397     0.050     33218     27506
  13.95365  13.99322     0.050     33230     27519
  13.95280  13.99243     0.050     33225     27536
  13.95195  13.99154     0.050     33201     27530
  13.95110  13.99058     0.050     33212     27544
  13.95025  13.98964     0.050     33210     27552
  13.94940  13.98870     0.050     33208     27554
  13.94855  13.98778     0.050     33201     27564
  13.94770  13.98693     0.050     33204     27585
  13.94685  13.98610     0.050     33204     27591
  13.94600  13.98532     0.050     33192     27596
  13.94515  13.98460     0.050     33194     27605
  13.94430  13.98387     0.050     33206     27620
  13.94345  13.98312     0.050     33185     27618
  13.94260  13.98232     0.050     33176     27625
  13.94175  13.98141     0.050     33188     27646
  13.94090  13.98044     0.050     33181     27648
  13.94005  13.97951     0.050     33173     27651
  13.93920  13.97857     0.050     33178     27674
  13.93835  13.97766     0.050     33185     27677
  13.93750  13.97680     0.050     33169     27680
  13.93665  13.97598     0.050     33164     27694
  13.93580  13.97522     0.050     33161     27704
  13.93495  13.97451     0.050     33164     27712
  13.93410  13.97378     0.050     33145     27716
  13.93325  13.97303     0.050     33149     27734
  13.93240  13.97222     0.050     33157     27738
  13.93155  13.97130     0.050     33142     27736
  13.93070  13.97034     0.050     33144     27745
  13.92985  13.96942     0.050     33141     27763
  13.92900  13.96847     0.050     33137     27769
  13.92815  13.96757     0.050     33133     27773
  13.92730  13.96672     0.050     33131     27777
  13.92645  13.96590     0.050     33130     27796
  13.92560  13.96514     0.050     33125     27793
  13.92475  13.96443     0.050     33127     27811
  13.92390  13.96370     0.050     33125     27820
  13.92305  13.96295     0.050     33123     27829
  13.92220  13.96213     0.050     33114     27831
  13.92135  13.96120     0.050     33106     27847
  13.92050  13.96024     0.050     33108     27857
  13.91965  13.95931     0.050     33109     27861
  13.91880  13.95837     0.050     33093     27864
  13.91795  13.95747     0.050     33105     27882
  13.91710  13.95662     0.050     33099     27894
  13.91625  13.95581     0.050     33099     27896
  13.91540  13.95505     0.050     33099     27919
  13.91455  13.95435     0.050     33088     27913
  13.91370  13.95361     0.050     33089     27925
  13.91285  13.95285     0.050     33091     27938
  13.91200  13.95202     0.050     33084     27950
  13.91115  13.95108     0.050     33085     27955
  13.91030  13.95014     0.050     33077     27961
  13.90945  13.94920     0.050     33085     27974
  13.90860  13.94826     0.050     33072     27974
  13.90775  13.94738     0.050     33073     27991
  13.90690  13.94654     0.050     33080     28004
  13.90605  13.94573     0.050     33066     28003
  13.90520  13.94499     0.050     33057     28018
  13.90435  13.94429     0.050     33069     28030
  13.90350  13.94355     0.050     33059     28035
  13.90265  13.94279     0.050     33056     28042
  13.90180  13.94195     0.050     33058     28052
  13.90095  13.94101     0.050     33062     28071
  13.90010  13.94006     0.050     33051     28070
  13.89925  13.93912     0.050     33048     28082
  13.89840  13.93818     0.050     33047     28089
  13.89755  13.93730     0.050     33045     28100
  13.89670  13.93646     0.050     33041     28104
  13.89585  13.93565     0.050     33045     28117
  13.89500  13.93492     0.050     33036     28127
  13.89415  13.93421     0.050     33030     28133
  13.89330  13.93348     0.050     33032     28141
  13.89245  13.93271     0.050     33042     28152
  13.89160  13.93185     0.050     33025     28157
  13.89075  13.93090     0.050     33020     28164
  13.88990  13.92995     0.050     33025     28178
  13.88905  13.92902     0.050     33020     28191
  13.88820  13.92808     0.050     33014     28191
  13.88735  13.92720     0.050     33022     28216
  13.88650  13.92636     0.050     33028     28221
  13.88565  13.92556     0.050     33006     28223
  13.88480  13.92484     0.050     33014     28229
  13.88395  13.92412     0.050     33022     28243
  13.88310  13.92338     0.050     33005     28253
  13.88225  13.92261     0.050     33000     28264
  13.88140  13.92174     0.050     33000     28269
  13.88055  13.92079     0.050     32997     28282
  13.87970  13.91985     0.050     32997     28281
  13.87885  13.91891     0.050     32989     28291
  13.87800  13.91798     0.050     33000     28317
  13.87715  13.91712     0.050     32982     28316
  13.87630  13.91629     0.050     32992     28326
  13.87545  13.91550     0.050     32981     28335
  13.87460  13.91477     0.050     32982     28343
  13.87375  13.91407     0.050     32977     28348
  13.87290  13.91333     0.050     32972     28359
  13.87205  13.91255     0.050     32977     28374
  13.87120  13.91168     0.050     32976     28374
  13.87035  13.91072     0.050     32966     28386
  13.86950  13.90978     0.050     32957     28398
  13.86865  13.90885     0.050     32961     28403
  13.86780  13.90792     0.050     32952     28411
  13.86695  13.90705     0.050     32958     28420
  13.86610  13.90623     0.050     32955     28440
  13.86525  13.90544     0.050     32950     28431
  13.86440  13.90472     0.050     32943     28443
  13.86355  13.90401     0.050     32943     28458
  13.86270  13.90326     0.050     32944     28480
  13.86185  13.90248     0.050     32938     28473
  13.86100  13.90160     0.050     32928     28476
  13.86015  13.90064     0.050     32929     28501
  13.85930  13.89970     0.050     32921     28500
  13.85845  13.89875     0.050     32924     28514
  13.85760  13.89782     0.050     32924     28519
  13.85675  13.89697     0.050     32919     28529
  13.85590  13.89614     0.050     32911     28536
  13.85505  13.89536     0.050     32913     28548
  13.85420  13.89465     0.050     32913     28549
  13.85335  13.89393     0.050     32909     28562
  13.85250  13.89318     0.050     32898     28562
  13.85165  13.89240     0.050     32898     28585
  13.85080  13.89150     0.050     32896     28591
  13.84995  13.89055     0.050     32891     28587
  13.84910  13.88961     0.050     32887     28604
  13.84825  13.88867     0.050     32885     28608
  13.84740  13.88776     0.050     32887     28618
  13.84655  13.88690     0.050     32879     28627
  13.84570  13.88608     0.050     32888     28638
  13.84485  13.88531     0.050     32876     28647
  13.84400  13.88459     0.050     32870     28650
  13.84315  13.88388     0.050     32878     28670
  13.84230  13.88313     0.050     32872     28675
  13.84145  13.88234     0.050     32866     28684
  13.84060  13.88143     0.050     32854     28689
  13.83975  13.88047     0.050     32855     28694
  13.83890  13.87953     0.050     32860     28715
  13.83805  13.87859     0.050     32853     28709
  13.83720  13.87769     0.050     32847     28731
  13.83635  13.87684     0.050     32838     28739
  13.83550  13.87601     0.050     32846     28742
  13.83465  13.87525     0.050     32840     28754
  13.83380  13.87454     0.050     32844     28760
  13.83295  13.87382     0.050     32837     28767
  13.83210  13.87306     0.050     32839     28773
  13.83125  13.87226     0.050     32836     28788
  13.83040  13.87134     0.050     32826     28793
  13.82955  13.87039     0.050     32823     28797
  13.82870  13.86945     0.050     32819     28806
  13.82785  13.86850     0.050     32820     28821
  13.82700  13.86760     0.050     32811     28826
  13.82615  13.86676     0.050     32809     28828
  13.82530  13.86594     0.050     32809     28845
  13.82445  13.86519     0.050     32801     28853
  13.82360  13.86448     0.050     32794     28861
  13.82275  13.86376     0.050     32794     28866
  13.82190  13.86301     0.050     32796     28881
  13.82105  13.86220     0.050     32782     28883
  13.82020  13.86128     0.050     32786     28893
  13.81935  13.86032     0.050     32784     28906
  13.81850  13.85940     0.050     32786     28916
  13.81765  13.85846     0.050     32775     28919
  13.81680  13.85756     0.050     32779     28933
  13.81595  13.85672     0.050     32772     28933
  13.81510  13.85590     0.050     32763     28942
  13.81425  13.85515     0.050     32766     28960
  13.81340  13.85444     0.050     32761     28960
  13.81255  13.85371     0.050     32755     28977
  13.81170  13.85296     0.050     32756     28980
  13.81085  13.85214     0.050     32754     28992
  13.81000  13.85122     0.050     32752     28996
  13.80915  13.85026     0.050     32748     29004
  13.80830  13.84933     0.050     32747     29012
  13.80745  13.84839     0.050     32736     29016
  13.80660  13.84750     0.050     32733     29030
  13.80575  13.84665     0.050     32726     29037
  13.80490  13.84584     0.050     32728     29048
  13.80405  13.84508     0.050     32723     29051
  13.80320  13.84438     0.050     32730     29072
  13.80235  13.84364     0.050     32713     29072
  13.80150  13.84288     0.050     32718     29081
  13.80065  13.84206     0.050     32705     29084
  13.79980  13.84112     0.050     32717     29102
  13.79895  13.84017     0.050     32706     29102
  13.79810  13.83924     0.050     32693     29106
  13.79725  13.83830     0.050     32691     29123
  13.79640  13.83741     0.050     32687     29120
  13.79555  13.83657     0.050     32674     29129
  13.79470  13.83576     0.050     32664     29130
  13.79385  13.83502     0.050     32645     29123
  13.79300  13.83432     0.050     32569     29066
  13.79215  13.83359     0.050     32390     28914
  13.79130  13.83283     0.050     32203     28770
  13.79045  13.83200     0.050     32134     28715
  13.78960  13.83107     0.050     32288     28859
  13.78875  13.83012     0.050     32522     29077
  13.78790  13.82919     0.050     32647     29209
  13.78705  13.82825     0.050     32673     29238
  13.78620  13.82737     0.050     32663     29244
  13.78535  13.82653     0.050     32677     29256
  13.78450  13.82573     0.050     32662     29267
  13.78365  13.82499     0.050     32660     29260
  13.78280  13.82428     0.050     32659     29277
  13.78195  13.82355     0.050     32657     29288
  13.78110  13.82279     0.050     32648     29291
  13.78025  13.82195     0.050     32648     29309
  13.77940  13.82101     0.050     32644     29307
  13.77855  13.82007     0.050     32637     29321
  13.77770  13.81913     0.050     32629     29329
  13.77685  13.81819     0.050     32633     29341
  13.77600  13.81731     0.050     32616     29337
  13.77515  13.81647     0.050     32617     29349
  13.77430  13.81566     0.050     32620     29359
  13.77345  13.81492     0.050     32607     29363
  13.77260  13.81422     0.050     32597     29374
  13.77175  13.81348     0.050     32597     29377
  13.77090  13.81272     0.050     32589     29382
  13.77005  13.81187     0.050     32578     29377
  13.76920  13.81092     0.050     32579     29391
  13.76835  13.80998     0.050     32582     29402
  13.76750  13.80904     0.050     32556     29403
  13.76665  13.80811     0.050     32557     29414
  13.76580  13.80724     0.050     32545     29413
  13.76495  13.80640     0.050     32536     29415
  13.76410  13.80561     0.050     32511     29404
  13.76325  13.80488     0.050     32506     29418
  13.76240  13.80418     0.050     32465     29383
  13.76155  13.80344     0.050     32397     29327
  13.76070  13.80267     0.050     32215     29178
  13.75985  13.80183     0.050     31647     28669
  13.75900  13.80088     0.050     30927     28027
  13.75815  13.79993     0.050     30532     27686
  13.75730  13.79899     0.050     30839     27981
  13.75645  13.79807     0.050     31550     28636
  13.75560  13.79719     0.050     32164     29205
  13.75475  13.79636     0.050     32401     29430
  13.75390  13.79556     0.050     32427     29462
  13.75305  13.79484     0.050     32356     29411
  13.75220  13.79414     0.050     32210     29285
  13.75135  13.79340     0.050     32065     29176
  13.75050  13.79263     0.050     32036     29161
  13.74965  13.79176     0.050     32205     29317
  13.74880  13.79081     0.050     32418     29515
  13.74795  13.78987     0.050     32503     29611
  13.74710  13.78893     0.050     32502     29615
  13.74625  13.78800     0.050     32489     29622
  13.74540  13.78713     0.050     32480     29623
  13.74455  13.78629     0.050     32452     29605
  13.74370  13.78550     0.050     32421     29591
  13.74285  13.78479     0.050     32385     29577
  13.74200  13.78408     0.050     32312     29512
  13.74115  13.78333     0.050     32139     29373
  13.74030  13.78256     0.050     31713     28983
  13.73945  13.78170     0.050     31022     28366
  13.73860  13.78074     0.050     30515     27918
  13.73775  13.77981     0.050     30634     28041
  13.73690  13.77887     0.050     31330     28687
  13.73605  13.77795     0.050     32035     29343
  13.73520  13.77709     0.050     32439     29720
  13.73435  13.77626     0.050     32520     29817
  13.73350  13.77547     0.050     32494     29799
  13.73265  13.77475     0.050     32441     29762
  13.73180  13.77404     0.050     32394     29726
  13.73095  13.77330     0.050     32402     29747
  13.73010  13.77253     0.050     32412     29766
  13.72925  13.77165     0.050     32409     29775
  13.72840  13.77070     0.050     32366     29756
  13.72755  13.76976     0.050     32344     29741
  13.72670  13.76883     0.050     32369     29780
  13.72585  13.76791     0.050     32423     29839
  13.72500  13.76704     0.050     32412     29852
  13.72415  13.76621     0.050     32368     29807
  13.72330  13.76543     0.050     32316     29774
  13.72245  13.76472     0.050     32306     29772
  13.72160  13.76400     0.050     32332     29801
  13.72075  13.76325     0.050     32337     29826
  13.71990  13.76248     0.050     32308     29808
  13.71905  13.76159     0.050     32229     29749
  13.71820  13.76063     0.050     32183     29713
  13.71735  13.75969     0.050     32161     29710
  13.71650  13.75875     0.050     32081     29647
  13.71565  13.75783     0.050     31757     29352
  13.71480  13.75697     0.050     31096     28753
  13.71395  13.75615     0.050     30502     28220
  13.71310  13.75537     0.050     30398     28140
  13.71225  13.75466     0.050     31005     28714
  13.71140  13.75395     0.050     31770     29443
  13.71055  13.75320     0.050     32302     29944
  13.70970  13.75242     0.050     32428     30069
  13.70885  13.75153     0.050     32444     30088
  13.70800  13.75057     0.050     32442     30098
  13.70715  13.74964     0.050     32438     30100
  13.70630  13.74871     0.050     32418     30101
  13.70545  13.74779     0.050     32406     30104
  13.70460  13.74694     0.050     32375     30089
  13.70375  13.74611     0.050     32332     30048
  13.70290  13.74534     0.050     32196     29936
  13.70205  13.74463     0.050     32006     29765
  13.70120  13.74391     0.050     31846     29630
  13.70035  13.74317     0.050     31874     29680
  13.69950  13.74238     0.050     32087     29892
  13.69865  13.74149     0.050     32267     30069
  13.69780  13.74053     0.050     32342     30143
  13.69695  13.73961     0.050     32307     30120
  13.69610  13.73867     0.050     32211     30044
  13.69525  13.73775     0.050     31875     29732
  13.69440  13.73690     0.050     31188     29102
  13.69355  13.73607     0.050     30605     28579
  13.69270  13.73530     0.050     30518     28509
  13.69185  13.73459     0.050     31085     29061
  13.69100  13.73387     0.050     31752     29695
  13.69015  13.73312     0.050     32194     30111
  13.68930  13.73233     0.050     32313     30227
  13.68845  13.73142     0.050     32346     30269
  13.68760  13.73047     0.050     32345     30278
  13.68675  13.72954     0.050     32343     30300
  13.68590  13.72860     0.050     32341     30305
  13.68505  13.72769     0.050     32337     30314
  13.68420  13.72684     0.050     32337     30315
  13.68335  13.72602     0.050     32327     30321
  13.68250  13.72525     0.050     32319     30334
  13.68165  13.72455     0.050     32318     30345
  13.68080  13.72383     0.050     32309     30350
  13.67995  13.72308     0.050     32319     30356
  13.67910  13.72228     0.050     32309     30377
  13.67825  13.72137     0.050     32303     30365
  13.67740  13.72042     0.050     32296     30379
  13.67655  13.71949     0.050     32298     30388
  13.67570  13.71855     0.050     32291     30393
  13.67485  13.71764     0.050     32276     30393
  13.67400  13.71680     0.050     32282     30403
  13.67315  13.71598     0.050     32274     30407
  13.67230  13.71521     0.050     32271     30415
  13.67145  13.71451     0.050     32259     30424
  13.67060  13.71379     0.050     32256     30432
  13.66975  13.71304     0.050     32250     30432
  13.66890  13.71224     0.050     32244     30437
  13.66805  13.71132     0.050     32242     30447
  13.66720  13.71037     0.050     32233     30448
  13.66635  13.70943     0.050     32227     30457
  13.66550  13.70849     0.050     32214     30453
  13.66465  13.70759     0.050     32212     30467
  13.66380  13.70675     0.050     32184     30455
  13.66295  13.70593     0.050     32109     30391
  13.66210  13.70517     0.050     31965     30256
  13.66125  13.70446     0.050     31809     30126
  13.66040  13.70374     0.050     31746     30085
  13.65955  13.70298     0.050     31906     30246
  13.65870  13.70218     0.050     32112     30452
  13.65785  13.70126     0.050     32201     30543
  13.65700  13.70031     0.050     32189     30548
  13.65615  13.69938     0.050     32186     30557
  13.65530  13.69844     0.050     32179     30558
  13.65445  13.69755     0.050     32160     30555
  13.65360  13.69670     0.050     32153     30552
  13.65275  13.69589     0.050     32156     30569
  13.65190  13.69514     0.050     32137     30567
  13.65105  13.69444     0.050     32136     30571
  13.65020  13.69371     0.050     32144     30595
  13.64935  13.69296     0.050     32136     30595
  13.64850  13.69215     0.050     32128     30605
  13.64765  13.69123     0.050     32143     30616
  13.64680  13.69028     0.050     32124     30628
  13.64595  13.68935     0.050     32125     30627
  13.64510  13.68841     0.050     32118     30637
  13.64425  13.68752     0.050     32119     30646
  13.64340  13.68667     0.050     32116     30661
  13.64255  13.68586     0.050     32105     30665
  13.64170  13.68511     0.050     32115     30688
  13.64085  13.68441     0.050     32103     30692
  13.64000  13.68368     0.050     32110     30695
  13.63915  13.68292     0.050     32097     30698
  13.63830  13.68211     0.050     32108     30721
  13.63745  13.68118     0.050     32101     30726
  13.63660  13.68023     0.050     32097     30735
  13.63575  13.67930     0.050     32096     30750
  13.63490  13.67835     0.050     32090     30743
  13.63405  13.67746     0.050     32088     30760
  13.63320  13.67661     0.050     32082     30776
  13.63235  13.67580     0.050     32084     30777
  13.63150  13.67505     0.050     32084     30793
  13.63065  13.67435     0.050     32076     30797
  13.62980  13.67361     0.050     32078     30811
  13.62895  13.67286     0.050     32062     30808
  13.62810  13.67204     0.050     32063     30825
  13.62725  13.67110     0.050     32078     30841
  13.62640  13.67015     0.050     32069     30852
  13.62555  13.66922     0.050     32052     30843
  13.62470  13.66829     0.050     32059     30865
  13.62385  13.66741     0.050     32058     30885
  13.62300  13.66657     0.050     32038     30869
  13.62215  13.66576     0.050     32052     30886
  13.62130  13.66502     0.050     32046     30903
  13.62045  13.66432     0.050     32033     30898
  13.61960  13.66359     0.050     32035     30906
  13.61875  13.66283     0.050     32037     30926
  13.61790  13.66200     0.050     32035     30934
  13.61705  13.66106     0.050     32035     30941
  13.61620  13.66011     0.050     32032     30961
  13.61535  13.65918     0.050     32034     30969
  13.61450  13.65824     0.050     32031     30983
  13.61365  13.65736     0.050     32018     30982
  13.61280  13.65652     0.050     32034     31003
  13.61195  13.65571     0.050     32024     30999
  13.61110  13.65498     0.050     32016     31010
  13.61025  13.65427     0.050     32025     31027
  13.60940  13.65354     0.050     32013     31033
  13.60855  13.65278     0.050     32008     31028
  13.60770  13.65194     0.050     32009     31046
  13.60685  13.65099     0.050     32010     31061
  13.60600  13.65004     0.050     31997     31062
  13.60515  13.64911     0.050     31990     31061
  13.60430  13.64817     0.050     31994     31084
  13.60345  13.64729     0.050     31989     31088
  13.60260  13.64645     0.050     31971     31081
  13.60175  13.64564     0.050     31978     31094
  13.60090  13.64491     0.050     31976     31109
  13.60005  13.64420     0.050     31958     31104
  13.59920  13.64347     0.050     31955     31112
  13.59835  13.64270     0.050     31965     31138
  13.59750  13.64185     0.050     31961     31138
  13.59665  13.64090     0.050     31950     31142
  13.59580  13.63996     0.050     31946     31151
  13.59495  13.63903     0.050     31941     31174
  13.59410  13.63810     0.050     31936     31163
  13.59325  13.63722     0.050     31926     31173
  13.59240  13.63639     0.050     31933     31184
  13.59155  13.63559     0.050     31928     31188
  13.59070  13.63486     0.050     31913     31190
  13.58985  13.63415     0.050     31923     31212
  13.58900  13.63341     0.050     31912     31214
  13.58815  13.63265     0.050     31908     31219
  13.58730  13.63178     0.050     31907     31225
  13.58645  13.63083     0.050     31904     31243
  13.58560  13.62989     0.050     31895     31246
  13.58475  13.62896     0.050     31894     31251
  13.58390  13.62802     0.050     31905     31273
  13.58305  13.62715     0.050     31895     31276
  13.58220  13.62632     0.050     31889     31278
  13.58135  13.62553     0.050     31886     31296
  13.58050  13.62481     0.050     31881     31297
  13.57965  13.62409     0.050     31873     31303
  13.57880  13.62335     0.050     31876     31315
  13.57795  13.62257     0.050     31871     31322
  13.57710  13.62170     0.050     31865     31326
  13.57625  13.62074     0.050     31856     31334
  13.57540  13.61980     0.050     31856     31348
  13.57455  13.61886     0.050     31857     31359
  13.57370  13.61794     0.050     31856     31362
  13.57285  13.61707     0.050     31853     31370
  13.57200  13.61625     0.050     31847     31383
  13.57115  13.61546     0.050     31835     31387
  13.57030  13.61474     0.050     31834     31396
  13.56945  13.61403     0.050     31835     31419
  13.56860  13.61329     0.050     31834     31420
  13.56775  13.61251     0.050     31838     31433
  13.56690  13.61163     0.050     31846     31455
  13.56605  13.61068     0.050     31838     31459
  13.56520  13.60974     0.050     31836     31470
  13.56435  13.60880     0.050     31834     31494
  13.56350  13.60788     0.050     31827     31488
  13.56265  13.60702     0.050     31817     31485
  13.56180  13.60619     0.050     31828     31508
  13.56095  13.60541     0.050     31814     31507
  13.56010  13.60469     0.050     31814     31520
  13.55925  13.60398     0.050     31822     31532
  13.55840  13.60323     0.050     31818     31548
  13.55755  13.60245     0.050     31799     31536
  13.55670  13.60156     0.050     31806     31561
  13.55585  13.60060     0.050     31799     31568
  13.55500  13.59966     0.050     31800     31576
  13.55415  13.59873     0.050     31786     31572
  13.55330  13.59781     0.050     31794     31594
  13.55245  13.59695     0.050     31792     31603
  13.55160  13.59611     0.050     31780     31610
  13.55075  13.59533     0.050     31783     31615
  13.54990  13.59462     0.050     31781     31636
  13.54905  13.59389     0.050     31777     31639
  13.54820  13.59314     0.050     31775     31643
  13.54735  13.59235     0.050     31771     31654
  13.54650  13.59145     0.050     31780     31668
  13.54565  13.59049     0.050     31758     31667
  13.54480  13.58956     0.050     31770     31678
  13.54395  13.58862     0.050     31765     31695
  13.54310  13.58771     0.050     31755     31707
  13.54225  13.58686     0.050     31751     31701
  13.54140  13.58603     0.050     31761     31719
  13.54055  13.58526     0.050     31751     31723
  13.53970  13.58455     0.050     31727     31718
  13.53885  13.58383     0.050     31734     31744
  13.53800  13.58308     0.050     31735     31740
  13.53715  13.58228     0.050     31729     31752
  13.53630  13.58137     0.050     31723     31760
  13.53545  13.58042     0.050     31726     31775
  13.53460  13.57949     0.050     31714     31776
  13.53375  13.57854     0.050     31719     31790
  13.53290  13.57764     0.050     31712     31792
  13.53205  13.57679     0.050     31710     31802
  13.53120  13.57597     0.050     31705     31811
  13.53035  13.57520     0.050     31704     31822
  13.52950  13.57450     0.050     31697     31835
  13.52865  13.57377     0.050     31699     31847
  13.52780  13.57302     0.050     31696     31857
  13.52695  13.57221     0.050     31683     31854
  13.52610  13.57129     0.050     31686     31870
  13.52525  13.57034     0.050     31691     31879
  13.52440  13.56940     0.050     31687     31885
  13.52355  13.56846     0.050     31672     31888
  13.52270  13.56756     0.050     31685     31901
  13.52185  13.56671     0.050     31674     31915
  13.52100  13.56589     0.050     31676     31921
  13.52015  13.56513     0.050     31659     31919
  13.51930  13.56442     0.050     31666     31944
  13.51845  13.56369     0.050     31657     31944
  13.51760  13.56293     0.050     31649     31956
  13.51675  13.56211     0.050     31644     31957
  13.51590  13.56118     0.050     31645     31971
  13.51505  13.56023     0.050     31644     31973
  13.51420  13.55930     0.050     31634     31981
  13.51335  13.55836     0.050     31642     32002
  13.51250  13.55747     0.050     31632     32008
  13.51165  13.55662     0.050     31620     32008
  13.51080  13.55581     0.050     31634     32025
  13.50995  13.55506     0.050     31627     32027
  13.50910  13.55436     0.050     31621     32038
  13.50825  13.55362     0.050     31623     32045
  13.50740  13.55286     0.050     31616     32059
  13.50655  13.55204     0.050     31615     32071
  13.50570  13.55110     0.050     31605     32068
  13.50485  13.55015     0.050     31600     32091
  13.50400  13.54921     0.050     31601     32097
  13.50315  13.54828     0.050     31597     32091
  13.50230  13.54739     0.050     31591     32099
  13.50145  13.54655     0.050     31588     32111
  13.50060  13.54574     0.050     31585     32116
  13.49975  13.54500     0.050     31585     32133
  13.49890  13.54429     0.050     31577     32135
  13.49805  13.54355     0.050     31588     32159
  13.49720  13.54279     0.050     31573     32157
  13.49635  13.54195     0.050     31559     32168
  13.49550  13.54101     0.050     31572     32171
  13.49465  13.54006     0.050     31563     32184
  13.49380  13.53912     0.050     31557     32184
  13.49295  13.53818     0.050     31556     32203
  13.49210  13.53730     0.050     31558     32206
  13.49125  13.53646     0.050     31547     32224
  13.49040  13.53566     0.050     31544     32225
  13.48955  13.53492     0.050     31542     32236
  13.48870  13.53422     0.050     31543     32249
  13.48785  13.53348     0.050     31529     32238
  13.48700  13.53272     0.050     31531     32266
  13.48615  13.53187     0.050     31528     32273
  13.48530  13.53092     0.050     31524     32277
  13.48445  13.52998     0.050     31518     32288
  13.48360  13.52904     0.050     31517     32297
  13.48275  13.52811     0.050     31520     32304
  13.48190  13.52723     0.050     31506     32300
  13.48105  13.52640     0.050     31501     32312
  13.48020  13.52560     0.050     31510     32329
  13.47935  13.52487     0.050     31493     32330
  13.47850  13.52416     0.050     31485     32334
  13.47765  13.52342     0.050     31489     32350
  13.47680  13.52266     0.050     31490     32353
  13.47595  13.52180     0.050     31482     32365
  13.47510  13.52085     0.050     31480     32369
  13.47425  13.51990     0.050     31482     32401
  13.47340  13.51896     0.050     31465     32385
  13.47255  13.51804     0.050     31462     32397
  13.47170  13.51717     0.050     31465     32414
  13.47085  13.51633     0.050     31468     32423
  13.47000  13.51553     0.050     31453     32410
  13.46915  13.51481     0.050     31445     32425
  13.46830  13.51410     0.050     31449     32443
  13.46745  13.51335     0.050     31439     32446
  13.46660  13.51258     0.050     31445     32446
  13.46575  13.51171     0.050     31445     32471
  13.46490  13.51075     0.050     31431     32475
  13.46405  13.50981     0.050     31433     32477
  13.46320  13.50886     0.050     31432     32498
  13.46235  13.50793     0.050     31427     32506
  13.46150  13.50707     0.050     31416     32510
  13.46065  13.50623     0.050     31421     32517
  13.45980  13.50545     0.050     31422     32537
  13.45895  13.50473     0.050     31414     32541
  13.45810  13.50402     0.050     31406     32535
  13.45725  13.50328     0.050     31405     32552
  13.45640  13.50250     0.050     31405     32562
  13.45555  13.50162     0.050     31386     32579
  13.45470  13.50067     0.050     31398     32576
  13.45385  13.49973     0.050     31394     32595
  13.45300  13.49879     0.050     31376     32586
  13.45215  13.49787     0.050     31387     32603
  13.45130  13.49701     0.050     31385     32624
  13.45045  13.49618     0.050     31380     32625
  13.44960  13.49540     0.050     31372     32619
  13.44875  13.49469     0.050     31376     32642
  13.44790  13.49397     0.050     31366     32650
  13.44705  13.49323     0.050     31353     32644
  13.44620  13.49244     0.050     31350     32648
  13.44535  13.49155     0.050     31356     32672
  13.44450  13.49060     0.050     31346     32671
  13.44365  13.48966     0.050     31350     32685
  13.44280  13.48872     0.050     31347     32704
  13.44195  13.48780     0.050     31339     32702
  13.44110  13.48695     0.050     31329     32693
  13.44025  13.48612     0.050     31335     32727
  13.43940  13.48535     0.050     31332     32732
  13.43855  13.48464     0.050     31312     32731
  13.43770  13.48391     0.050     31324     32744
  13.43685  13.48316     0.050     31331     32757
  13.43600  13.48237     0.050     31315     32755
  13.43515  13.48146     0.050     31308     32769
  13.43430  13.48050     0.050     31322     32800
  13.43345  13.47957     0.050     31306     32792
  13.43260  13.47863     0.050     31300     32797
  13.43175  13.47772     0.050     31309     32816
  13.43090  13.47687     0.050     31302     32827
  13.43005  13.47604     0.050     31280     32807
  13.42920  13.47527     0.050     31281     32834
  13.42835  13.47456     0.050     31293     32845
  13.42750  13.47385     0.050     31282     32842
  13.42665  13.47310     0.050     31267     32838
  13.42580  13.47230     0.050     31276     32867
  13.42495  13.47139     0.050     31279     32888
  13.42410  13.47044     0.050     31263     32879
  13.42325  13.46951     0.050     31263     32894
  13.42240  13.46857     0.050     31269     32912
  13.42155  13.46766     0.050     31251     32903
  13.42070  13.46681     0.050     31245     32909
  13.41985  13.46598     0.050     31269     32946
  13.41900  13.46522     0.050     31255     32937
  13.41815  13.46452     0.050     31237     32933
  13.41730  13.46379     0.050     31253     32960
  13.41645  13.46304     0.050     31245     32969
  13.41560  13.46224     0.050     31221     32958
  13.41475  13.46132     0.050     31225     32972
  13.41390  13.46036     0.050     31240     32989
  13.41305  13.45943     0.050     31223     33001
  13.41220  13.45849     0.050     31212     32989
  13.41135  13.45759     0.050     31225     33022
  13.41050  13.45674     0.050     31210     33024
  13.40965  13.45591     0.050     31205     33017
  13.40880  13.45515     0.050     31199     33027
  13.40795  13.45444     0.050     31211     33053
  13.40710  13.45371     0.050     31192     33049
  13.40625  13.45296     0.050     31180     33047
  13.40540  13.45215     0.050     31196     33083
  13.40455  13.45122     0.050     31193     33078
  13.40370  13.45028     0.050     31184     33090
  13.40285  13.44935     0.050     31185     33091
  13.40200  13.44840     0.050     31190     33119
  13.40115  13.44751     0.050     31167     33104
  13.40030  13.44667     0.050     31165     33113
  13.39945  13.44586     0.050     31161     33130
  13.39860  13.44510     0.050     31158     33135
  13.39775  13.44440     0.050     31163     33147
  13.39690  13.44367     0.050     31154     33156
  13.39605  13.44292     0.050     31152     33168
  13.39520  13.44210     0.050     31141     33161
  13.39435  13.44117     0.050     31150     33179
  13.39350  13.44022     0.050     31142     33193
  13.39265  13.43929     0.050     31130     33200
  13.39180  13.43835     0.050     31137     33210
  13.39095  13.43745     0.050     31127     33217
  13.39010  13.43661     0.050     31119     33209
  13.38925  13.43580     0.050     31127     33236
  13.38840  13.43506     0.050     31122     33236
  13.38755  13.43435     0.050     31122     33255
  13.38670  13.43362     0.050     31107     33252
  13.38585  13.43287     0.050     31111     33266
  13.38500  13.43204     0.050     31108     33278
  13.38415  13.43110     0.050     31102     33279
  13.38330  13.43015     0.050     31109     33295
  13.38245  13.42922     0.050     31097     33301
  13.38160  13.42828     0.050     31093     33305
  13.38075  13.42738     0.050     31092     33328
  13.37990  13.42654     0.050     31087     33331
  13.37905  13.42573     0.050     31077     33331
  13.37820  13.42498     0.050     31081     33351
  13.37735  13.42427     0.050     31073     33358
  13.37650  13.42354     0.050     31080     33371
  13.37565  13.42278     0.050     31056     33355
  13.37480  13.42195     0.050     31070     33372
  13.37395  13.42101     0.050     31072     33394
  13.37310  13.42006     0.050     31057     33391
  13.37225  13.41912     0.050     31057     33414
  13.37140  13.41819     0.050     31056     33412
  13.37055  13.41732     0.050     31051     33424
  13.36970  13.41648     0.050     31045     33434
  13.36885  13.41567     0.050     31046     33437
  13.36800  13.41494     0.050     31042     33448
  13.36715  13.41423     0.050     31043     33454
  13.36630  13.41350     0.050     31022     33458
  13.36545  13.41274     0.050     31030     33481
  13.36460  13.41190     0.050     31031     33493
  13.36375  13.41095     0.050     31020     33494
  13.36290  13.41001     0.050     31018     33501
  13.36205  13.40907     0.050     31018     33502
  13.36120  13.40814     0.050     31009     33516
  13.36035  13.40727     0.050     31003     33523
  13.35950  13.40643     0.050     31010     33543
  13.35865  13.40563     0.050     31002     33541
  13.35780  13.40490     0.050     30992     33544
  13.35695  13.40420     0.050     30985     33550
  13.35610  13.40346     0.050     30992     33571
  13.35525  13.40269     0.050     30983     33581
  13.35440  13.40184     0.050     30973     33578
  13.35355  13.40089     0.050     30982     33585
  13.35270  13.39995     0.050     30985     33609
  13.35185  13.39901     0.050     30964     33601
  13.35100  13.39807     0.050     30970     33615
  13.35015  13.39720     0.050     30967     33633
  13.34930  13.39636     0.050     30963     33639
  13.34845  13.39557     0.050     30955     33640
  13.34760  13.39484     0.050     30961     33659
  13.34675  13.39414     0.050     30953     33672
  13.34590  13.39340     0.050     30941     33668
  13.34505  13.39263     0.050     30935     33669
  13.34420  13.39177     0.050     30928     33681
  13.34335  13.39082     0.050     30928     33690
  13.34250  13.38989     0.050     30921     33678
  13.34165  13.38895     0.050     30921     33708
  13.34080  13.38802     0.050     30923     33717
  13.33995  13.38715     0.050     30909     33712
  13.33910  13.38632     0.050     30903     33729
  13.33825  13.38552     0.050     30915     33743
  13.33740  13.38480     0.050     30904     33737
  13.33655  13.38409     0.050     30903     33756
  13.33570  13.38335     0.050     30902     33769
  13.33485  13.38258     0.050     30895     33767
  13.33400  13.38171     0.050     30885     33770
  13.33315  13.38076     0.050     30887     33779
  13.33230  13.37983     0.050     30884     33793
  13.33145  13.37889     0.050     30877     33795
  13.33060  13.37796     0.050     30871     33800
  13.32975  13.37710     0.050     30871     33827
  13.32890  13.37626     0.050     30864     33827
  13.32805  13.37548     0.050     30853     33822
  13.32720  13.37476     0.050     30859     33841
  13.32635  13.37405     0.050     30854     33857
  13.32550  13.37330     0.050     30840     33854
  13.32465  13.37252     0.050     30839     33857
  13.32380  13.37164     0.050     30852     33893
  13.32295  13.37069     0.050     30842     33873
  13.32210  13.36975     0.050     30832     33883
  13.32125  13.36881     0.050     30833     33913
  13.32040  13.36789     0.050     30837     33909
  13.31955  13.36703     0.050     30829     33928
  13.31870  13.36621     0.050     30824     33926
  13.31785  13.36543     0.050     30828     33943
  13.31700  13.36471     0.050     30817     33948
  13.31615  13.36400     0.050     30805     33945
  13.31530  13.36326     0.050     30816     33971
  13.31445  13.36248     0.050     30809     33976
  13.31360  13.36160     0.050     30803     33980
  13.31275  13.36065     0.050     30804     33987
  13.31190  13.35972     0.050     30798     33999
  13.31105  13.35878     0.050     30784     34000
  13.31020  13.35786     0.050     30789     34008
  13.30935  13.35700     0.050     30790     34036
  13.30850  13.35617     0.050     30779     34018
  13.30765  13.35539     0.050     30777     34032
  13.30680  13.35468     0.050     30782     34053
  13.30595  13.35396     0.050     30764     34045
  13.30510  13.35322     0.050     30753     34050
  13.30425  13.35244     0.050     30765     34075
  13.30340  13.35155     0.050     30759     34074
  13.30255  13.35060     0.050     30751     34080
  13.30170  13.34967     0.050     30764     34112
  13.30085  13.34873     0.050     30749     34106
  13.30000  13.34781     0.050     30739     34111
  13.29915  13.34695     0.050     30748     34126
  13.29830  13.34612     0.050     30738     34139
  13.29745  13.34534     0.050     30728     34134
  13.29660  13.34463     0.050     30722     34131
  13.29575  13.34391     0.050     30732     34159
  13.29490  13.34316     0.050     30723     34171
  13.29405  13.34237     0.050     30715     34165
  13.29320  13.34146     0.050     30719     34182
  13.29235  13.34051     0.050     30719     34197
  13.29150  13.33958     0.050     30696     34178
  13.29065  13.33864     0.050     30700     34194
  13.28980  13.33773     0.050     30697     34210
  13.28895  13.33688     0.050     30699     34218
  13.28810  13.33605     0.050     30683     34211
  13.28725  13.33529     0.050     30687     34233
  13.28640  13.33458     0.050     30683     34251
  13.28555  13.33386     0.050     30666     34231
  13.28470  13.33311     0.050     30678     34262
  13.28385  13.33232     0.050     30676     34268
  13.28300  13.33142     0.050     30668     34276
  13.28215  13.33047     0.050     30658     34274
  13.28130  13.32954     0.050     30671     34312
  13.28045  13.32860     0.050     30646     34288
  13.27960  13.32769     0.050     30652     34299
  13.27875  13.32684     0.050     30647     34313
  13.27790  13.32602     0.050     30650     34332
  13.27705  13.32525     0.050     30633     34319
  13.27620  13.32454     0.050     30641     34338
  13.27535  13.32382     0.050     30639     34357
  13.27450  13.32307     0.050     30632     34356
  13.27365  13.32228     0.050     30624     34363
  13.27280  13.32137     0.050     30622     34374
  13.27195  13.32041     0.050     30623     34380
  13.27110  13.31949     0.050     30611     34381
  13.27025  13.31854     0.050     30613     34402
  13.26940  13.31763     0.050     30620     34419
  13.26855  13.31678     0.050     30606     34415
  13.26770  13.31596     0.050     30602     34431
  13.26685  13.31519     0.050     30601     34442
  13.26600  13.31449     0.050     30590     34431
  13.26515  13.31377     0.050     30586     34441
  13.26430  13.31302     0.050     30589     34459
  13.26345  13.31222     0.050     30585     34469
  13.26260  13.31130     0.050     30575     34465
  13.26175  13.31035     0.050     30572     34483
  13.26090  13.30942     0.050     30575     34499
  13.26005  13.30848     0.050     30556     34482
  13.25920  13.30758     0.050     30562     34503
  13.25835  13.30674     0.050     30570     34524
  13.25750  13.30592     0.050     30555     34516
  13.25665  13.30517     0.050     30546     34522
  13.25580  13.30447     0.050     30551     34545
  13.25495  13.30375     0.050     30554     34549
  13.25410  13.30300     0.050     30531     34545
  13.25325  13.30219     0.050     30536     34557
  13.25240  13.30127     0.050     30534     34573
  13.25155  13.30032     0.050     30523     34560
  13.25070  13.29940     0.050     30527     34583
  13.24985  13.29845     0.050     30528     34596
  13.24900  13.29756     0.050     30509     34589
  13.24815  13.29672     0.050     30507     34603
  13.24730  13.29590     0.050     30517     34633
  13.24645  13.29515     0.050     30503     34627
  13.24560  13.29444     0.050     30493     34627
  13.24475  13.29372     0.050     30502     34650
  13.24390  13.29297     0.050     30494     34656
  13.24305  13.29216     0.050     30485     34651
  13.24220  13.29124     0.050     30487     34664
  13.24135  13.29029     0.050     30497     34693
  13.24050  13.28935     0.050     30472     34673
  13.23965  13.28841     0.050     30474     34687
  13.23880  13.28752     0.050     30473     34707
  13.23795  13.28667     0.050     30468     34716
  13.23710  13.28586     0.050     30454     34702
  13.23625  13.28511     0.050     30461     34731
  13.23540  13.28441     0.050     30467     34736
  13.23455  13.28368     0.050     30437     34722
  13.23370  13.28293     0.050     30451     34741
  13.23285  13.28212     0.050     30449     34762
  13.23200  13.28120     0.050     30427     34751
  13.23115  13.28026     0.050     30430     34763
  13.23030  13.27933     0.050     30435     34781
  13.22945  13.27839     0.050     30430     34796
  13.22860  13.27750     0.050     30419     34791
  13.22775  13.27666     0.050     30418     34801
  13.22690  13.27585     0.050     30415     34813
  13.22605  13.27510     0.050     30415     34818
  13.22520  13.27440     0.050     30397     34815
  13.22435  13.27367     0.050     30405     34840
  13.22350  13.27292     0.050     30390     34834
  13.22265  13.27211     0.050     30386     34834
  13.22180  13.27118     0.050     30386     34850
  13.22095  13.27024     0.050     30381     34856
  13.22010  13.26931     0.050     30368     34857
  13.21925  13.26837     0.050     30372     34865
  13.21840  13.26748     0.050     30364     34877
  13.21755  13.26664     0.050     30358     34884
  13.21670  13.26582     0.050     30321     34858
  13.21585  13.26508     0.050     30218     34742
  13.21500  13.26438     0.050     30081     34597
  13.21415  13.26365     0.050     30034     34555
  13.21330  13.26290     0.050     30118     34667
  13.21245  13.26208     0.050     30181     34748
  13.21160  13.26114     0.050     30081     34651
  13.21075  13.26020     0.050     29999     34569
  13.20990  13.25927     0.050     30055     34652
  13.20905  13.25833     0.050     30200     34828
  13.20820  13.25744     0.050     30275     34912
  13.20735  13.25660     0.050     30172     34816
  13.20650  13.25579     0.050     30037     34678
  13.20565  13.25505     0.050     30014     34662
  13.20480  13.25435     0.050     30121     34797
  13.20395  13.25363     0.050     30246     34954
  13.20310  13.25288     0.050     30173     34884
  13.20225  13.25206     0.050     30058     34760
