2026-08-17 21:49:29,803 - INFO - Loaded 12915 materials for processing.
2026-08-17 21:49:33,836 - WARNING - /opt/miniforge/envs/sandbox/lib/python3.12/site-packages/pymatgen/io/cif.py:1817: UserWarning: Issues encountered while parsing CIF: 2 fractional coordinates rounded to ideal values to avoid issues with finite precision.
  return parser.parse_structures(primitive=primitive)[0]

2026-08-17 21:49:33,840 - WARNING - /opt/miniforge/envs/sandbox/lib/python3.12/site-packages/pymatgen/io/cif.py:1817: UserWarning: Issues encountered while parsing CIF: 2 fractional coordinates rounded to ideal values to avoid issues with finite precision.
  return parser.parse_structures(primitive=primitive)[0]

2026-08-17 21:49:34,652 - ERROR - No coordination environment symbols available for mp-150 and index 0.
2026-08-17 21:49:34,668 - ERROR - No coordination environment symbols available for mp-136 and index 0.
2026-08-17 21:49:34,676 - WARNING - /opt/miniforge/envs/sandbox/lib/python3.12/site-packages/pymatgen/io/cif.py:1817: UserWarning: Issues encountered while parsing CIF: 2 fractional coordinates rounded to ideal values to avoid issues with finite precision.
  return parser.parse_structures(primitive=primitive)[0]

2026-08-17 21:49:34,695 - ERROR - No coordination environment symbols available for mp-13 and index 0.
2026-08-17 21:49:34,814 - ERROR - mp-449, the bav file does not exist
2026-08-17 21:49:34,814 - ERROR - mp-449, the bav file does not exist
2026-08-17 21:49:35,073 - INFO - mp-226, 0, O:6, 1.000, 0.295
2026-08-17 21:49:35,171 - ERROR - No coordination environment symbols available for mp-204 and index 8.
2026-08-17 21:49:35,224 - ERROR - No coordination environment symbols available for mp-305 and index 1.
2026-08-17 21:49:35,340 - ERROR - No coordination environment symbols available for mp-333 and index 8.
2026-08-17 21:49:35,757 - INFO - mp-248, 0, T:4, 1.000, 3.367
2026-08-17 21:49:36,255 - ERROR - No coordination environment symbols available for mp-474 and index 8.
2026-08-17 21:49:36,296 - INFO - mp-535, 0, O:6, 1.000, 2.288
2026-08-17 21:49:36,306 - ERROR - No coordination environment symbols available for mp-535 and index 3.
2026-08-17 21:49:36,309 - WARNING - /opt/miniforge/envs/sandbox/lib/python3.12/site-packages/pymatgen/io/cif.py:1817: UserWarning: Issues encountered while parsing CIF: 2 fractional coordinates rounded to ideal values to avoid issues with finite precision.
  return parser.parse_structures(primitive=primitive)[0]

2026-08-17 21:49:36,468 - INFO - mp-427, 0, O:6, 1.000, 1.819
2026-08-17 21:49:36,478 - INFO - mp-427, 2, O:6, 1.000, 1.817
2026-08-17 21:49:36,504 - ERROR - No coordination environment symbols available for mp-589 and index 8.
2026-08-17 21:49:36,521 - ERROR - No coordination environment symbols available for mp-540 and index 8.
2026-08-17 21:49:36,529 - ERROR - No coordination environment symbols available for mp-649 and index 0.
2026-08-17 21:49:36,924 - ERROR - No coordination environment symbols available for mp-555 and index 0.
2026-08-17 21:49:36,924 - ERROR - No coordination environment symbols available for mp-555 and index 8.
2026-08-17 21:49:36,924 - INFO - mp-555, 12, O:6, 1.000, 6.600
2026-08-17 21:49:36,942 - WARNING - /opt/miniforge/envs/sandbox/lib/python3.12/site-packages/pymatgen/io/cif.py:1817: UserWarning: Issues encountered while parsing CIF: 2 fractional coordinates rounded to ideal values to avoid issues with finite precision.
  return parser.parse_structures(primitive=primitive)[0]

2026-08-17 21:49:37,192 - INFO - mp-760, 0, O:6, 1.000, 0.356
2026-08-17 21:49:37,464 - INFO - mp-1005, 0, O:6, 1.000, 2.053
2026-08-17 21:49:37,492 - ERROR - No coordination environment symbols available for mp-871 and index 0.
2026-08-17 21:49:37,533 - ERROR - No coordination environment symbols available for mp-654 and index 6.
2026-08-17 21:49:37,533 - ERROR - No coordination environment symbols available for mp-654 and index 24.
2026-08-17 21:49:37,533 - ERROR - No coordination environment symbols available for mp-654 and index 42.
2026-08-17 21:49:37,533 - INFO - mp-654, 51, T:6, 1.000, 6.602
2026-08-17 21:49:37,590 - INFO - mp-778, 0, T:4, 1.000, 0.894
2026-08-17 21:49:37,601 - ERROR - No coordination environment symbols available for mp-778 and index 3.
2026-08-17 21:49:38,008 - INFO - mp-1090, 0, O:6, 1.000, 0.902
2026-08-17 21:49:38,401 - ERROR - No coordination environment symbols available for mp-1159 and index 8.
2026-08-17 21:49:38,834 - ERROR - No coordination environment symbols available for mp-843 and index 6.
2026-08-17 21:49:38,835 - ERROR - No coordination environment symbols available for mp-843 and index 24.
2026-08-17 21:49:38,835 - ERROR - No coordination environment symbols available for mp-843 and index 42.
2026-08-17 21:49:38,835 - ERROR - No coordination environment symbols available for mp-843 and index 51.
2026-08-17 21:49:38,845 - ERROR - No coordination environment symbols available for mp-1246 and index 0.
2026-08-17 21:49:38,910 - ERROR - No coordination environment symbols available for mp-1418 and index 0.
2026-08-17 21:49:38,933 - ERROR - No coordination environment symbols available for mp-880 and index 6.
2026-08-17 21:49:38,933 - ERROR - No coordination environment symbols available for mp-880 and index 24.
2026-08-17 21:49:38,933 - ERROR - No coordination environment symbols available for mp-880 and index 42.
2026-08-17 21:49:38,934 - ERROR - No coordination environment symbols available for mp-880 and index 51.
2026-08-17 21:49:38,944 - WARNING - /opt/miniforge/envs/sandbox/lib/python3.12/site-packages/pymatgen/io/cif.py:1817: UserWarning: Issues encountered while parsing CIF: 2 fractional coordinates rounded to ideal values to avoid issues with finite precision.
  return parser.parse_structures(primitive=primitive)[0]

2026-08-17 21:49:38,968 - ERROR - No coordination environment symbols available for mp-1335 and index 1.
2026-08-17 21:49:39,031 - ERROR - No coordination environment symbols available for mp-1207 and index 8.
2026-08-17 21:49:40,018 - INFO - mp-1522, 0, O:6, 1.000, 0.332
2026-08-17 21:49:40,102 - ERROR - No coordination environment symbols available for mp-1649 and index 0.
2026-08-17 21:49:40,106 - ERROR - No coordination environment symbols available for mp-1566 and index 1.
2026-08-17 21:49:40,107 - INFO - mp-1566, 4, T:6, 1.000, 4.109
2026-08-17 21:49:40,281 - ERROR - No coordination environment symbols available for mp-1570 and index 8.
2026-08-17 21:49:40,292 - WARNING - /opt/miniforge/envs/sandbox/lib/python3.12/site-packages/pymatgen/io/cif.py:1817: UserWarning: Issues encountered while parsing CIF: 4 fractional coordinates rounded to ideal values to avoid issues with finite precision.
  return parser.parse_structures(primitive=primitive)[0]

2026-08-17 21:49:40,360 - ERROR - No coordination environment symbols available for mp-1426 and index 6.
2026-08-17 21:49:40,361 - ERROR - No coordination environment symbols available for mp-1426 and index 24.
2026-08-17 21:49:40,361 - ERROR - No coordination environment symbols available for mp-1426 and index 42.
2026-08-17 21:49:40,361 - ERROR - No coordination environment symbols available for mp-1426 and index 51.
2026-08-17 21:49:40,658 - ERROR - No coordination environment symbols available for mp-1473 and index 0.
2026-08-17 21:49:40,658 - ERROR - No coordination environment symbols available for mp-1473 and index 18.
2026-08-17 21:49:40,996 - ERROR - No coordination environment symbols available for mp-1510 and index 6.
2026-08-17 21:49:40,996 - ERROR - No coordination environment symbols available for mp-1510 and index 24.
2026-08-17 21:49:40,996 - ERROR - No coordination environment symbols available for mp-1510 and index 42.
2026-08-17 21:49:40,996 - ERROR - No coordination environment symbols available for mp-1510 and index 51.
2026-08-17 21:49:41,006 - WARNING - /opt/miniforge/envs/sandbox/lib/python3.12/site-packages/pymatgen/io/cif.py:1817: UserWarning: Issues encountered while parsing CIF: 2 fractional coordinates rounded to ideal values to avoid issues with finite precision.
  return parser.parse_structures(primitive=primitive)[0]

2026-08-17 21:49:41,163 - ERROR - No coordination environment symbols available for mp-1718 and index 8.
2026-08-17 21:49:41,452 - ERROR - No coordination environment symbols available for mp-1714 and index 0.
2026-08-17 21:49:41,452 - ERROR - No coordination environment symbols available for mp-1714 and index 8.
2026-08-17 21:49:41,635 - ERROR - No coordination environment symbols available for mp-1729 and index 8.
2026-08-17 21:49:41,850 - ERROR - No coordination environment symbols available for mp-1757 and index 8.
2026-08-17 21:49:42,117 - INFO - mp-1804, 0, O:6, 1.000, 6.208
2026-08-17 21:49:42,184 - INFO - mp-1871, 0, T:4, 1.000, 2.750
2026-08-17 21:49:42,303 - ERROR - No coordination environment symbols available for mp-1722 and index 26.
2026-08-17 21:49:42,423 - ERROR - No coordination environment symbols available for mp-1724 and index 4.
2026-08-17 21:49:42,423 - ERROR - No coordination environment symbols available for mp-1724 and index 16.
2026-08-17 21:49:42,423 - ERROR - No coordination environment symbols available for mp-1724 and index 28.
2026-08-17 21:49:42,423 - INFO - mp-1724, 34, T:4, 1.000, 0.121
2026-08-17 21:49:42,446 - WARNING - /opt/miniforge/envs/sandbox/lib/python3.12/site-packages/pymatgen/io/cif.py:1817: UserWarning: Issues encountered while parsing CIF: 2 fractional coordinates rounded to ideal values to avoid issues with finite precision.
  return parser.parse_structures(primitive=primitive)[0]

2026-08-17 21:49:42,631 - ERROR - No coordination environment symbols available for mp-1918 and index 0.
2026-08-17 21:49:42,641 - INFO - mp-1915, 0, S:5, 1.000, 7.716
2026-08-17 21:49:43,062 - ERROR - No coordination environment symbols available for mp-1926 and index 8.
2026-08-17 21:49:43,195 - INFO - mp-2008, 0, O:6, 1.000, 1.171
2026-08-17 21:49:43,208 - WARNING - /opt/miniforge/envs/sandbox/lib/python3.12/site-packages/pymatgen/io/cif.py:1817: UserWarning: Issues encountered while parsing CIF: 2 fractional coordinates rounded to ideal values to avoid issues with finite precision.
  return parser.parse_structures(primitive=primitive)[0]

2026-08-17 21:49:43,348 - ERROR - No coordination environment symbols available for mp-2090 and index 0.
2026-08-17 21:49:43,455 - ERROR - No coordination environment symbols available for mp-2018 and index 4.
2026-08-17 21:49:43,455 - ERROR - No coordination environment symbols available for mp-2018 and index 12.
2026-08-17 21:49:43,999 - INFO - mp-2099, 0, O:6, 1.000, 0.019
2026-08-17 21:49:44,025 - WARNING - /opt/miniforge/envs/sandbox/lib/python3.12/site-packages/pymatgen/io/cif.py:1817: UserWarning: Issues encountered while parsing CIF: 2 fractional coordinates rounded to ideal values to avoid issues with finite precision.
  return parser.parse_structures(primitive=primitive)[0]

2026-08-17 21:49:44,706 - ERROR - No coordination environment symbols available for mp-2199 and index 0.
2026-08-17 21:49:44,706 - ERROR - No coordination environment symbols available for mp-2199 and index 8.
2026-08-17 21:49:44,914 - ERROR - No coordination environment symbols available for mp-2213 and index 0.
2026-08-17 21:49:45,125 - ERROR - No coordination environment symbols available for mp-2260 and index 0.
2026-08-17 21:49:46,095 - ERROR - No coordination environment symbols available for mp-2373 and index 8.
2026-08-17 21:49:46,110 - WARNING - /opt/miniforge/envs/sandbox/lib/python3.12/site-packages/pymatgen/io/cif.py:1817: UserWarning: Issues encountered while parsing CIF: 2 fractional coordinates rounded to ideal values to avoid issues with finite precision.
  return parser.parse_structures(primitive=primitive)[0]

2026-08-17 21:49:46,114 - ERROR - No coordination environment symbols available for mp-2225 and index 8.
2026-08-17 21:49:46,167 - ERROR - No coordination environment symbols available for mp-2454 and index 4.
2026-08-17 21:49:46,167 - ERROR - No coordination environment symbols available for mp-2454 and index 10.
2026-08-17 21:49:46,186 - WARNING - /opt/miniforge/envs/sandbox/lib/python3.12/site-packages/pymatgen/io/cif.py:1817: UserWarning: Issues encountered while parsing CIF: 2 fractional coordinates rounded to ideal values to avoid issues with finite precision.
  return parser.parse_structures(primitive=primitive)[0]

2026-08-17 21:49:46,471 - INFO - mp-2162, 24, T:4, 1.000, 0.016
2026-08-17 21:49:46,487 - ERROR - No coordination environment symbols available for mp-2162 and index 56.
2026-08-17 21:49:46,487 - ERROR - No coordination environment symbols available for mp-2162 and index 88.
2026-08-17 21:49:46,487 - ERROR - No coordination environment symbols available for mp-2162 and index 112.
2026-08-17 21:49:46,613 - ERROR - No coordination environment symbols available for mp-2463 and index 8.
2026-08-17 21:49:46,981 - ERROR - No coordination environment symbols available for mp-2570 and index 8.
2026-08-17 21:49:46,992 - WARNING - /opt/miniforge/envs/sandbox/lib/python3.12/site-packages/pymatgen/io/cif.py:1817: UserWarning: Issues encountered while parsing CIF: 1 fractional coordinates rounded to ideal values to avoid issues with finite precision.
  return parser.parse_structures(primitive=primitive)[0]

2026-08-17 21:49:47,667 - ERROR - No coordination environment symbols available for mp-2619 and index 0.
2026-08-17 21:49:47,703 - ERROR - No coordination environment symbols available for mp-2658 and index 1.
2026-08-17 21:49:47,767 - ERROR - No coordination environment symbols available for mp-2689 and index 1.
2026-08-17 21:49:47,768 - INFO - mp-2689, 4, T:6, 1.000, 5.315
2026-08-17 21:49:47,803 - WARNING - /opt/miniforge/envs/sandbox/lib/python3.12/site-packages/pymatgen/io/cif.py:1817: UserWarning: Issues encountered while parsing CIF: 2 fractional coordinates rounded to ideal values to avoid issues with finite precision.
  return parser.parse_structures(primitive=primitive)[0]

2026-08-17 21:49:48,204 - ERROR - No coordination environment symbols available for mp-2584 and index 9.
2026-08-17 21:49:48,204 - ERROR - No coordination environment symbols available for mp-2584 and index 27.
2026-08-17 21:49:48,204 - INFO - mp-2584, 33, T:6, 1.000, 4.159
2026-08-17 21:49:48,663 - INFO - mp-1456, 0, T:4, 1.000, 0.137
2026-08-17 21:49:48,673 - INFO - mp-1456, 8, T:4, 1.000, 0.139
2026-08-17 21:49:48,682 - INFO - mp-1456, 16, T:4, 1.000, 0.142
2026-08-17 21:49:48,690 - INFO - mp-1456, 24, O:6, 1.000, 0.529
2026-08-17 21:49:48,705 - INFO - mp-1456, 32, O:6, 1.000, 0.584
2026-08-17 21:49:48,717 - INFO - mp-1456, 40, O:6, 1.000, 0.909
2026-08-17 21:49:48,738 - INFO - mp-1456, 48, O:6, 1.000, 0.600
2026-08-17 21:49:48,759 - INFO - mp-1456, 56, O:6, 1.000, 0.698
2026-08-17 21:49:48,772 - INFO - mp-1456, 60, O:6, 1.000, 0.168
2026-08-17 21:49:49,112 - INFO - mp-2754, 64, T:6, 1.000, 2.829
2026-08-17 21:49:49,517 - ERROR - No coordination environment symbols available for mp-2812 and index 1.
2026-08-17 21:49:49,517 - INFO - mp-2812, 4, T:6, 1.000, 4.422
2026-08-17 21:49:49,834 - ERROR - No coordination environment symbols available for mp-2831 and index 0.
2026-08-17 21:49:49,906 - INFO - mp-2780, 0, O:6, 1.000, 0.641
2026-08-17 21:49:49,912 - INFO - mp-2780, 4, O:6, 1.000, 0.641
2026-08-17 21:49:49,960 - INFO - mp-2759, 24, T:4, 1.000, 0.010
2026-08-17 21:49:50,009 - ERROR - No coordination environment symbols available for mp-2759 and index 56.
2026-08-17 21:49:50,009 - ERROR - No coordination environment symbols available for mp-2759 and index 88.
2026-08-17 21:49:50,010 - ERROR - No coordination environment symbols available for mp-2759 and index 112.
2026-08-17 21:49:50,073 - WARNING - /opt/miniforge/envs/sandbox/lib/python3.12/site-packages/pymatgen/io/cif.py:1817: UserWarning: Issues encountered while parsing CIF: 4 fractional coordinates rounded to ideal values to avoid issues with finite precision.
  return parser.parse_structures(primitive=primitive)[0]

2026-08-17 21:49:50,208 - ERROR - No coordination environment symbols available for mp-2794 and index 0.
2026-08-17 21:49:50,208 - INFO - mp-2794, 8, O:6, 0.993, 5.420
2026-08-17 21:49:50,218 - ERROR - No coordination environment symbols available for mp-2794 and index 16.
2026-08-17 21:49:50,939 - INFO - mp-2928, 0, O:6, 1.000, 0.983
2026-08-17 21:49:51,252 - INFO - mp-2938, 2, T:4, 1.000, 0.325
2026-08-17 21:49:51,799 - ERROR - No coordination environment symbols available for mp-3021 and index 2.
2026-08-17 21:49:51,814 - INFO - mp-3035, 2, T:4, 1.000, 1.706
2026-08-17 21:49:52,274 - INFO - mp-3065, 2, T:4, 1.000, 0.113
2026-08-17 21:49:52,467 - INFO - mp-3045, 2, S:4, 1.000, 1.105
2026-08-17 21:49:52,475 - INFO - mp-3045, 8, T:6, 1.000, 5.123
2026-08-17 21:49:53,101 - INFO - mp-3190, 2, T:4, 1.000, 0.075
2026-08-17 21:49:53,399 - INFO - mp-3155, 6, S:4, 1.000, 0.002
2026-08-17 21:49:53,647 - INFO - mp-3191, 2, T:4, 1.000, 0.372
2026-08-17 21:49:53,875 - INFO - mp-2995, 8, T:5, 1.000, 0.783
2026-08-17 21:49:53,886 - INFO - mp-2995, 12, T:5, 1.000, 0.783
2026-08-17 21:49:54,057 - INFO - mp-3275, 4, T:4, 1.000, 2.441
2026-08-17 21:49:54,246 - INFO - mp-3299, 2, T:4, 1.000, 1.044
2026-08-17 21:49:54,999 - INFO - mp-3489, 2, T:4, 1.000, 1.928
2026-08-17 21:49:55,055 - ERROR - No coordination environment symbols available for mp-3464 and index 0.
2026-08-17 21:49:55,063 - WARNING - /opt/miniforge/envs/sandbox/lib/python3.12/site-packages/pymatgen/io/cif.py:1817: UserWarning: Issues encountered while parsing CIF: 2 fractional coordinates rounded to ideal values to avoid issues with finite precision.
  return parser.parse_structures(primitive=primitive)[0]

2026-08-17 21:49:55,221 - INFO - mp-3497, 0, T:4, 1.000, 0.003
2026-08-17 21:49:55,533 - INFO - mp-3501, 2, T:4, 1.000, 2.488
2026-08-17 21:49:56,108 - ERROR - No coordination environment symbols available for mp-3546 and index 18.
2026-08-17 21:49:56,660 - INFO - mp-3618, 8, T:4, 0.898, 1.058
2026-08-17 21:49:56,675 - WARNING - /opt/miniforge/envs/sandbox/lib/python3.12/site-packages/pymatgen/io/cif.py:1817: UserWarning: Issues encountered while parsing CIF: 2 fractional coordinates rounded to ideal values to avoid issues with finite precision.
  return parser.parse_structures(primitive=primitive)[0]

2026-08-17 21:49:57,245 - ERROR - No coordination environment symbols available for mp-3633 and index 18.
2026-08-17 21:49:57,265 - WARNING - /opt/miniforge/envs/sandbox/lib/python3.12/site-packages/pymatgen/io/cif.py:1817: UserWarning: Issues encountered while parsing CIF: 8 fractional coordinates rounded to ideal values to avoid issues with finite precision.
  return parser.parse_structures(primitive=primitive)[0]

2026-08-17 21:49:57,497 - ERROR - No coordination environment symbols available for mp-3701 and index 18.
2026-08-17 21:49:57,623 - ERROR - No coordination environment symbols available for mp-3702 and index 0.
2026-08-17 21:49:58,109 - INFO - mp-3652, 18, T:6, 1.000, 0.398
2026-08-17 21:49:58,110 - WARNING - /Users/marius/Code/gitlab.esrf.fr/spectroscopy/xasml/src/xasml/datasets/fdmnes/io.py:29: RuntimeWarning: divide by zero encountered in divide
  a = np.pi * gamma_max * (f - 1 / f**2) / (3 * x_larg)

2026-08-17 21:49:58,133 - ERROR - No coordination environment symbols available for mp-3708 and index 2.
2026-08-17 21:49:58,166 - INFO - mp-2779, 0, O:6, 1.000, 0.777
2026-08-17 21:49:58,177 - INFO - mp-2779, 1, O:6, 1.000, 0.784
2026-08-17 21:49:58,188 - INFO - mp-2779, 2, O:6, 1.000, 0.776
2026-08-17 21:49:58,197 - INFO - mp-2779, 3, O:6, 1.000, 0.785
2026-08-17 21:49:58,205 - INFO - mp-2779, 4, O:6, 1.000, 0.780
2026-08-17 21:49:58,212 - INFO - mp-2779, 5, O:6, 1.000, 0.783
2026-08-17 21:49:58,220 - INFO - mp-2779, 6, O:6, 1.000, 0.781
2026-08-17 21:49:58,228 - INFO - mp-2779, 7, O:6, 1.000, 0.781
2026-08-17 21:49:58,240 - INFO - mp-2779, 8, O:6, 1.000, 0.776
2026-08-17 21:49:58,250 - INFO - mp-2779, 9, O:6, 1.000, 0.784
2026-08-17 21:49:58,258 - INFO - mp-2779, 10, O:6, 1.000, 0.783
2026-08-17 21:49:58,269 - INFO - mp-2779, 11, O:6, 1.000, 0.777
2026-08-17 21:49:59,039 - ERROR - No coordination environment symbols available for mp-3680 and index 8.
2026-08-17 21:49:59,039 - ERROR - No coordination environment symbols available for mp-3680 and index 24.
2026-08-17 21:49:59,039 - INFO - mp-3680, 40, T:4, 1.000, 6.684
2026-08-17 21:49:59,046 - ERROR - No coordination environment symbols available for mp-3680 and index 48.
2026-08-17 21:49:59,046 - INFO - mp-3680, 56, S:4, 1.000, 2.878
2026-08-17 21:49:59,054 - ERROR - No coordination environment symbols available for mp-3680 and index 60.
2026-08-17 21:49:59,080 - INFO - mp-3805, 2, S:4, 1.000, 1.963
2026-08-17 21:49:59,158 - INFO - mp-3787, 4, T:4, 1.000, 0.163
2026-08-17 21:49:59,339 - INFO - mp-3282, 36, T:4, 1.000, 0.915
2026-08-17 21:49:59,353 - INFO - mp-3282, 54, O:6, 1.000, 0.473
2026-08-17 21:49:59,366 - INFO - mp-3282, 72, O:6, 1.000, 0.703
2026-08-17 21:49:59,378 - INFO - mp-3282, 81, T:4, 1.000, 0.915
2026-08-17 21:49:59,387 - INFO - mp-3282, 90, O:6, 1.000, 0.648
2026-08-17 21:49:59,401 - INFO - mp-3282, 93, O:6, 1.000, 0.703
2026-08-17 21:49:59,418 - INFO - mp-3827, 4, T:4, 1.000, 0.319
2026-08-17 21:49:59,424 - WARNING - /opt/miniforge/envs/sandbox/lib/python3.12/site-packages/pymatgen/io/cif.py:1817: UserWarning: Issues encountered while parsing CIF: 2 fractional coordinates rounded to ideal values to avoid issues with finite precision.
  return parser.parse_structures(primitive=primitive)[0]

2026-08-17 21:49:59,666 - INFO - mp-3849, 4, T:4, 1.000, 0.064
2026-08-17 21:50:00,582 - INFO - mp-4088, 2, T:4, 1.000, 2.328
2026-08-17 21:50:00,770 - ERROR - No coordination environment symbols available for mp-3868 and index 24.
2026-08-17 21:50:00,770 - ERROR - No coordination environment symbols available for mp-3868 and index 40.
2026-08-17 21:50:00,770 - ERROR - No coordination environment symbols available for mp-3868 and index 56.
2026-08-17 21:50:00,770 - ERROR - No coordination environment symbols available for mp-3868 and index 72.
2026-08-17 21:50:00,779 - WARNING - /opt/miniforge/envs/sandbox/lib/python3.12/site-packages/pymatgen/io/cif.py:1817: UserWarning: Issues encountered while parsing CIF: 2 fractional coordinates rounded to ideal values to avoid issues with finite precision.
  return parser.parse_structures(primitive=primitive)[0]

2026-08-17 21:50:00,908 - ERROR - No coordination environment symbols available for mp-3890 and index 12.
2026-08-17 21:50:00,908 - ERROR - No coordination environment symbols available for mp-3890 and index 30.
2026-08-17 21:50:00,909 - ERROR - No coordination environment symbols available for mp-3890 and index 48.
2026-08-17 21:50:01,204 - INFO - mp-3742, 2, O:6, 1.000, 0.268
2026-08-17 21:50:01,215 - INFO - mp-3742, 14, O:6, 1.000, 0.507
2026-08-17 21:50:01,222 - INFO - mp-3742, 18, T:4, 1.000, 0.028
2026-08-17 21:50:01,234 - INFO - mp-3742, 22, O:6, 1.000, 0.147
2026-08-17 21:50:01,241 - INFO - mp-3742, 24, T:5, 1.000, 0.782
2026-08-17 21:50:01,267 - WARNING - /opt/miniforge/envs/sandbox/lib/python3.12/site-packages/pymatgen/io/cif.py:1817: UserWarning: Issues encountered while parsing CIF: 2 fractional coordinates rounded to ideal values to avoid issues with finite precision.
  return parser.parse_structures(primitive=primitive)[0]

2026-08-17 21:50:01,274 - INFO - mp-4189, 6, T:6, 1.000, 1.148
2026-08-17 21:50:01,596 - INFO - mp-4196, 4, T:4, 1.000, 2.316
2026-08-17 21:50:02,593 - INFO - mp-4238, 3, T:4, 1.000, 1.662
2026-08-17 21:50:02,681 - ERROR - No coordination environment symbols available for mp-4023 and index 8.
2026-08-17 21:50:02,681 - ERROR - No coordination environment symbols available for mp-4023 and index 24.
2026-08-17 21:50:02,681 - INFO - mp-4023, 40, T:4, 1.000, 6.709
2026-08-17 21:50:02,689 - ERROR - No coordination environment symbols available for mp-4023 and index 48.
2026-08-17 21:50:02,689 - INFO - mp-4023, 56, S:4, 1.000, 2.856
2026-08-17 21:50:02,703 - ERROR - No coordination environment symbols available for mp-4023 and index 60.
2026-08-17 21:50:03,054 - INFO - mp-4416, 6, T:6, 1.000, 1.143
2026-08-17 21:50:03,113 - INFO - mp-4488, 2, T:4, 1.000, 0.554
2026-08-17 21:50:03,216 - INFO - mp-4193, 18, T:5, 0.833, 4.872
2026-08-17 21:50:03,226 - INFO - mp-4193, 34, T:5, 0.833, 4.872
2026-08-17 21:50:03,602 - INFO - mp-4383, 6, T:5, 1.000, 5.853
2026-08-17 21:50:03,612 - INFO - mp-4383, 24, T:5, 1.000, 5.853
2026-08-17 21:50:03,619 - INFO - mp-4383, 42, T:5, 1.000, 5.853
2026-08-17 21:50:03,629 - INFO - mp-4383, 51, S:5, 1.000, 6.996
2026-08-17 21:50:04,335 - ERROR - No coordination environment symbols available for mp-4214 and index 8.
2026-08-17 21:50:04,335 - ERROR - No coordination environment symbols available for mp-4214 and index 24.
2026-08-17 21:50:04,335 - INFO - mp-4214, 40, T:4, 1.000, 6.647
2026-08-17 21:50:04,348 - ERROR - No coordination environment symbols available for mp-4214 and index 48.
2026-08-17 21:50:04,348 - INFO - mp-4214, 56, S:4, 1.000, 2.914
2026-08-17 21:50:04,358 - ERROR - No coordination environment symbols available for mp-4214 and index 60.
2026-08-17 21:50:04,378 - ERROR - No coordination environment symbols available for mp-4595 and index 4.
2026-08-17 21:50:04,615 - INFO - mp-4660, 2, T:4, 1.000, 0.153
2026-08-17 21:50:04,882 - ERROR - No coordination environment symbols available for mp-4606 and index 18.
2026-08-17 21:50:04,915 - ERROR - No coordination environment symbols available for mp-4656 and index 18.
2026-08-17 21:50:04,975 - ERROR - No coordination environment symbols available for mp-4459 and index 8.
2026-08-17 21:50:04,975 - ERROR - No coordination environment symbols available for mp-4459 and index 24.
2026-08-17 21:50:04,975 - INFO - mp-4459, 40, T:4, 1.000, 6.839
2026-08-17 21:50:04,983 - ERROR - No coordination environment symbols available for mp-4459 and index 48.
2026-08-17 21:50:04,983 - INFO - mp-4459, 56, S:4, 1.000, 2.770
2026-08-17 21:50:04,992 - ERROR - No coordination environment symbols available for mp-4459 and index 60.
2026-08-17 21:50:05,212 - ERROR - No coordination environment symbols available for mp-4585 and index 24.
2026-08-17 21:50:05,212 - ERROR - No coordination environment symbols available for mp-4585 and index 40.
2026-08-17 21:50:05,212 - ERROR - No coordination environment symbols available for mp-4585 and index 56.
2026-08-17 21:50:05,212 - ERROR - No coordination environment symbols available for mp-4585 and index 72.
2026-08-17 21:50:05,583 - ERROR - No coordination environment symbols available for mp-4689 and index 28.
2026-08-17 21:50:06,112 - ERROR - No coordination environment symbols available for mp-4703 and index 18.
2026-08-17 21:50:06,182 - INFO - mp-4939, 2, T:4, 1.000, 0.394
2026-08-17 21:50:06,215 - INFO - mp-4883, 2, T:4, 1.000, 0.995
2026-08-17 21:50:06,223 - INFO - mp-5058, 0, T:4, 1.000, 0.005
2026-08-17 21:50:06,262 - INFO - mp-4704, 24, T:4, 1.000, 0.975
2026-08-17 21:50:06,277 - INFO - mp-4704, 48, T:4, 1.000, 0.975
2026-08-17 21:50:06,543 - INFO - mp-4755, 12, T:4, 1.000, 1.079
2026-08-17 21:50:06,976 - INFO - mp-5090, 4, O:6, 1.000, 0.042
2026-08-17 21:50:07,258 - ERROR - No coordination environment symbols available for mp-5091 and index 18.
2026-08-17 21:50:07,499 - INFO - mp-5288, 2, T:4, 1.000, 1.476
2026-08-17 21:50:07,572 - INFO - mp-5399, 2, T:4, 1.000, 1.477
2026-08-17 21:50:07,673 - INFO - mp-5372, 4, T:4, 1.000, 0.371
2026-08-17 21:50:08,517 - ERROR - No coordination environment symbols available for mp-5436 and index 0.
2026-08-17 21:50:08,682 - INFO - mp-5451, 2, T:4, 1.000, 0.129
2026-08-17 21:50:08,694 - INFO - mp-5125, 12, T:4, 0.640, 0.022
2026-08-17 21:50:09,015 - ERROR - No coordination environment symbols available for mp-5529 and index 4.
2026-08-17 21:50:09,019 - INFO - mp-5597, 2, T:4, 1.000, 1.108
2026-08-17 21:50:09,032 - INFO - mp-5627, 2, T:4, 1.000, 2.044
2026-08-17 21:50:09,530 - ERROR - No coordination environment symbols available for mp-5182 and index 8.
2026-08-17 21:50:09,530 - ERROR - No coordination environment symbols available for mp-5182 and index 24.
2026-08-17 21:50:09,530 - INFO - mp-5182, 40, T:4, 1.000, 6.802
2026-08-17 21:50:09,538 - ERROR - No coordination environment symbols available for mp-5182 and index 48.
2026-08-17 21:50:09,538 - INFO - mp-5182, 56, S:4, 1.000, 2.781
2026-08-17 21:50:09,552 - ERROR - No coordination environment symbols available for mp-5182 and index 60.
2026-08-17 21:50:09,967 - ERROR - No coordination environment symbols available for mp-5434 and index 8.
2026-08-17 21:50:09,967 - ERROR - No coordination environment symbols available for mp-5434 and index 24.
2026-08-17 21:50:09,967 - INFO - mp-5434, 40, T:4, 1.000, 6.721
2026-08-17 21:50:09,979 - ERROR - No coordination environment symbols available for mp-5434 and index 48.
2026-08-17 21:50:09,979 - ERROR - No coordination environment symbols available for mp-5434 and index 56.
2026-08-17 21:50:09,979 - ERROR - No coordination environment symbols available for mp-5434 and index 60.
2026-08-17 21:50:10,008 - INFO - mp-5688, 2, T:4, 1.000, 0.346
2026-08-17 21:50:10,308 - INFO - mp-5749, 4, O:6, 1.000, 0.048
2026-08-17 21:50:10,413 - ERROR - No coordination environment symbols available for mp-5778 and index 8.
2026-08-17 21:50:10,767 - INFO - mp-5662, 6, T:5, 1.000, 5.766
2026-08-17 21:50:10,775 - INFO - mp-5662, 24, T:5, 1.000, 5.766
2026-08-17 21:50:10,783 - INFO - mp-5662, 42, T:5, 1.000, 5.766
2026-08-17 21:50:10,800 - INFO - mp-5662, 51, S:5, 1.000, 6.816
2026-08-17 21:50:12,240 - ERROR - No coordination environment symbols available for mp-6172 and index 16.
2026-08-17 21:50:12,353 - INFO - mp-6239, 24, O:6, 1.000, 0.018
2026-08-17 21:50:12,470 - ERROR - No coordination environment symbols available for mp-5759 and index 8.
2026-08-17 21:50:12,470 - ERROR - No coordination environment symbols available for mp-5759 and index 24.
2026-08-17 21:50:12,470 - INFO - mp-5759, 40, T:4, 1.000, 6.723
2026-08-17 21:50:12,473 - INFO - mp-6247, 48, O:6, 1.000, 0.137
2026-08-17 21:50:12,482 - ERROR - No coordination environment symbols available for mp-5759 and index 48.
2026-08-17 21:50:12,482 - INFO - mp-5759, 56, S:4, 1.000, 2.846
2026-08-17 21:50:12,483 - WARNING - /Users/marius/Code/gitlab.esrf.fr/spectroscopy/xasml/src/xasml/datasets/fdmnes/io.py:29: RuntimeWarning: divide by zero encountered in divide
  a = np.pi * gamma_max * (f - 1 / f**2) / (3 * x_larg)

2026-08-17 21:50:12,491 - INFO - mp-5932, 24, T:5, 1.000, 7.809
2026-08-17 21:50:12,498 - ERROR - No coordination environment symbols available for mp-5759 and index 60.
2026-08-17 21:50:12,503 - ERROR - No coordination environment symbols available for mp-5932 and index 40.
2026-08-17 21:50:12,503 - INFO - mp-5932, 56, T:5, 1.000, 7.809
2026-08-17 21:50:12,513 - ERROR - No coordination environment symbols available for mp-5932 and index 72.
2026-08-17 21:50:12,524 - ERROR - No coordination environment symbols available for mp-5861 and index 8.
2026-08-17 21:50:12,524 - ERROR - No coordination environment symbols available for mp-5861 and index 24.
2026-08-17 21:50:12,524 - INFO - mp-5861, 40, T:4, 1.000, 6.669
2026-08-17 21:50:12,532 - ERROR - No coordination environment symbols available for mp-5861 and index 48.
2026-08-17 21:50:12,533 - INFO - mp-5861, 56, S:4, 1.000, 2.893
2026-08-17 21:50:12,546 - ERROR - No coordination environment symbols available for mp-5861 and index 60.
2026-08-17 21:50:12,690 - INFO - mp-5864, 0, O:6, 1.000, 0.378
2026-08-17 21:50:12,697 - INFO - mp-5864, 2, O:6, 1.000, 0.375
2026-08-17 21:50:14,103 - INFO - mp-6638, 4, T:4, 0.760, 1.188
2026-08-17 21:50:14,126 - INFO - mp-6624, 4, T:4, 0.846, 1.014
2026-08-17 21:50:14,509 - INFO - mp-6551, 24, O:6, 1.000, 0.113
2026-08-17 21:50:14,614 - ERROR - No coordination environment symbols available for mp-6670 and index 16.
2026-08-17 21:50:14,815 - INFO - mp-6672, 24, O:6, 1.000, 0.013
2026-08-17 21:50:14,833 - INFO - mp-6685, 16, T:4, 1.000, 0.000
2026-08-17 21:50:15,676 - ERROR - No coordination environment symbols available for mp-6563 and index 40.
2026-08-17 21:50:15,676 - ERROR - No coordination environment symbols available for mp-6563 and index 48.
2026-08-17 21:50:15,683 - WARNING - /opt/miniforge/envs/sandbox/lib/python3.12/site-packages/pymatgen/io/cif.py:1817: UserWarning: Issues encountered while parsing CIF: 2 fractional coordinates rounded to ideal values to avoid issues with finite precision.
  return parser.parse_structures(primitive=primitive)[0]

2026-08-17 21:50:15,880 - INFO - mp-6988, 0, T:4, 1.000, 0.000
2026-08-17 21:50:15,976 - INFO - mp-6956, 2, T:4, 1.000, 0.960
2026-08-17 21:50:16,206 - INFO - mp-6957, 2, T:4, 1.000, 0.945
2026-08-17 21:50:16,404 - INFO - mp-6744, 4, O:6, 1.000, 0.552
2026-08-17 21:50:17,501 - INFO - mp-7086, 4, T:4, 1.000, 0.084
2026-08-17 21:50:17,549 - INFO - mp-6373, 12, O:6, 1.000, 0.736
2026-08-17 21:50:17,556 - INFO - mp-6373, 16, O:6, 1.000, 0.900
2026-08-17 21:50:17,573 - WARNING - /opt/miniforge/envs/sandbox/lib/python3.12/site-packages/pymatgen/io/cif.py:1817: UserWarning: Issues encountered while parsing CIF: 2 fractional coordinates rounded to ideal values to avoid issues with finite precision.
  return parser.parse_structures(primitive=primitive)[0]

2026-08-17 21:50:17,729 - INFO - mp-7096, 0, O:6, 1.000, 0.106
2026-08-17 21:50:17,738 - INFO - mp-7096, 6, O:6, 1.000, 0.106
2026-08-17 21:50:17,855 - INFO - mp-7085, 8, T:4, 1.000, 4.667
2026-08-17 21:50:17,981 - ERROR - No coordination environment symbols available for mp-7062 and index 12.
2026-08-17 21:50:18,744 - INFO - mp-7331, 12, O:6, 1.000, 0.000
2026-08-17 21:50:18,907 - INFO - mp-7600, 2, T:4, 1.000, 1.841
2026-08-17 21:50:19,532 - INFO - mp-6834, 8, O:6, 1.000, 0.188
2026-08-17 21:50:19,539 - INFO - mp-6834, 12, O:6, 1.000, 0.128
2026-08-17 21:50:19,547 - ERROR - No coordination environment symbols available for mp-8306 and index 6.
2026-08-17 21:50:19,547 - ERROR - No coordination environment symbols available for mp-8306 and index 7.
2026-08-17 21:50:20,156 - ERROR - No coordination environment symbols available for mp-8793 and index 15.
2026-08-17 21:50:20,166 - WARNING - /opt/miniforge/envs/sandbox/lib/python3.12/site-packages/pymatgen/io/cif.py:1817: UserWarning: Issues encountered while parsing CIF: 4 fractional coordinates rounded to ideal values to avoid issues with finite precision.
  return parser.parse_structures(primitive=primitive)[0]

2026-08-17 21:50:20,302 - ERROR - No coordination environment symbols available for mp-8848 and index 2.
2026-08-17 21:50:20,307 - WARNING - /opt/miniforge/envs/sandbox/lib/python3.12/site-packages/pymatgen/io/cif.py:1817: UserWarning: Issues encountered while parsing CIF: 2 fractional coordinates rounded to ideal values to avoid issues with finite precision.
  return parser.parse_structures(primitive=primitive)[0]

2026-08-17 21:50:20,528 - INFO - mp-8648, 12, T:4, 0.994, 1.546
2026-08-17 21:50:20,536 - INFO - mp-8648, 20, T:4, 0.994, 1.546
2026-08-17 21:50:20,941 - INFO - mp-6838, 24, O:6, 1.000, 0.163
2026-08-17 21:50:21,049 - ERROR - mp-8923, maximum energy too large
2026-08-17 21:50:21,295 - ERROR - mp-8924, maximum energy too large
2026-08-17 21:50:21,317 - WARNING - /opt/miniforge/envs/sandbox/lib/python3.12/site-packages/pymatgen/io/cif.py:1817: UserWarning: Issues encountered while parsing CIF: 2 fractional coordinates rounded to ideal values to avoid issues with finite precision.
  return parser.parse_structures(primitive=primitive)[0]

2026-08-17 21:50:21,693 - INFO - mp-9211, 4, T:4, 0.876, 0.958
2026-08-17 21:50:22,235 - ERROR - No coordination environment symbols available for mp-9437 and index 4.
2026-08-17 21:50:22,397 - INFO - mp-9381, 6, T:6, 1.000, 0.265
2026-08-17 21:50:22,699 - INFO - mp-9266, 12, T:4, 1.000, 0.012
2026-08-17 21:50:23,538 - INFO - mp-9549, 3, T:4, 1.000, 0.861
2026-08-17 21:50:23,705 - INFO - mp-9442, 12, T:4, 1.000, 1.414
2026-08-17 21:50:23,725 - INFO - mp-9619, 2, O:6, 1.000, 0.941
2026-08-17 21:50:23,754 - WARNING - /opt/miniforge/envs/sandbox/lib/python3.12/site-packages/pymatgen/io/cif.py:1817: UserWarning: Issues encountered while parsing CIF: 2 fractional coordinates rounded to ideal values to avoid issues with finite precision.
  return parser.parse_structures(primitive=primitive)[0]

2026-08-17 21:50:24,133 - INFO - mp-9198, 0, O:6, 1.000, 0.250
2026-08-17 21:50:24,559 - INFO - mp-9884, 4, T:4, 1.000, 0.062
2026-08-17 21:50:24,708 - INFO - mp-9537, 24, T:5, 1.000, 7.930
2026-08-17 21:50:24,716 - ERROR - No coordination environment symbols available for mp-9537 and index 40.
2026-08-17 21:50:24,716 - INFO - mp-9537, 56, T:5, 1.000, 7.930
2026-08-17 21:50:24,739 - ERROR - No coordination environment symbols available for mp-9537 and index 72.
2026-08-17 21:50:24,745 - WARNING - /opt/miniforge/envs/sandbox/lib/python3.12/site-packages/pymatgen/io/cif.py:1817: UserWarning: Issues encountered while parsing CIF: 2 fractional coordinates rounded to ideal values to avoid issues with finite precision.
  return parser.parse_structures(primitive=primitive)[0]

2026-08-17 21:50:24,862 - INFO - mp-9913, 0, S:5, 1.000, 5.364
2026-08-17 21:50:24,871 - INFO - mp-9913, 16, S:5, 1.000, 5.364
2026-08-17 21:50:24,888 - WARNING - /opt/miniforge/envs/sandbox/lib/python3.12/site-packages/pymatgen/io/cif.py:1817: UserWarning: Issues encountered while parsing CIF: 2 fractional coordinates rounded to ideal values to avoid issues with finite precision.
  return parser.parse_structures(primitive=primitive)[0]

2026-08-17 21:50:24,915 - INFO - mp-9810, 4, T:4, 1.000, 0.035
2026-08-17 21:50:25,717 - INFO - mp-10065, 1, S:4, 1.000, 0.043
2026-08-17 21:50:25,879 - INFO - mp-9977, 8, T:4, 1.000, 4.522
2026-08-17 21:50:25,890 - INFO - mp-9942, 4, O:6, 1.000, 0.037
2026-08-17 21:50:26,091 - ERROR - No coordination environment symbols available for mp-10596 and index 0.
2026-08-17 21:50:26,099 - WARNING - /opt/miniforge/envs/sandbox/lib/python3.12/site-packages/pymatgen/io/cif.py:1817: UserWarning: Issues encountered while parsing CIF: 2 fractional coordinates rounded to ideal values to avoid issues with finite precision.
  return parser.parse_structures(primitive=primitive)[0]

2026-08-17 21:50:26,171 - INFO - mp-10266, 1, O:6, 1.000, 2.288
2026-08-17 21:50:26,478 - INFO - mp-10445, 6, T:6, 1.000, 0.948
2026-08-17 21:50:26,676 - INFO - mp-10516, 6, T:6, 1.000, 0.680
2026-08-17 21:50:26,916 - INFO - mp-10188, 0, T:6, 1.000, 0.266
2026-08-17 21:50:26,922 - INFO - mp-10188, 3, T:6, 1.000, 0.266
2026-08-17 21:50:26,928 - INFO - mp-10188, 6, T:6, 1.000, 0.266
2026-08-17 21:50:26,940 - WARNING - /opt/miniforge/envs/sandbox/lib/python3.12/site-packages/pymatgen/io/cif.py:1817: UserWarning: Issues encountered while parsing CIF: 2 fractional coordinates rounded to ideal values to avoid issues with finite precision.
  return parser.parse_structures(primitive=primitive)[0]

2026-08-17 21:50:26,980 - ERROR - No coordination environment symbols available for mp-10761 and index 0.
2026-08-17 21:50:26,983 - WARNING - /opt/miniforge/envs/sandbox/lib/python3.12/site-packages/pymatgen/io/cif.py:1817: UserWarning: Issues encountered while parsing CIF: 2 fractional coordinates rounded to ideal values to avoid issues with finite precision.
  return parser.parse_structures(primitive=primitive)[0]

2026-08-17 21:50:27,132 - INFO - mp-10754, 0, T:4, 1.000, 0.000
2026-08-17 21:50:27,142 - INFO - mp-10756, 4, T:4, 1.000, 0.000
2026-08-17 21:50:27,147 - WARNING - /opt/miniforge/envs/sandbox/lib/python3.12/site-packages/pymatgen/io/cif.py:1817: UserWarning: Issues encountered while parsing CIF: 2 fractional coordinates rounded to ideal values to avoid issues with finite precision.
  return parser.parse_structures(primitive=primitive)[0]

2026-08-17 21:50:27,152 - WARNING - /opt/miniforge/envs/sandbox/lib/python3.12/site-packages/pymatgen/io/cif.py:1817: UserWarning: Issues encountered while parsing CIF: 2 fractional coordinates rounded to ideal values to avoid issues with finite precision.
  return parser.parse_structures(primitive=primitive)[0]

2026-08-17 21:50:27,186 - ERROR - No coordination environment symbols available for mp-10755 and index 4.
2026-08-17 21:50:27,189 - WARNING - /opt/miniforge/envs/sandbox/lib/python3.12/site-packages/pymatgen/io/cif.py:1817: UserWarning: Issues encountered while parsing CIF: 2 fractional coordinates rounded to ideal values to avoid issues with finite precision.
  return parser.parse_structures(primitive=primitive)[0]

2026-08-17 21:50:27,624 - ERROR - No coordination environment symbols available for mp-10884 and index 4.
2026-08-17 21:50:27,635 - WARNING - /opt/miniforge/envs/sandbox/lib/python3.12/site-packages/pymatgen/io/cif.py:1817: UserWarning: Issues encountered while parsing CIF: 2 fractional coordinates rounded to ideal values to avoid issues with finite precision.
  return parser.parse_structures(primitive=primitive)[0]

2026-08-17 21:50:28,504 - ERROR - No coordination environment symbols available for mp-11037 and index 18.
2026-08-17 21:50:28,510 - WARNING - /opt/miniforge/envs/sandbox/lib/python3.12/site-packages/pymatgen/io/cif.py:1817: UserWarning: Issues encountered while parsing CIF: 2 fractional coordinates rounded to ideal values to avoid issues with finite precision.
  return parser.parse_structures(primitive=primitive)[0]

2026-08-17 21:50:28,519 - INFO - mp-11038, 8, T:6, 1.000, 0.022
2026-08-17 21:50:28,534 - INFO - mp-11201, 6, T:6, 1.000, 1.342
2026-08-17 21:50:28,548 - INFO - mp-10912, 12, T:4, 1.000, 1.739
2026-08-17 21:50:28,551 - WARNING - /opt/miniforge/envs/sandbox/lib/python3.12/site-packages/pymatgen/io/cif.py:1817: UserWarning: Issues encountered while parsing CIF: 2 fractional coordinates rounded to ideal values to avoid issues with finite precision.
  return parser.parse_structures(primitive=primitive)[0]

2026-08-17 21:50:28,696 - ERROR - No coordination environment symbols available for mp-11317 and index 1.
2026-08-17 21:50:28,696 - INFO - mp-11317, 4, T:6, 1.000, 5.239
2026-08-17 21:50:28,891 - INFO - mp-11202, 6, T:6, 1.000, 1.189
2026-08-17 21:50:28,976 - INFO - mp-11203, 6, T:6, 1.000, 1.231
2026-08-17 21:50:29,018 - INFO - mp-11204, 6, T:6, 1.000, 1.186
2026-08-17 21:50:29,020 - WARNING - /Users/marius/Code/gitlab.esrf.fr/spectroscopy/xasml/src/xasml/datasets/fdmnes/io.py:29: RuntimeWarning: divide by zero encountered in divide
  a = np.pi * gamma_max * (f - 1 / f**2) / (3 * x_larg)

2026-08-17 21:50:29,739 - ERROR - No coordination environment symbols available for mp-11382 and index 1.
2026-08-17 21:50:29,739 - INFO - mp-11382, 4, T:6, 1.000, 3.920
2026-08-17 21:50:29,822 - ERROR - No coordination environment symbols available for mp-11385 and index 1.
2026-08-17 21:50:29,822 - INFO - mp-11385, 4, T:6, 1.000, 4.285
2026-08-17 21:50:29,965 - ERROR - No coordination environment symbols available for mp-11383 and index 8.
2026-08-17 21:50:29,976 - ERROR - No coordination environment symbols available for mp-11798 and index 0.
2026-08-17 21:50:29,976 - ERROR - No coordination environment symbols available for mp-11798 and index 2.
2026-08-17 21:50:30,424 - INFO - mp-11705, 4, T:4, 0.854, 0.997
2026-08-17 21:50:30,441 - INFO - mp-12061, 2, T:4, 1.000, 0.207
2026-08-17 21:50:30,453 - WARNING - /opt/miniforge/envs/sandbox/lib/python3.12/site-packages/pymatgen/io/cif.py:1817: UserWarning: Issues encountered while parsing CIF: 2 fractional coordinates rounded to ideal values to avoid issues with finite precision.
  return parser.parse_structures(primitive=primitive)[0]

2026-08-17 21:50:30,646 - ERROR - No coordination environment symbols available for mp-11438 and index 14.
2026-08-17 21:50:30,646 - ERROR - No coordination environment symbols available for mp-11438 and index 22.
2026-08-17 21:50:30,925 - INFO - mp-12075, 2, T:4, 1.000, 0.101
2026-08-17 21:50:31,082 - INFO - mp-12076, 2, T:4, 1.000, 0.127
2026-08-17 21:50:31,083 - INFO - mp-12077, 2, T:4, 1.000, 2.015
2026-08-17 21:50:31,262 - INFO - mp-12091, 2, T:4, 1.000, 0.535
2026-08-17 21:50:31,353 - INFO - mp-12120, 0, O:6, 1.000, 0.291
2026-08-17 21:50:31,379 - WARNING - /opt/miniforge/envs/sandbox/lib/python3.12/site-packages/pymatgen/io/cif.py:1817: UserWarning: Issues encountered while parsing CIF: 2 fractional coordinates rounded to ideal values to avoid issues with finite precision.
  return parser.parse_structures(primitive=primitive)[0]

2026-08-17 21:50:31,634 - ERROR - No coordination environment symbols available for mp-12119 and index 2.
2026-08-17 21:50:31,637 - WARNING - /opt/miniforge/envs/sandbox/lib/python3.12/site-packages/pymatgen/io/cif.py:1817: UserWarning: Issues encountered while parsing CIF: 2 fractional coordinates rounded to ideal values to avoid issues with finite precision.
  return parser.parse_structures(primitive=primitive)[0]

2026-08-17 21:50:31,955 - INFO - mp-12466, 0, T:4, 1.000, 1.179
2026-08-17 21:50:31,964 - WARNING - /opt/miniforge/envs/sandbox/lib/python3.12/site-packages/pymatgen/io/cif.py:1817: UserWarning: Issues encountered while parsing CIF: 2 fractional coordinates rounded to ideal values to avoid issues with finite precision.
  return parser.parse_structures(primitive=primitive)[0]

2026-08-17 21:50:31,984 - INFO - mp-12776, 2, T:4, 1.000, 0.893
2026-08-17 21:50:32,207 - INFO - mp-12040, 40, T:4, 0.884, 0.023
2026-08-17 21:50:32,814 - INFO - mp-12901, 6, T:6, 1.000, 1.106
2026-08-17 21:50:32,875 - INFO - mp-13154, 0, O:6, 1.000, 6.186
2026-08-17 21:50:33,138 - INFO - mp-12962, 6, T:6, 1.000, 0.457
2026-08-17 21:50:33,139 - WARNING - /Users/marius/Code/gitlab.esrf.fr/spectroscopy/xasml/src/xasml/datasets/fdmnes/io.py:29: RuntimeWarning: divide by zero encountered in divide
  a = np.pi * gamma_max * (f - 1 / f**2) / (3 * x_larg)

2026-08-17 21:50:33,366 - INFO - mp-12817, 168, O:6, 1.000, 7.645
2026-08-17 21:50:33,439 - ERROR - No coordination environment symbols available for mp-13463 and index 0.
2026-08-17 21:50:33,459 - INFO - mp-12837, 12, T:4, 0.799, 1.302
2026-08-17 21:50:33,665 - INFO - mp-12838, 12, T:4, 0.815, 1.250
2026-08-17 21:50:34,036 - INFO - mp-13464, 2, O:6, 1.000, 0.361
2026-08-17 21:50:35,192 - INFO - mp-14306, 16, T:4, 1.000, 0.000
2026-08-17 21:50:35,274 - INFO - mp-14139, 24, T:4, 1.000, 0.839
2026-08-17 21:50:35,282 - INFO - mp-14139, 48, T:4, 1.000, 0.839
2026-08-17 21:50:35,466 - INFO - mp-14083, 8, O:6, 1.000, 0.000
2026-08-17 21:50:36,410 - ERROR - No coordination environment symbols available for mp-13412 and index 6.
2026-08-17 21:50:36,410 - ERROR - No coordination environment symbols available for mp-13412 and index 14.
2026-08-17 21:50:36,410 - ERROR - No coordination environment symbols available for mp-13412 and index 22.
2026-08-17 21:50:36,410 - ERROR - No coordination environment symbols available for mp-13412 and index 30.
2026-08-17 21:50:36,411 - ERROR - No coordination environment symbols available for mp-13412 and index 38.
2026-08-17 21:50:36,411 - ERROR - No coordination environment symbols available for mp-13412 and index 42.
2026-08-17 21:50:36,411 - ERROR - No coordination environment symbols available for mp-13412 and index 46.
2026-08-17 21:50:36,411 - ERROR - No coordination environment symbols available for mp-13412 and index 50.
2026-08-17 21:50:36,411 - ERROR - No coordination environment symbols available for mp-13412 and index 54.
2026-08-17 21:50:36,411 - ERROR - No coordination environment symbols available for mp-13412 and index 58.
2026-08-17 21:50:36,411 - ERROR - No coordination environment symbols available for mp-13412 and index 62.
2026-08-17 21:50:36,471 - ERROR - No coordination environment symbols available for mp-14127 and index 8.
2026-08-17 21:50:36,471 - ERROR - No coordination environment symbols available for mp-14127 and index 24.
2026-08-17 21:50:36,471 - ERROR - No coordination environment symbols available for mp-14127 and index 40.
2026-08-17 21:50:36,471 - ERROR - No coordination environment symbols available for mp-14127 and index 48.
2026-08-17 21:50:36,471 - INFO - mp-14127, 56, S:4, 1.000, 2.576
2026-08-17 21:50:36,478 - ERROR - No coordination environment symbols available for mp-14127 and index 60.
2026-08-17 21:50:36,544 - INFO - mp-13745, 40, T:4, 0.838, 0.090
2026-08-17 21:50:36,550 - ERROR - No coordination environment symbols available for mp-14542 and index 12.
2026-08-17 21:50:37,194 - ERROR - No coordination environment symbols available for mp-13494 and index 6.
2026-08-17 21:50:37,194 - ERROR - No coordination environment symbols available for mp-13494 and index 14.
2026-08-17 21:50:37,194 - ERROR - No coordination environment symbols available for mp-13494 and index 22.
2026-08-17 21:50:37,194 - ERROR - No coordination environment symbols available for mp-13494 and index 30.
2026-08-17 21:50:37,194 - ERROR - No coordination environment symbols available for mp-13494 and index 38.
2026-08-17 21:50:37,194 - ERROR - No coordination environment symbols available for mp-13494 and index 42.
2026-08-17 21:50:37,194 - ERROR - No coordination environment symbols available for mp-13494 and index 46.
2026-08-17 21:50:37,194 - ERROR - No coordination environment symbols available for mp-13494 and index 50.
2026-08-17 21:50:37,194 - ERROR - No coordination environment symbols available for mp-13494 and index 54.
2026-08-17 21:50:37,194 - ERROR - No coordination environment symbols available for mp-13494 and index 58.
2026-08-17 21:50:37,194 - ERROR - No coordination environment symbols available for mp-13494 and index 62.
2026-08-17 21:50:37,199 - WARNING - /opt/miniforge/envs/sandbox/lib/python3.12/site-packages/pymatgen/io/cif.py:1817: UserWarning: Issues encountered while parsing CIF: 4 fractional coordinates rounded to ideal values to avoid issues with finite precision.
  return parser.parse_structures(primitive=primitive)[0]

2026-08-17 21:50:37,746 - INFO - mp-15026, 2, O:6, 1.000, 0.390
2026-08-17 21:50:38,247 - ERROR - No coordination environment symbols available for mp-14698 and index 8.
2026-08-17 21:50:38,247 - ERROR - No coordination environment symbols available for mp-14698 and index 24.
2026-08-17 21:50:38,247 - INFO - mp-14698, 40, T:4, 1.000, 6.696
2026-08-17 21:50:38,261 - ERROR - No coordination environment symbols available for mp-14698 and index 48.
2026-08-17 21:50:38,261 - INFO - mp-14698, 56, S:4, 1.000, 2.865
2026-08-17 21:50:38,269 - ERROR - No coordination environment symbols available for mp-14698 and index 60.
2026-08-17 21:50:38,456 - INFO - mp-14889, 36, T:4, 1.000, 2.812
2026-08-17 21:50:38,463 - INFO - mp-14889, 40, T:4, 1.000, 0.067
2026-08-17 21:50:39,005 - INFO - mp-15071, 12, T:4, 1.000, 0.014
2026-08-17 21:50:39,240 - INFO - mp-15120, 4, T:4, 1.000, 0.352
2026-08-17 21:50:39,385 - INFO - mp-14890, 36, T:4, 1.000, 3.103
2026-08-17 21:50:39,391 - INFO - mp-14890, 40, T:4, 1.000, 0.050
2026-08-17 21:50:39,415 - WARNING - /opt/miniforge/envs/sandbox/lib/python3.12/site-packages/pymatgen/io/cif.py:1817: UserWarning: Issues encountered while parsing CIF: 4 fractional coordinates rounded to ideal values to avoid issues with finite precision.
  return parser.parse_structures(primitive=primitive)[0]

2026-08-17 21:50:39,458 - INFO - mp-14892, 36, T:4, 1.000, 2.755
2026-08-17 21:50:39,464 - INFO - mp-14892, 40, T:4, 1.000, 0.062
2026-08-17 21:50:39,703 - INFO - mp-14679, 28, T:4, 0.908, 0.027
2026-08-17 21:50:39,716 - INFO - mp-14679, 32, T:4, 1.000, 0.043
2026-08-17 21:50:39,727 - WARNING - /opt/miniforge/envs/sandbox/lib/python3.12/site-packages/pymatgen/io/cif.py:1817: UserWarning: Issues encountered while parsing CIF: 4 fractional coordinates rounded to ideal values to avoid issues with finite precision.
  return parser.parse_structures(primitive=primitive)[0]

2026-08-17 21:50:39,745 - ERROR - No coordination environment symbols available for mp-15121 and index 4.
2026-08-17 21:50:39,750 - WARNING - /opt/miniforge/envs/sandbox/lib/python3.12/site-packages/pymatgen/io/cif.py:1817: UserWarning: Issues encountered while parsing CIF: 2 fractional coordinates rounded to ideal values to avoid issues with finite precision.
  return parser.parse_structures(primitive=primitive)[0]

2026-08-17 21:50:40,412 - ERROR - No coordination environment symbols available for mp-15722 and index 0.
2026-08-17 21:50:40,493 - INFO - mp-16272, 2, O:6, 1.000, 0.902
2026-08-17 21:50:40,729 - INFO - mp-16334, 0, O:6, 1.000, 2.288
2026-08-17 21:50:40,769 - INFO - mp-14999, 8, O:6, 1.000, 0.492
2026-08-17 21:50:40,775 - INFO - mp-14999, 12, O:6, 1.000, 0.357
2026-08-17 21:50:40,792 - WARNING - /opt/miniforge/envs/sandbox/lib/python3.12/site-packages/pymatgen/io/cif.py:1817: UserWarning: Issues encountered while parsing CIF: 2 fractional coordinates rounded to ideal values to avoid issues with finite precision.
  return parser.parse_structures(primitive=primitive)[0]

2026-08-17 21:50:41,081 - ERROR - No coordination environment symbols available for mp-16336 and index 4.
2026-08-17 21:50:41,232 - INFO - mp-16335, 6, O:6, 1.000, 0.024
2026-08-17 21:50:41,757 - INFO - mp-16430, 2, O:6, 1.000, 1.046
2026-08-17 21:50:41,930 - INFO - mp-16431, 2, O:6, 1.000, 1.019
2026-08-17 21:50:42,197 - INFO - mp-16283, 12, O:6, 1.000, 0.177
2026-08-17 21:50:42,215 - ERROR - No coordination environment symbols available for mp-16483 and index 10.
2026-08-17 21:50:42,452 - ERROR - No coordination environment symbols available for mp-16486 and index 18.
2026-08-17 21:50:42,524 - ERROR - No coordination environment symbols available for mp-16495 and index 8.
2026-08-17 21:50:42,533 - WARNING - /opt/miniforge/envs/sandbox/lib/python3.12/site-packages/pymatgen/io/cif.py:1817: UserWarning: Issues encountered while parsing CIF: 2 fractional coordinates rounded to ideal values to avoid issues with finite precision.
  return parser.parse_structures(primitive=primitive)[0]

2026-08-17 21:50:43,508 - INFO - mp-16531, 12, T:4, 1.000, 1.483
2026-08-17 21:50:43,947 - INFO - mp-16532, 12, T:4, 1.000, 1.845
2026-08-17 21:50:43,959 - INFO - mp-16534, 12, T:4, 1.000, 2.205
2026-08-17 21:50:44,107 - INFO - mp-16533, 12, T:4, 1.000, 1.905
2026-08-17 21:50:44,127 - ERROR - No coordination environment symbols available for mp-16916 and index 12.
2026-08-17 21:50:44,133 - WARNING - /opt/miniforge/envs/sandbox/lib/python3.12/site-packages/pymatgen/io/cif.py:1817: UserWarning: Issues encountered while parsing CIF: 4 fractional coordinates rounded to ideal values to avoid issues with finite precision.
  return parser.parse_structures(primitive=primitive)[0]

2026-08-17 21:50:45,630 - ERROR - No coordination environment symbols available for mp-16744 and index 44.
2026-08-17 21:50:46,871 - INFO - mp-16398, 36, T:4, 0.961, 0.136
2026-08-17 21:50:46,884 - INFO - mp-16398, 40, T:4, 1.000, 4.140
2026-08-17 21:50:47,103 - INFO - mp-16933, 4, O:6, 1.000, 0.270
2026-08-17 21:50:47,279 - INFO - mp-17271, 8, O:6, 1.000, 0.677
2026-08-17 21:50:47,555 - INFO - mp-15548, 48, O:6, 1.000, 0.498
2026-08-17 21:50:47,571 - INFO - mp-15548, 56, O:6, 1.000, 0.498
2026-08-17 21:50:47,582 - INFO - mp-15548, 60, O:6, 1.000, 0.418
2026-08-17 21:50:48,127 - INFO - mp-17241, 6, O:6, 1.000, 0.028
2026-08-17 21:50:48,127 - WARNING - /Users/marius/Code/gitlab.esrf.fr/spectroscopy/xasml/src/xasml/datasets/fdmnes/io.py:29: RuntimeWarning: divide by zero encountered in divide
  a = np.pi * gamma_max * (f - 1 / f**2) / (3 * x_larg)

2026-08-17 21:50:48,634 - INFO - mp-16955, 20, T:4, 1.000, 0.230
2026-08-17 21:50:49,188 - INFO - mp-17488, 8, T:4, 1.000, 0.662
2026-08-17 21:50:49,195 - INFO - mp-17488, 16, T:4, 1.000, 0.662
2026-08-17 21:50:49,402 - INFO - mp-17435, 16, O:6, 1.000, 4.353
2026-08-17 21:50:49,651 - INFO - mp-17443, 8, T:4, 1.000, 0.007
2026-08-17 21:50:49,771 - INFO - mp-17436, 4, T:4, 1.000, 0.683
2026-08-17 21:50:50,710 - INFO - mp-17477, 4, S:5, 0.590, 3.472
2026-08-17 21:50:50,724 - WARNING - /opt/miniforge/envs/sandbox/lib/python3.12/site-packages/pymatgen/io/cif.py:1817: UserWarning: Issues encountered while parsing CIF: 2 fractional coordinates rounded to ideal values to avoid issues with finite precision.
  return parser.parse_structures(primitive=primitive)[0]

2026-08-17 21:50:50,854 - INFO - mp-17682, 64, T:6, 1.000, 2.658
2026-08-17 21:50:50,892 - ERROR - No coordination environment symbols available for mp-17849 and index 12.
2026-08-17 21:50:50,892 - ERROR - No coordination environment symbols available for mp-17849 and index 36.
2026-08-17 21:50:51,372 - INFO - mp-17631, 0, O:6, 1.000, 3.322
2026-08-17 21:50:51,627 - INFO - mp-17258, 0, O:6, 1.000, 1.973
2026-08-17 21:50:51,638 - INFO - mp-17258, 2, O:6, 1.000, 1.300
2026-08-17 21:50:51,989 - INFO - mp-17977, 0, S:5, 0.540, 5.677
2026-08-17 21:50:51,997 - ERROR - No coordination environment symbols available for mp-17977 and index 18.
2026-08-17 21:50:51,997 - INFO - mp-17977, 27, S:5, 0.540, 5.677
2026-08-17 21:50:52,005 - INFO - mp-17977, 33, T:6, 1.000, 3.404
2026-08-17 21:50:52,030 - WARNING - /opt/miniforge/envs/sandbox/lib/python3.12/site-packages/pymatgen/io/cif.py:1817: UserWarning: Issues encountered while parsing CIF: 2 fractional coordinates rounded to ideal values to avoid issues with finite precision.
  return parser.parse_structures(primitive=primitive)[0]

2026-08-17 21:50:52,192 - INFO - mp-17508, 12, O:6, 1.000, 2.721
2026-08-17 21:50:52,250 - INFO - mp-18014, 14, T:6, 1.000, 0.142
2026-08-17 21:50:53,047 - INFO - mp-18038, 16, T:4, 0.940, 0.213
2026-08-17 21:50:53,332 - ERROR - No coordination environment symbols available for mp-18257 and index 0.
2026-08-17 21:50:53,333 - ERROR - No coordination environment symbols available for mp-18257 and index 6.
2026-08-17 21:50:53,333 - ERROR - No coordination environment symbols available for mp-18257 and index 12.
2026-08-17 21:50:53,333 - INFO - mp-17881, 4, S:5, 0.921, 2.319
2026-08-17 21:50:53,346 - WARNING - /opt/miniforge/envs/sandbox/lib/python3.12/site-packages/pymatgen/io/cif.py:1817: UserWarning: Issues encountered while parsing CIF: 4 fractional coordinates rounded to ideal values to avoid issues with finite precision.
  return parser.parse_structures(primitive=primitive)[0]

2026-08-17 21:50:54,064 - INFO - mp-18121, 0, T:5, 0.858, 2.220
2026-08-17 21:50:54,071 - INFO - mp-18121, 8, T:5, 0.858, 2.220
2026-08-17 21:50:55,222 - INFO - mp-18307, 0, O:6, 1.000, 1.856
2026-08-17 21:50:55,229 - INFO - mp-18307, 4, O:6, 1.000, 0.787
2026-08-17 21:50:55,229 - WARNING - /Users/marius/Code/gitlab.esrf.fr/spectroscopy/xasml/src/xasml/datasets/fdmnes/io.py:29: RuntimeWarning: divide by zero encountered in divide
  a = np.pi * gamma_max * (f - 1 / f**2) / (3 * x_larg)

2026-08-17 21:50:55,253 - WARNING - /opt/miniforge/envs/sandbox/lib/python3.12/site-packages/pymatgen/io/cif.py:1817: UserWarning: Issues encountered while parsing CIF: 4 fractional coordinates rounded to ideal values to avoid issues with finite precision.
  return parser.parse_structures(primitive=primitive)[0]

2026-08-17 21:50:56,074 - INFO - mp-18215, 2, O:6, 1.000, 1.084
2026-08-17 21:50:56,085 - INFO - mp-18215, 6, O:6, 1.000, 0.779
2026-08-17 21:50:56,176 - ERROR - No coordination environment symbols available for mp-18450 and index 1.
2026-08-17 21:50:56,267 - ERROR - No coordination environment symbols available for mp-18269 and index 0.
2026-08-17 21:50:56,267 - INFO - mp-18269, 2, O:6, 1.000, 0.498
2026-08-17 21:50:57,451 - INFO - mp-18455, 4, O:6, 1.000, 0.285
2026-08-17 21:50:58,133 - INFO - mp-18085, 0, O:6, 1.000, 1.920
2026-08-17 21:50:58,140 - INFO - mp-18085, 2, O:6, 1.000, 1.162
2026-08-17 21:50:58,157 - WARNING - /opt/miniforge/envs/sandbox/lib/python3.12/site-packages/pymatgen/io/cif.py:1817: UserWarning: Issues encountered while parsing CIF: 4 fractional coordinates rounded to ideal values to avoid issues with finite precision.
  return parser.parse_structures(primitive=primitive)[0]

2026-08-17 21:50:58,459 - INFO - mp-18396, 4, O:6, 1.000, 0.221
2026-08-17 21:50:58,483 - WARNING - /opt/miniforge/envs/sandbox/lib/python3.12/site-packages/pymatgen/io/cif.py:1817: UserWarning: Issues encountered while parsing CIF: 6 fractional coordinates rounded to ideal values to avoid issues with finite precision.
  return parser.parse_structures(primitive=primitive)[0]

2026-08-17 21:50:58,597 - INFO - mp-18484, 8, T:4, 0.929, 0.068
2026-08-17 21:50:58,799 - ERROR - No coordination environment symbols available for mp-18695 and index 0.
2026-08-17 21:50:58,799 - ERROR - No coordination environment symbols available for mp-18695 and index 8.
2026-08-17 21:50:58,800 - ERROR - No coordination environment symbols available for mp-18695 and index 11.
2026-08-17 21:50:58,800 - ERROR - No coordination environment symbols available for mp-18695 and index 14.
2026-08-17 21:50:58,960 - INFO - mp-18706, 20, T:6, 1.000, 2.641
2026-08-17 21:50:58,976 - INFO - mp-18706, 24, T:6, 1.000, 2.641
2026-08-17 21:50:58,976 - WARNING - /Users/marius/Code/gitlab.esrf.fr/spectroscopy/xasml/src/xasml/datasets/fdmnes/io.py:29: RuntimeWarning: divide by zero encountered in divide
  a = np.pi * gamma_max * (f - 1 / f**2) / (3 * x_larg)

2026-08-17 21:50:59,862 - INFO - mp-18493, 24, O:6, 1.000, 0.482
2026-08-17 21:50:59,950 - INFO - mp-18708, 0, T:4, 0.954, 3.944
2026-08-17 21:50:59,961 - ERROR - No coordination environment symbols available for mp-18708 and index 8.
2026-08-17 21:50:59,962 - INFO - mp-18708, 16, T:4, 0.940, 0.586
2026-08-17 21:51:00,420 - INFO - mp-18401, 21, O:6, 1.000, 1.413
2026-08-17 21:51:00,601 - INFO - mp-18728, 1, O:6, 1.000, 0.296
2026-08-17 21:51:00,601 - ERROR - mp-18728, Fractional coordinates mapping failed.
2026-08-17 21:51:01,569 - ERROR - mp-18782, mumps returned an error
2026-08-17 21:51:01,650 - INFO - mp-18730, 4, T:4, 1.000, 0.019
2026-08-17 21:51:01,655 - WARNING - /Users/marius/Code/gitlab.esrf.fr/spectroscopy/xasml/src/xasml/datasets/fdmnes/io.py:29: RuntimeWarning: divide by zero encountered in divide
  a = np.pi * gamma_max * (f - 1 / f**2) / (3 * x_larg)

2026-08-17 21:51:01,898 - INFO - mp-18775, 0, T:5, 0.999, 0.800
2026-08-17 21:51:02,321 - INFO - mp-18816, 0, O:6, 1.000, 0.256
2026-08-17 21:51:02,945 - INFO - mp-18783, 4, O:6, 1.000, 0.049
2026-08-17 21:51:03,025 - INFO - mp-18750, 2, O:6, 1.000, 0.716
2026-08-17 21:51:03,037 - INFO - mp-18750, 3, O:6, 1.000, 0.818
2026-08-17 21:51:03,045 - INFO - mp-18750, 4, O:6, 1.000, 0.795
2026-08-17 21:51:03,051 - INFO - mp-18750, 5, O:6, 1.000, 0.718
2026-08-17 21:51:03,342 - INFO - mp-18820, 6, O:6, 1.000, 0.010
2026-08-17 21:51:03,360 - WARNING - /opt/miniforge/envs/sandbox/lib/python3.12/site-packages/pymatgen/io/cif.py:1817: UserWarning: Issues encountered while parsing CIF: 4 fractional coordinates rounded to ideal values to avoid issues with finite precision.
  return parser.parse_structures(primitive=primitive)[0]

2026-08-17 21:51:03,386 - INFO - mp-18830, 0, O:6, 1.000, 0.885
2026-08-17 21:51:03,533 - INFO - mp-18774, 4, O:6, 1.000, 0.273
2026-08-17 21:51:03,548 - INFO - mp-18843, 18, T:6, 1.000, 0.638
2026-08-17 21:51:04,058 - INFO - mp-18845, 4, O:6, 1.000, 0.084
2026-08-17 21:51:04,590 - INFO - mp-18905, 0, O:6, 1.000, 0.000
2026-08-17 21:51:04,692 - INFO - mp-18857, 4, O:6, 1.000, 0.001
2026-08-17 21:51:04,970 - INFO - mp-18865, 24, T:4, 1.000, 0.271
2026-08-17 21:51:05,031 - INFO - mp-18868, 1, O:6, 1.000, 0.038
2026-08-17 21:51:05,042 - WARNING - /opt/miniforge/envs/sandbox/lib/python3.12/site-packages/pymatgen/io/cif.py:1817: UserWarning: Issues encountered while parsing CIF: 4 fractional coordinates rounded to ideal values to avoid issues with finite precision.
  return parser.parse_structures(primitive=primitive)[0]

2026-08-17 21:51:05,550 - INFO - mp-18890, 4, O:6, 1.000, 0.273
2026-08-17 21:51:05,680 - INFO - mp-18878, 2, O:6, 1.000, 1.052
2026-08-17 21:51:05,722 - INFO - mp-18849, 0, O:6, 0.946, 4.094
2026-08-17 21:51:05,729 - INFO - mp-18849, 1, O:6, 0.992, 3.814
2026-08-17 21:51:05,744 - WARNING - /opt/miniforge/envs/sandbox/lib/python3.12/site-packages/pymatgen/io/cif.py:1817: UserWarning: Issues encountered while parsing CIF: 4 fractional coordinates rounded to ideal values to avoid issues with finite precision.
  return parser.parse_structures(primitive=primitive)[0]

2026-08-17 21:51:06,418 - INFO - mp-18924, 6, S:5, 0.999, 0.599
2026-08-17 21:51:06,466 - INFO - mp-18949, 4, O:6, 1.000, 0.377
2026-08-17 21:51:06,861 - INFO - mp-18950, 2, T:4, 1.000, 0.230
2026-08-17 21:51:06,882 - WARNING - /opt/miniforge/envs/sandbox/lib/python3.12/site-packages/pymatgen/io/cif.py:1817: UserWarning: Issues encountered while parsing CIF: 2 fractional coordinates rounded to ideal values to avoid issues with finite precision.
  return parser.parse_structures(primitive=primitive)[0]

2026-08-17 21:51:06,973 - INFO - mp-18966, 0, O:6, 1.000, 0.629
2026-08-17 21:51:06,973 - WARNING - /Users/marius/Code/gitlab.esrf.fr/spectroscopy/xasml/src/xasml/datasets/fdmnes/io.py:29: RuntimeWarning: divide by zero encountered in divide
  a = np.pi * gamma_max * (f - 1 / f**2) / (3 * x_larg)

2026-08-17 21:51:07,212 - INFO - mp-18936, 3, O:6, 1.000, 0.888
2026-08-17 21:51:07,343 - INFO - mp-18951, 4, O:6, 1.000, 0.156
2026-08-17 21:51:07,776 - INFO - mp-18969, 0, O:6, 1.000, 0.013
2026-08-17 21:51:08,666 - INFO - mp-18968, 4, T:4, 0.555, 0.863
2026-08-17 21:51:08,785 - INFO - mp-18959, 8, O:6, 1.000, 2.559
2026-08-17 21:51:08,972 - INFO - mp-18995, 4, O:6, 1.000, 0.003
2026-08-17 21:51:09,676 - INFO - mp-18917, 14, T:4, 0.967, 0.691
2026-08-17 21:51:09,719 - INFO - mp-18917, 16, T:4, 0.974, 0.483
2026-08-17 21:51:09,737 - INFO - mp-18917, 18, T:4, 1.000, 0.350
2026-08-17 21:51:09,912 - INFO - mp-19017, 4, O:6, 1.000, 2.332
2026-08-17 21:51:10,540 - INFO - mp-19035, 1, O:6, 1.000, 0.000
2026-08-17 21:51:10,964 - INFO - mp-19004, 16, O:6, 1.000, 0.044
2026-08-17 21:51:10,971 - INFO - mp-19004, 24, O:6, 1.000, 0.044
2026-08-17 21:51:10,980 - INFO - mp-19004, 28, S:5, 1.000, 0.415
2026-08-17 21:51:11,385 - INFO - mp-18979, 3, O:6, 1.000, 1.369
2026-08-17 21:51:11,386 - WARNING - /Users/marius/Code/gitlab.esrf.fr/spectroscopy/xasml/src/xasml/datasets/fdmnes/io.py:29: RuntimeWarning: divide by zero encountered in divide
  a = np.pi * gamma_max * (f - 1 / f**2) / (3 * x_larg)

2026-08-17 21:51:11,398 - INFO - mp-18979, 9, O:6, 1.000, 0.947
2026-08-17 21:51:11,434 - INFO - mp-19022, 8, T:4, 0.964, 2.449
2026-08-17 21:51:11,664 - ERROR - No coordination environment symbols available for mp-19026 and index 16.
2026-08-17 21:51:11,798 - INFO - mp-19059, 8, O:6, 1.000, 0.000
2026-08-17 21:51:11,799 - INFO - mp-19044, 8, T:4, 1.000, 0.008
2026-08-17 21:51:11,808 - WARNING - /opt/miniforge/envs/sandbox/lib/python3.12/site-packages/pymatgen/io/cif.py:1817: UserWarning: Issues encountered while parsing CIF: 1 fractional coordinates rounded to ideal values to avoid issues with finite precision.
  return parser.parse_structures(primitive=primitive)[0]

2026-08-17 21:51:12,034 - INFO - mp-19028, 12, O:6, 1.000, 0.150
2026-08-17 21:51:12,993 - INFO - mp-19097, 0, O:6, 1.000, 0.036
2026-08-17 21:51:13,211 - INFO - mp-19074, 4, T:6, 1.000, 0.569
2026-08-17 21:51:13,700 - INFO - mp-19102, 4, O:6, 1.000, 0.000
2026-08-17 21:51:13,778 - INFO - mp-19112, 0, O:6, 1.000, 0.577
2026-08-17 21:51:13,964 - INFO - mp-19109, 0, T:4, 1.000, 0.150
2026-08-17 21:51:14,012 - INFO - mp-19115, 4, O:6, 1.000, 0.003
2026-08-17 21:51:14,515 - INFO - mp-19061, 4, O:6, 1.000, 0.449
2026-08-17 21:51:15,332 - INFO - mp-19127, 4, O:6, 1.000, 0.001
2026-08-17 21:51:16,305 - INFO - mp-19165, 4, S:4, 1.000, 0.001
2026-08-17 21:51:16,422 - INFO - mp-19171, 4, T:5, 1.000, 0.095
2026-08-17 21:51:16,430 - INFO - mp-19171, 8, T:5, 1.000, 0.095
2026-08-17 21:51:16,447 - INFO - mp-19136, 3, O:6, 1.000, 1.000
2026-08-17 21:51:16,447 - WARNING - /Users/marius/Code/gitlab.esrf.fr/spectroscopy/xasml/src/xasml/datasets/fdmnes/io.py:29: RuntimeWarning: divide by zero encountered in divide
  a = np.pi * gamma_max * (f - 1 / f**2) / (3 * x_larg)

2026-08-17 21:51:16,765 - INFO - mp-19154, 8, T:4, 1.000, 0.428
2026-08-17 21:51:16,772 - INFO - mp-19154, 16, T:4, 1.000, 0.428
2026-08-17 21:51:17,504 - INFO - mp-19193, 4, O:6, 1.000, 0.296
2026-08-17 21:51:17,513 - INFO - mp-19193, 12, O:6, 1.000, 0.296
2026-08-17 21:51:17,578 - INFO - mp-19067, 9, O:6, 1.000, 1.558
2026-08-17 21:51:17,585 - INFO - mp-19067, 11, O:6, 1.000, 0.805
2026-08-17 21:51:17,908 - INFO - mp-19225, 0, O:6, 1.000, 0.898
2026-08-17 21:51:18,149 - INFO - mp-19180, 2, O:6, 1.000, 0.263
2026-08-17 21:51:18,736 - INFO - mp-19218, 6, S:4, 1.000, 0.004
2026-08-17 21:51:18,947 - INFO - mp-19254, 0, O:6, 1.000, 1.697
2026-08-17 21:51:19,140 - INFO - mp-19226, 4, O:6, 0.988, 1.621
2026-08-17 21:51:19,550 - INFO - mp-19130, 4, T:5, 0.522, 2.515
2026-08-17 21:51:19,559 - INFO - mp-19270, 6, O:6, 1.000, 0.848
2026-08-17 21:51:19,995 - INFO - mp-19255, 4, O:6, 1.000, 1.154
2026-08-17 21:51:20,824 - INFO - mp-19306, 0, O:6, 1.000, 0.136
2026-08-17 21:51:20,831 - INFO - mp-19306, 16, T:4, 1.000, 0.000
2026-08-17 21:51:20,972 - INFO - mp-19293, 4, O:6, 1.000, 1.131
2026-08-17 21:51:21,475 - INFO - mp-19313, 8, O:6, 1.000, 0.323
2026-08-17 21:51:21,493 - WARNING - /opt/miniforge/envs/sandbox/lib/python3.12/site-packages/pymatgen/io/cif.py:1817: UserWarning: Issues encountered while parsing CIF: 4 fractional coordinates rounded to ideal values to avoid issues with finite precision.
  return parser.parse_structures(primitive=primitive)[0]

2026-08-17 21:51:21,695 - INFO - mp-19309, 6, T:4, 1.000, 1.397
2026-08-17 21:51:21,999 - INFO - mp-19266, 4, O:6, 1.000, 0.032
2026-08-17 21:51:22,005 - INFO - mp-19266, 5, O:6, 1.000, 0.037
2026-08-17 21:51:22,074 - INFO - mp-19320, 8, T:4, 1.000, 0.014
2026-08-17 21:51:22,075 - WARNING - /Users/marius/Code/gitlab.esrf.fr/spectroscopy/xasml/src/xasml/datasets/fdmnes/io.py:29: RuntimeWarning: divide by zero encountered in divide
  a = np.pi * gamma_max * (f - 1 / f**2) / (3 * x_larg)

2026-08-17 21:51:22,296 - INFO - mp-19359, 3, O:6, 1.000, 0.310
2026-08-17 21:51:23,037 - INFO - mp-19294, 2, O:6, 1.000, 0.756
2026-08-17 21:51:23,167 - INFO - mp-19333, 0, O:6, 1.000, 0.917
2026-08-17 21:51:23,177 - INFO - mp-19333, 2, O:6, 1.000, 2.853
2026-08-17 21:51:23,283 - INFO - mp-19366, 3, T:5, 1.000, 0.291
2026-08-17 21:51:23,284 - INFO - mp-19346, 0, O:6, 1.000, 3.479
2026-08-17 21:51:23,294 - INFO - mp-19346, 4, O:6, 1.000, 2.707
2026-08-17 21:51:23,419 - INFO - mp-19362, 1, O:6, 1.000, 0.059
2026-08-17 21:51:24,051 - INFO - mp-19415, 3, T:5, 1.000, 0.249
2026-08-17 21:51:24,052 - WARNING - /Users/marius/Code/gitlab.esrf.fr/spectroscopy/xasml/src/xasml/datasets/fdmnes/io.py:29: RuntimeWarning: divide by zero encountered in divide
  a = np.pi * gamma_max * (f - 1 / f**2) / (3 * x_larg)

2026-08-17 21:51:24,413 - INFO - mp-19417, 6, O:6, 1.000, 0.483
2026-08-17 21:51:24,419 - INFO - mp-19419, 3, O:6, 1.000, 0.103
2026-08-17 21:51:24,924 - INFO - mp-19398, 0, O:6, 1.000, 0.829
2026-08-17 21:51:24,938 - INFO - mp-19398, 8, O:6, 1.000, 0.829
2026-08-17 21:51:25,053 - INFO - mp-19421, 0, O:6, 1.000, 0.418
2026-08-17 21:51:25,067 - WARNING - /opt/miniforge/envs/sandbox/lib/python3.12/site-packages/pymatgen/io/cif.py:1817: UserWarning: Issues encountered while parsing CIF: 4 fractional coordinates rounded to ideal values to avoid issues with finite precision.
  return parser.parse_structures(primitive=primitive)[0]

2026-08-17 21:51:25,670 - INFO - mp-19396, 16, T:4, 1.000, 0.968
2026-08-17 21:51:25,678 - INFO - mp-19396, 20, T:4, 1.000, 0.667
2026-08-17 21:51:25,701 - WARNING - /opt/miniforge/envs/sandbox/lib/python3.12/site-packages/pymatgen/io/cif.py:1817: UserWarning: Issues encountered while parsing CIF: 4 fractional coordinates rounded to ideal values to avoid issues with finite precision.
  return parser.parse_structures(primitive=primitive)[0]

2026-08-17 21:51:26,314 - INFO - mp-19430, 18, O:6, 1.000, 1.172
2026-08-17 21:51:26,323 - INFO - mp-19430, 24, O:6, 1.000, 0.211
2026-08-17 21:51:26,474 - INFO - mp-19466, 0, O:6, 1.000, 0.000
2026-08-17 21:51:26,488 - WARNING - /opt/miniforge/envs/sandbox/lib/python3.12/site-packages/pymatgen/io/cif.py:1817: UserWarning: Issues encountered while parsing CIF: 1 fractional coordinates rounded to ideal values to avoid issues with finite precision.
  return parser.parse_structures(primitive=primitive)[0]

2026-08-17 21:51:26,796 - INFO - mp-19710, 24, T:4, 1.000, 0.812
2026-08-17 21:51:26,804 - INFO - mp-19710, 48, T:4, 1.000, 0.812
2026-08-17 21:51:27,150 - ERROR - mp-19725, partial output file
2026-08-17 21:51:27,766 - ERROR - No coordination environment symbols available for mp-19739 and index 1.
2026-08-17 21:51:28,056 - INFO - mp-19743, 2, O:6, 1.000, 3.284
2026-08-17 21:51:28,076 - INFO - mp-19752, 0, T:4, 1.000, 0.040
2026-08-17 21:51:28,105 - INFO - mp-19770, 0, O:6, 1.000, 0.686
2026-08-17 21:51:28,674 - ERROR - mp-19511, maximum energy too large
2026-08-17 21:51:29,111 - INFO - mp-19785, 4, O:6, 1.000, 0.047
2026-08-17 21:51:29,250 - INFO - mp-19792, 2, T:5, 1.000, 7.904
2026-08-17 21:51:29,560 - INFO - mp-19842, 1, S:4, 0.952, 0.000
2026-08-17 21:51:29,670 - INFO - mp-19844, 2, O:6, 1.000, 0.369
2026-08-17 21:51:29,706 - WARNING - /opt/miniforge/envs/sandbox/lib/python3.12/site-packages/pymatgen/io/cif.py:1817: UserWarning: Issues encountered while parsing CIF: 4 fractional coordinates rounded to ideal values to avoid issues with finite precision.
  return parser.parse_structures(primitive=primitive)[0]

2026-08-17 21:51:30,132 - ERROR - No coordination environment symbols available for mp-19800 and index 0.
2026-08-17 21:51:30,133 - ERROR - No coordination environment symbols available for mp-19800 and index 8.
2026-08-17 21:51:30,574 - ERROR - No coordination environment symbols available for mp-19870 and index 1.
2026-08-17 21:51:30,640 - INFO - mp-19880, 0, O:6, 1.000, 0.386
2026-08-17 21:51:30,678 - INFO - mp-19853, 4, O:6, 1.000, 0.038
2026-08-17 21:51:31,184 - INFO - mp-19883, 0, O:6, 1.000, 0.052
2026-08-17 21:51:31,830 - INFO - mp-19590, 0, O:6, 1.000, 0.008
2026-08-17 21:51:31,856 - ERROR - No coordination environment symbols available for mp-19887 and index 1.
2026-08-17 21:51:31,968 - INFO - mp-19935, 4, O:6, 1.000, 0.051
2026-08-17 21:51:32,080 - ERROR - No coordination environment symbols available for mp-19963 and index 4.
2026-08-17 21:51:32,108 - INFO - mp-20027, 0, O:6, 1.000, 1.204
2026-08-17 21:51:32,377 - INFO - mp-19476, 2, O:6, 1.000, 0.266
2026-08-17 21:51:32,388 - INFO - mp-19476, 4, O:6, 1.000, 0.291
2026-08-17 21:51:32,472 - INFO - mp-20002, 0, T:4, 1.000, 0.026
2026-08-17 21:51:33,816 - ERROR - No coordination environment symbols available for mp-20089 and index 8.
2026-08-17 21:51:33,909 - INFO - mp-20049, 2, T:4, 1.000, 0.157
2026-08-17 21:51:34,523 - INFO - mp-20095, 2, T:4, 1.000, 0.972
2026-08-17 21:51:34,678 - INFO - mp-20073, 4, T:4, 1.000, 3.872
2026-08-17 21:51:35,461 - ERROR - mp-20028, the turning point is beyond the atomic radius
2026-08-17 21:51:35,481 - INFO - mp-20117, 4, O:6, 1.000, 3.490
2026-08-17 21:51:35,804 - INFO - mp-20121, 4, T:4, 0.887, 0.509
2026-08-17 21:51:35,958 - INFO - mp-19980, 4, T:5, 0.972, 1.564
2026-08-17 21:51:37,008 - INFO - mp-20168, 8, T:4, 1.000, 0.054
2026-08-17 21:51:37,103 - INFO - mp-20140, 8, O:6, 1.000, 0.000
2026-08-17 21:51:37,390 - INFO - mp-20238, 2, T:4, 1.000, 0.004
2026-08-17 21:51:37,529 - INFO - mp-20177, 2, T:4, 1.000, 0.769
2026-08-17 21:51:37,772 - INFO - mp-20245, 2, T:4, 1.000, 0.999
2026-08-17 21:51:37,911 - INFO - mp-20113, 4, O:6, 1.000, 0.441
2026-08-17 21:51:37,923 - INFO - mp-20243, 4, O:6, 1.000, 0.024
2026-08-17 21:51:38,516 - INFO - mp-20247, 2, T:4, 1.000, 2.489
2026-08-17 21:51:38,595 - INFO - mp-20264, 2, T:4, 1.000, 0.077
2026-08-17 21:51:38,824 - INFO - mp-20278, 0, O:6, 1.000, 0.427
2026-08-17 21:51:38,929 - INFO - mp-20311, 0, T:4, 1.000, 0.152
2026-08-17 21:51:39,254 - INFO - mp-20287, 4, T:4, 1.000, 0.167
2026-08-17 21:51:39,548 - ERROR - No coordination environment symbols available for mp-20344 and index 0.
2026-08-17 21:51:39,922 - INFO - mp-20167, 4, T:4, 1.000, 0.015
2026-08-17 21:51:39,929 - INFO - mp-20167, 5, T:4, 1.000, 0.021
2026-08-17 21:51:40,268 - INFO - mp-20349, 2, T:4, 1.000, 0.371
2026-08-17 21:51:40,288 - WARNING - /opt/miniforge/envs/sandbox/lib/python3.12/site-packages/pymatgen/io/cif.py:1817: UserWarning: Issues encountered while parsing CIF: 4 fractional coordinates rounded to ideal values to avoid issues with finite precision.
  return parser.parse_structures(primitive=primitive)[0]

2026-08-17 21:51:40,331 - INFO - mp-20302, 0, O:6, 1.000, 0.650
2026-08-17 21:51:40,359 - INFO - mp-20302, 4, O:6, 1.000, 0.899
2026-08-17 21:51:40,622 - INFO - mp-20426, 0, T:4, 1.000, 0.696
2026-08-17 21:51:40,632 - INFO - mp-20426, 2, S:5, 1.000, 0.240
2026-08-17 21:51:40,700 - INFO - mp-20407, 4, O:6, 1.000, 0.017
2026-08-17 21:51:40,878 - INFO - mp-20313, 0, O:6, 1.000, 1.666
2026-08-17 21:51:40,887 - INFO - mp-20313, 4, O:6, 1.000, 1.757
2026-08-17 21:51:40,904 - INFO - mp-20313, 6, O:6, 1.000, 1.829
2026-08-17 21:51:40,925 - WARNING - /opt/miniforge/envs/sandbox/lib/python3.12/site-packages/pymatgen/io/cif.py:1817: UserWarning: Issues encountered while parsing CIF: 2 fractional coordinates rounded to ideal values to avoid issues with finite precision.
  return parser.parse_structures(primitive=primitive)[0]

2026-08-17 21:51:40,992 - INFO - mp-20361, 0, O:6, 1.000, 2.554
2026-08-17 21:51:41,716 - ERROR - No coordination environment symbols available for mp-20432 and index 0.
2026-08-17 21:51:41,716 - INFO - mp-20432, 2, T:5, 1.000, 0.057
2026-08-17 21:51:42,005 - ERROR - No coordination environment symbols available for mp-20416 and index 4.
2026-08-17 21:51:42,139 - INFO - mp-20480, 2, T:4, 1.000, 1.880
2026-08-17 21:51:42,146 - INFO - mp-20480, 6, T:4, 1.000, 3.134
2026-08-17 21:51:42,277 - ERROR - No coordination environment symbols available for mp-20512 and index 0.
2026-08-17 21:51:42,919 - INFO - mp-20499, 16, T:4, 1.000, 0.000
2026-08-17 21:51:42,936 - WARNING - /opt/miniforge/envs/sandbox/lib/python3.12/site-packages/pymatgen/io/cif.py:1817: UserWarning: Issues encountered while parsing CIF: 4 fractional coordinates rounded to ideal values to avoid issues with finite precision.
  return parser.parse_structures(primitive=primitive)[0]

2026-08-17 21:51:42,936 - INFO - mp-20527, 2, T:4, 1.000, 0.009
2026-08-17 21:51:43,081 - INFO - mp-20431, 4, O:6, 1.000, 0.029
2026-08-17 21:51:43,980 - INFO - mp-20484, 8, O:6, 1.000, 0.000
2026-08-17 21:51:44,433 - INFO - mp-20602, 2, T:4, 1.000, 1.009
2026-08-17 21:51:44,742 - INFO - mp-20690, 2, T:4, 1.000, 1.350
2026-08-17 21:51:45,033 - INFO - mp-20651, 4, O:6, 1.000, 0.063
2026-08-17 21:51:45,112 - INFO - mp-20547, 4, O:6, 1.000, 0.977
2026-08-17 21:51:45,118 - INFO - mp-20547, 8, O:6, 1.000, 0.346
2026-08-17 21:51:45,203 - INFO - mp-20693, 3, T:5, 1.000, 0.517
2026-08-17 21:51:45,204 - WARNING - /Users/marius/Code/gitlab.esrf.fr/spectroscopy/xasml/src/xasml/datasets/fdmnes/io.py:29: RuntimeWarning: divide by zero encountered in divide
  a = np.pi * gamma_max * (f - 1 / f**2) / (3 * x_larg)

2026-08-17 21:51:45,415 - ERROR - No coordination environment symbols available for mp-20673 and index 1.
2026-08-17 21:51:45,670 - ERROR - No coordination environment symbols available for mp-20711 and index 0.
2026-08-17 21:51:45,670 - ERROR - No coordination environment symbols available for mp-20711 and index 8.
2026-08-17 21:51:45,699 - ERROR - No coordination environment symbols available for mp-20548 and index 44.
2026-08-17 21:51:45,751 - INFO - mp-20714, 0, O:6, 1.000, 0.302
2026-08-17 21:51:46,092 - ERROR - No coordination environment symbols available for mp-20738 and index 0.
2026-08-17 21:51:46,099 - WARNING - /opt/miniforge/envs/sandbox/lib/python3.12/site-packages/pymatgen/io/cif.py:1817: UserWarning: Issues encountered while parsing CIF: 6 fractional coordinates rounded to ideal values to avoid issues with finite precision.
  return parser.parse_structures(primitive=primitive)[0]

2026-08-17 21:51:46,110 - ERROR - No coordination environment symbols available for mp-20696 and index 0.
2026-08-17 21:51:46,110 - ERROR - No coordination environment symbols available for mp-20696 and index 32.
2026-08-17 21:51:46,623 - INFO - mp-20722, 2, O:6, 1.000, 3.279
2026-08-17 21:51:46,933 - INFO - mp-20768, 4, T:4, 1.000, 0.000
2026-08-17 21:51:46,952 - WARNING - /opt/miniforge/envs/sandbox/lib/python3.12/site-packages/pymatgen/io/cif.py:1817: UserWarning: Issues encountered while parsing CIF: 2 fractional coordinates rounded to ideal values to avoid issues with finite precision.
  return parser.parse_structures(primitive=primitive)[0]

2026-08-17 21:51:46,959 - INFO - mp-20787, 0, S:5, 0.971, 2.095
2026-08-17 21:51:46,969 - WARNING - /opt/miniforge/envs/sandbox/lib/python3.12/site-packages/pymatgen/io/cif.py:1817: UserWarning: Issues encountered while parsing CIF: 2 fractional coordinates rounded to ideal values to avoid issues with finite precision.
  return parser.parse_structures(primitive=primitive)[0]

2026-08-17 21:51:47,024 - INFO - mp-20785, 2, T:4, 1.000, 0.007
2026-08-17 21:51:47,659 - INFO - mp-20783, 4, O:6, 1.000, 0.044
2026-08-17 21:51:48,097 - INFO - mp-20807, 2, T:4, 1.000, 0.214
2026-08-17 21:51:48,346 - INFO - mp-20793, 2, O:6, 1.000, 0.423
2026-08-17 21:51:48,379 - WARNING - /opt/miniforge/envs/sandbox/lib/python3.12/site-packages/pymatgen/io/cif.py:1817: UserWarning: Issues encountered while parsing CIF: 2 fractional coordinates rounded to ideal values to avoid issues with finite precision.
  return parser.parse_structures(primitive=primitive)[0]

2026-08-17 21:51:48,637 - ERROR - No coordination environment symbols available for mp-20883 and index 0.
2026-08-17 21:51:48,786 - ERROR - No coordination environment symbols available for mp-20868 and index 0.
2026-08-17 21:51:48,786 - ERROR - No coordination environment symbols available for mp-20868 and index 6.
2026-08-17 21:51:48,858 - INFO - mp-20767, 0, O:6, 1.000, 0.985
2026-08-17 21:51:48,919 - INFO - mp-20856, 2, O:6, 1.000, 0.944
2026-08-17 21:51:50,602 - INFO - mp-20890, 2, T:4, 1.000, 0.705
2026-08-17 21:51:50,902 - INFO - mp-20892, 4, T:4, 1.000, 0.402
2026-08-17 21:51:51,129 - INFO - mp-20924, 2, T:4, 1.000, 1.338
2026-08-17 21:51:51,232 - INFO - mp-20917, 4, T:4, 1.000, 7.849
2026-08-17 21:51:52,161 - INFO - mp-20884, 8, O:6, 1.000, 0.480
2026-08-17 21:51:52,203 - WARNING - /opt/miniforge/envs/sandbox/lib/python3.12/site-packages/pymatgen/io/cif.py:1817: UserWarning: Issues encountered while parsing CIF: 2 fractional coordinates rounded to ideal values to avoid issues with finite precision.
  return parser.parse_structures(primitive=primitive)[0]

2026-08-17 21:51:52,360 - INFO - mp-20986, 10, S:4, 1.000, 0.114
2026-08-17 21:51:52,532 - INFO - mp-20946, 2, S:5, 0.710, 0.824
2026-08-17 21:51:53,039 - INFO - mp-20968, 2, O:6, 1.000, 0.094
2026-08-17 21:51:53,282 - INFO - mp-21019, 16, T:4, 1.000, 0.000
2026-08-17 21:51:53,802 - ERROR - No coordination environment symbols available for mp-21050 and index 8.
2026-08-17 21:51:53,851 - INFO - mp-21037, 8, O:6, 1.000, 0.354
2026-08-17 21:51:53,862 - WARNING - /opt/miniforge/envs/sandbox/lib/python3.12/site-packages/pymatgen/io/cif.py:1817: UserWarning: Issues encountered while parsing CIF: 2 fractional coordinates rounded to ideal values to avoid issues with finite precision.
  return parser.parse_structures(primitive=primitive)[0]

2026-08-17 21:51:53,886 - INFO - mp-21013, 12, O:6, 1.000, 0.000
2026-08-17 21:51:53,947 - INFO - mp-21040, 4, T:4, 1.000, 7.675
2026-08-17 21:51:53,961 - WARNING - /opt/miniforge/envs/sandbox/lib/python3.12/site-packages/pymatgen/io/cif.py:1817: UserWarning: Issues encountered while parsing CIF: 4 fractional coordinates rounded to ideal values to avoid issues with finite precision.
  return parser.parse_structures(primitive=primitive)[0]

2026-08-17 21:51:54,017 - INFO - mp-21041, 2, O:6, 1.000, 0.922
2026-08-17 21:51:54,124 - INFO - mp-21016, 0, T:5, 0.987, 2.073
2026-08-17 21:51:54,555 - INFO - mp-21053, 2, O:6, 1.000, 0.824
2026-08-17 21:51:54,915 - ERROR - No coordination environment symbols available for mp-21078 and index 0.
2026-08-17 21:51:55,404 - ERROR - No coordination environment symbols available for mp-21108 and index 24.
2026-08-17 21:51:55,517 - INFO - mp-21060, 4, T:4, 1.000, 0.048
2026-08-17 21:51:55,553 - INFO - mp-21112, 16, T:4, 1.000, 0.000
2026-08-17 21:51:55,618 - INFO - mp-21094, 2, T:5, 1.000, 0.028
2026-08-17 21:51:55,802 - INFO - mp-21059, 8, S:5, 1.000, 0.369
2026-08-17 21:51:55,811 - INFO - mp-21059, 12, S:5, 1.000, 0.369
2026-08-17 21:51:55,853 - ERROR - No coordination environment symbols available for mp-21117 and index 0.
2026-08-17 21:51:55,855 - WARNING - /opt/miniforge/envs/sandbox/lib/python3.12/site-packages/pymatgen/io/cif.py:1817: UserWarning: Issues encountered while parsing CIF: 2 fractional coordinates rounded to ideal values to avoid issues with finite precision.
  return parser.parse_structures(primitive=primitive)[0]

2026-08-17 21:51:55,925 - INFO - mp-21086, 0, O:6, 1.000, 0.938
2026-08-17 21:51:55,931 - INFO - mp-21086, 4, O:6, 1.000, 0.822
2026-08-17 21:51:55,931 - INFO - mp-21113, 2, T:4, 1.000, 0.084
2026-08-17 21:51:55,941 - WARNING - /opt/miniforge/envs/sandbox/lib/python3.12/site-packages/pymatgen/io/cif.py:1817: UserWarning: Issues encountered while parsing CIF: 2 fractional coordinates rounded to ideal values to avoid issues with finite precision.
  return parser.parse_structures(primitive=primitive)[0]

2026-08-17 21:51:56,786 - INFO - mp-21145, 1, S:4, 0.999, 0.000
2026-08-17 21:51:56,853 - ERROR - No coordination environment symbols available for mp-21255 and index 0.
2026-08-17 21:51:56,858 - WARNING - /opt/miniforge/envs/sandbox/lib/python3.12/site-packages/pymatgen/io/cif.py:1817: UserWarning: Issues encountered while parsing CIF: 2 fractional coordinates rounded to ideal values to avoid issues with finite precision.
  return parser.parse_structures(primitive=primitive)[0]

2026-08-17 21:51:56,881 - INFO - mp-21141, 0, O:6, 1.000, 1.210
2026-08-17 21:51:56,893 - ERROR - No coordination environment symbols available for mp-21141 and index 2.
2026-08-17 21:51:56,916 - ERROR - No coordination environment symbols available for mp-21211 and index 4.
2026-08-17 21:51:57,003 - INFO - mp-21221, 2, T:4, 1.000, 0.001
2026-08-17 21:51:57,256 - INFO - mp-21231, 0, O:6, 1.000, 0.020
2026-08-17 21:51:57,412 - INFO - mp-21239, 0, O:6, 1.000, 0.003
2026-08-17 21:51:57,412 - WARNING - /Users/marius/Code/gitlab.esrf.fr/spectroscopy/xasml/src/xasml/datasets/fdmnes/io.py:29: RuntimeWarning: divide by zero encountered in divide
  a = np.pi * gamma_max * (f - 1 / f**2) / (3 * x_larg)

2026-08-17 21:51:57,831 - ERROR - No coordination environment symbols available for mp-21273 and index 0.
2026-08-17 21:51:58,081 - INFO - mp-21260, 0, O:6, 1.000, 2.384
2026-08-17 21:51:58,461 - INFO - mp-21333, 8, O:6, 1.000, 1.077
2026-08-17 21:51:58,558 - ERROR - No coordination environment symbols available for mp-21357 and index 4.
2026-08-17 21:51:58,560 - INFO - mp-21336, 4, T:4, 1.000, 0.468
2026-08-17 21:51:58,707 - INFO - mp-21216, 8, O:6, 1.000, 0.763
2026-08-17 21:51:58,720 - INFO - mp-21216, 12, O:6, 1.000, 0.837
2026-08-17 21:51:58,757 - INFO - mp-21259, 8, O:6, 1.000, 0.000
2026-08-17 21:51:59,037 - INFO - mp-21410, 0, O:6, 1.000, 0.767
2026-08-17 21:51:59,062 - INFO - mp-21363, 2, T:4, 1.000, 1.057
2026-08-17 21:51:59,709 - INFO - mp-21476, 0, T:4, 1.000, 3.287
2026-08-17 21:51:59,710 - INFO - mp-21426, 2, T:4, 1.000, 0.092
2026-08-17 21:51:59,827 - ERROR - No coordination environment symbols available for mp-21471 and index 2.
2026-08-17 21:52:00,001 - INFO - mp-21495, 4, T:4, 1.000, 0.502
2026-08-17 21:52:00,202 - INFO - mp-21437, 0, O:6, 1.000, 0.699
2026-08-17 21:52:00,289 - INFO - mp-21515, 0, O:6, 1.000, 0.085
2026-08-17 21:52:00,296 - INFO - mp-21270, 4, O:6, 1.000, 0.635
2026-08-17 21:52:00,299 - INFO - mp-21515, 16, T:4, 1.000, 0.000
2026-08-17 21:52:01,208 - INFO - mp-21498, 0, O:6, 1.000, 0.000
2026-08-17 21:52:02,109 - INFO - mp-21588, 8, O:6, 1.000, 4.231
2026-08-17 21:52:02,122 - INFO - mp-21588, 16, T:4, 1.000, 1.428
2026-08-17 21:52:02,650 - ERROR - No coordination environment symbols available for mp-21565 and index 4.
2026-08-17 21:52:02,651 - ERROR - No coordination environment symbols available for mp-21565 and index 12.
2026-08-17 21:52:02,651 - ERROR - No coordination environment symbols available for mp-21565 and index 20.
2026-08-17 21:52:02,784 - ERROR - No coordination environment symbols available for mp-21581 and index 4.
2026-08-17 21:52:02,784 - ERROR - No coordination environment symbols available for mp-21581 and index 12.
2026-08-17 21:52:02,784 - ERROR - No coordination environment symbols available for mp-21581 and index 20.
2026-08-17 21:52:03,192 - INFO - mp-21590, 48, O:6, 1.000, 0.426
2026-08-17 21:52:03,289 - INFO - mp-21522, 0, O:6, 1.000, 0.639
2026-08-17 21:52:03,533 - INFO - mp-21623, 4, T:4, 1.000, 0.114
2026-08-17 21:52:03,540 - INFO - mp-21623, 8, S:5, 0.995, 1.517
2026-08-17 21:52:03,547 - INFO - mp-21623, 12, T:4, 0.706, 0.465
2026-08-17 21:52:03,557 - INFO - mp-21623, 16, T:4, 1.000, 0.106
2026-08-17 21:52:03,565 - INFO - mp-21623, 20, T:4, 1.000, 0.177
2026-08-17 21:52:04,024 - INFO - mp-21656, 22, T:6, 1.000, 0.176
2026-08-17 21:52:04,027 - INFO - mp-21662, 12, O:6, 1.000, 4.352
2026-08-17 21:52:04,034 - INFO - mp-21662, 20, O:6, 1.000, 3.865
2026-08-17 21:52:04,204 - INFO - mp-21666, 12, S:4, 1.000, 2.209
2026-08-17 21:52:04,212 - INFO - mp-21666, 60, S:4, 1.000, 2.209
2026-08-17 21:52:05,149 - ERROR - No coordination environment symbols available for mp-21701 and index 4.
2026-08-17 21:52:05,149 - ERROR - No coordination environment symbols available for mp-21701 and index 12.
2026-08-17 21:52:05,149 - ERROR - No coordination environment symbols available for mp-21701 and index 16.
2026-08-17 21:52:05,149 - ERROR - No coordination environment symbols available for mp-21701 and index 20.
2026-08-17 21:52:05,434 - INFO - mp-21671, 12, O:6, 1.000, 0.066
2026-08-17 21:52:05,746 - INFO - mp-21735, 4, O:6, 1.000, 0.332
2026-08-17 21:52:05,753 - INFO - mp-21735, 16, T:4, 1.000, 0.030
2026-08-17 21:52:06,026 - ERROR - No coordination environment symbols available for mp-21717 and index 0.
2026-08-17 21:52:06,026 - ERROR - No coordination environment symbols available for mp-21717 and index 8.
2026-08-17 21:52:06,026 - ERROR - No coordination environment symbols available for mp-21717 and index 16.
2026-08-17 21:52:06,026 - ERROR - No coordination environment symbols available for mp-21717 and index 20.
2026-08-17 21:52:06,026 - ERROR - No coordination environment symbols available for mp-21717 and index 24.
2026-08-17 21:52:06,218 - ERROR - No coordination environment symbols available for mp-21791 and index 16.
2026-08-17 21:52:06,293 - ERROR - No coordination environment symbols available for mp-21845 and index 0.
2026-08-17 21:52:07,279 - INFO - mp-21850, 0, O:6, 1.000, 2.288
2026-08-17 21:52:07,482 - ERROR - No coordination environment symbols available for mp-21865 and index 0.
2026-08-17 21:52:07,547 - INFO - mp-21778, 8, O:6, 1.000, 1.418
2026-08-17 21:52:07,712 - ERROR - No coordination environment symbols available for mp-21834 and index 24.
2026-08-17 21:52:07,712 - ERROR - No coordination environment symbols available for mp-21834 and index 40.
2026-08-17 21:52:07,712 - ERROR - No coordination environment symbols available for mp-21834 and index 56.
2026-08-17 21:52:07,712 - ERROR - No coordination environment symbols available for mp-21834 and index 72.
2026-08-17 21:52:08,065 - INFO - mp-21679, 0, O:6, 1.000, 0.183
2026-08-17 21:52:08,079 - INFO - mp-21679, 8, O:6, 1.000, 0.183
2026-08-17 21:52:08,086 - INFO - mp-21679, 12, O:6, 1.000, 0.156
2026-08-17 21:52:08,120 - INFO - mp-21880, 4, T:4, 1.000, 0.116
2026-08-17 21:52:08,279 - INFO - mp-21688, 0, O:6, 1.000, 1.001
2026-08-17 21:52:08,285 - INFO - mp-21688, 3, O:6, 1.000, 0.926
2026-08-17 21:52:08,292 - INFO - mp-21688, 6, O:6, 1.000, 0.859
2026-08-17 21:52:08,298 - INFO - mp-21688, 9, O:6, 1.000, 0.756
2026-08-17 21:52:08,305 - INFO - mp-21688, 12, O:6, 1.000, 0.366
2026-08-17 21:52:08,311 - INFO - mp-21688, 15, O:6, 1.000, 0.727
2026-08-17 21:52:08,317 - INFO - mp-21688, 18, O:6, 1.000, 0.190
2026-08-17 21:52:08,637 - INFO - mp-21882, 2, T:4, 1.000, 0.023
2026-08-17 21:52:08,668 - INFO - mp-21867, 4, O:6, 1.000, 0.665
2026-08-17 21:52:08,892 - ERROR - No coordination environment symbols available for mp-21883 and index 8.
2026-08-17 21:52:09,803 - ERROR - No coordination environment symbols available for mp-21902 and index 4.
2026-08-17 21:52:10,828 - INFO - mp-21971, 24, O:6, 1.000, 0.062
2026-08-17 21:52:10,947 - INFO - mp-21974, 24, T:4, 1.000, 0.955
2026-08-17 21:52:10,956 - INFO - mp-21974, 48, T:4, 1.000, 0.955
2026-08-17 21:52:11,117 - INFO - mp-21925, 0, O:6, 1.000, 0.028
2026-08-17 21:52:11,128 - WARNING - /opt/miniforge/envs/sandbox/lib/python3.12/site-packages/pymatgen/io/cif.py:1817: UserWarning: Issues encountered while parsing CIF: 4 fractional coordinates rounded to ideal values to avoid issues with finite precision.
  return parser.parse_structures(primitive=primitive)[0]

2026-08-17 21:52:11,765 - INFO - mp-21939, 0, O:6, 1.000, 0.462
2026-08-17 21:52:11,773 - INFO - mp-21939, 8, O:6, 1.000, 4.066
2026-08-17 21:52:11,922 - INFO - mp-22015, 0, O:6, 1.000, 0.000
2026-08-17 21:52:12,010 - INFO - mp-21960, 36, T:4, 1.000, 2.591
2026-08-17 21:52:12,026 - INFO - mp-21960, 40, T:4, 1.000, 0.090
2026-08-17 21:52:12,363 - INFO - mp-21941, 6, T:4, 1.000, 0.812
2026-08-17 21:52:12,370 - ERROR - No coordination environment symbols available for mp-21941 and index 10.
2026-08-17 21:52:12,370 - INFO - mp-21941, 14, T:5, 1.000, 4.652
2026-08-17 21:52:12,377 - INFO - mp-21941, 18, T:4, 1.000, 0.330
2026-08-17 21:52:12,384 - INFO - mp-21941, 22, T:4, 0.901, 2.347
2026-08-17 21:52:12,391 - INFO - mp-21941, 26, T:4, 1.000, 2.722
2026-08-17 21:52:12,491 - INFO - mp-22034, 2, T:4, 1.000, 0.019
2026-08-17 21:52:12,494 - INFO - mp-22035, 4, T:4, 1.000, 0.180
2026-08-17 21:52:12,507 - WARNING - /opt/miniforge/envs/sandbox/lib/python3.12/site-packages/pymatgen/io/cif.py:1817: UserWarning: Issues encountered while parsing CIF: 4 fractional coordinates rounded to ideal values to avoid issues with finite precision.
  return parser.parse_structures(primitive=primitive)[0]

2026-08-17 21:52:12,759 - INFO - mp-21926, 8, T:4, 0.986, 0.424
2026-08-17 21:52:12,766 - INFO - mp-21926, 12, T:4, 0.993, 0.428
2026-08-17 21:52:12,772 - INFO - mp-21926, 16, T:4, 0.898, 0.778
2026-08-17 21:52:12,779 - INFO - mp-21926, 20, T:4, 0.981, 0.698
2026-08-17 21:52:13,092 - INFO - mp-22038, 1, T:6, 0.829, 3.650
2026-08-17 21:52:13,270 - INFO - mp-22053, 0, T:4, 1.000, 0.003
2026-08-17 21:52:13,290 - WARNING - /opt/miniforge/envs/sandbox/lib/python3.12/site-packages/pymatgen/io/cif.py:1817: UserWarning: Issues encountered while parsing CIF: 2 fractional coordinates rounded to ideal values to avoid issues with finite precision.
  return parser.parse_structures(primitive=primitive)[0]

2026-08-17 21:52:14,400 - INFO - mp-22152, 2, T:4, 1.000, 0.405
2026-08-17 21:52:14,416 - INFO - mp-22113, 8, O:6, 1.000, 0.206
2026-08-17 21:52:14,422 - INFO - mp-22113, 12, T:4, 0.995, 0.327
2026-08-17 21:52:14,439 - WARNING - /opt/miniforge/envs/sandbox/lib/python3.12/site-packages/pymatgen/io/cif.py:1817: UserWarning: Issues encountered while parsing CIF: 2 fractional coordinates rounded to ideal values to avoid issues with finite precision.
  return parser.parse_structures(primitive=primitive)[0]

2026-08-17 21:52:14,842 - INFO - mp-22124, 0, O:6, 1.000, 0.708
2026-08-17 21:52:14,857 - INFO - mp-22124, 4, O:6, 1.000, 0.387
2026-08-17 21:52:15,051 - INFO - mp-22076, 2, O:6, 1.000, 0.390
2026-08-17 21:52:15,148 - ERROR - No coordination environment symbols available for mp-22130 and index 1.
2026-08-17 21:52:15,426 - INFO - mp-22191, 3, T:4, 1.000, 1.252
2026-08-17 21:52:16,222 - INFO - mp-22173, 4, O:6, 1.000, 0.359
2026-08-17 21:52:16,476 - INFO - mp-22194, 2, O:6, 1.000, 0.419
2026-08-17 21:52:16,963 - INFO - mp-22135, 6, O:6, 1.000, 2.701
2026-08-17 21:52:17,216 - INFO - mp-22200, 6, O:6, 1.000, 0.166
2026-08-17 21:52:17,223 - INFO - mp-22200, 8, O:6, 1.000, 0.202
2026-08-17 21:52:18,959 - INFO - mp-22242, 6, O:6, 1.000, 0.205
2026-08-17 21:52:19,155 - INFO - mp-22283, 4, O:6, 1.000, 0.043
2026-08-17 21:52:19,169 - ERROR - No coordination environment symbols available for mp-22300 and index 0.
2026-08-17 21:52:19,202 - INFO - mp-22252, 3, O:6, 1.000, 0.814
2026-08-17 21:52:19,274 - INFO - mp-22223, 0, O:6, 1.000, 0.632
2026-08-17 21:52:19,284 - INFO - mp-22223, 4, O:6, 1.000, 0.684
2026-08-17 21:52:19,290 - INFO - mp-22223, 8, O:6, 1.000, 0.513
2026-08-17 21:52:19,304 - INFO - mp-22223, 10, O:6, 1.000, 0.725
2026-08-17 21:52:19,591 - INFO - mp-22208, 4, T:5, 0.953, 1.802
2026-08-17 21:52:20,421 - ERROR - No coordination environment symbols available for mp-22312 and index 8.
2026-08-17 21:52:20,658 - INFO - mp-22349, 2, T:4, 1.000, 0.033
2026-08-17 21:52:20,988 - INFO - mp-22341, 4, O:6, 1.000, 0.012
2026-08-17 21:52:21,055 - INFO - mp-22219, 0, O:6, 1.000, 3.848
2026-08-17 21:52:21,301 - INFO - mp-22334, 0, O:6, 1.000, 0.222
2026-08-17 21:52:21,309 - INFO - mp-22334, 4, O:6, 1.000, 0.222
2026-08-17 21:52:21,334 - WARNING - /opt/miniforge/envs/sandbox/lib/python3.12/site-packages/pymatgen/io/cif.py:1817: UserWarning: Issues encountered while parsing CIF: 4 fractional coordinates rounded to ideal values to avoid issues with finite precision.
  return parser.parse_structures(primitive=primitive)[0]

2026-08-17 21:52:21,397 - INFO - mp-22366, 8, O:6, 1.000, 0.399
2026-08-17 21:52:22,135 - ERROR - No coordination environment symbols available for mp-22385 and index 18.
2026-08-17 21:52:22,234 - INFO - mp-22398, 0, O:6, 1.000, 0.000
2026-08-17 21:52:22,696 - INFO - mp-22421, 0, O:6, 1.000, 0.017
2026-08-17 21:52:22,858 - INFO - mp-22434, 4, T:4, 1.000, 0.421
2026-08-17 21:52:22,858 - WARNING - /Users/marius/Code/gitlab.esrf.fr/spectroscopy/xasml/src/xasml/datasets/fdmnes/io.py:29: RuntimeWarning: divide by zero encountered in divide
  a = np.pi * gamma_max * (f - 1 / f**2) / (3 * x_larg)

2026-08-17 21:52:22,916 - INFO - mp-22265, 0, O:6, 1.000, 1.046
2026-08-17 21:52:22,922 - INFO - mp-22265, 2, O:6, 1.000, 1.117
2026-08-17 21:52:22,929 - INFO - mp-22265, 4, O:6, 1.000, 1.046
2026-08-17 21:52:22,935 - INFO - mp-22265, 6, O:6, 1.000, 1.117
2026-08-17 21:52:22,961 - WARNING - /opt/miniforge/envs/sandbox/lib/python3.12/site-packages/pymatgen/io/cif.py:1817: UserWarning: Issues encountered while parsing CIF: 2 fractional coordinates rounded to ideal values to avoid issues with finite precision.
  return parser.parse_structures(primitive=primitive)[0]

2026-08-17 21:52:23,011 - INFO - mp-22413, 0, O:6, 1.000, 0.000
2026-08-17 21:52:23,178 - INFO - mp-22427, 2, T:4, 1.000, 0.187
2026-08-17 21:52:23,238 - ERROR - No coordination environment symbols available for mp-22461 and index 0.
2026-08-17 21:52:23,385 - ERROR - No coordination environment symbols available for mp-22444 and index 8.
2026-08-17 21:52:24,078 - INFO - mp-22369, 0, O:6, 1.000, 0.833
2026-08-17 21:52:24,196 - INFO - mp-22470, 2, O:6, 1.000, 0.653
2026-08-17 21:52:24,383 - INFO - mp-22478, 0, O:6, 1.000, 2.007
2026-08-17 21:52:24,804 - INFO - mp-22468, 8, O:6, 1.000, 4.941
2026-08-17 21:52:24,822 - INFO - mp-22468, 16, T:4, 1.000, 0.872
2026-08-17 21:52:24,924 - INFO - mp-22491, 2, T:4, 1.000, 0.340
2026-08-17 21:52:24,934 - WARNING - /opt/miniforge/envs/sandbox/lib/python3.12/site-packages/pymatgen/io/cif.py:1817: UserWarning: Issues encountered while parsing CIF: 4 fractional coordinates rounded to ideal values to avoid issues with finite precision.
  return parser.parse_structures(primitive=primitive)[0]

2026-08-17 21:52:25,135 - ERROR - No coordination environment symbols available for mp-22510 and index 0.
2026-08-17 21:52:25,135 - ERROR - No coordination environment symbols available for mp-22510 and index 4.
2026-08-17 21:52:25,135 - ERROR - No coordination environment symbols available for mp-22510 and index 6.
2026-08-17 21:52:25,174 - INFO - mp-22588, 4, O:6, 1.000, 0.075
2026-08-17 21:52:25,499 - INFO - mp-22589, 4, T:4, 1.000, 0.000
2026-08-17 21:52:25,796 - INFO - mp-22611, 2, T:4, 1.000, 0.082
2026-08-17 21:52:25,824 - INFO - mp-22590, 4, O:6, 1.000, 0.021
2026-08-17 21:52:26,220 - INFO - mp-22612, 0, T:4, 1.000, 0.404
2026-08-17 21:52:26,361 - INFO - mp-22613, 6, O:6, 1.000, 0.017
2026-08-17 21:52:27,207 - INFO - mp-22614, 4, O:6, 1.000, 1.177
2026-08-17 21:52:27,417 - INFO - mp-22648, 0, T:4, 1.000, 0.265
2026-08-17 21:52:28,552 - INFO - mp-22667, 4, O:6, 1.000, 1.147
2026-08-17 21:52:28,554 - INFO - mp-22652, 0, O:6, 1.000, 1.450
2026-08-17 21:52:28,568 - INFO - mp-22652, 4, T:6, 1.000, 6.777
2026-08-17 21:52:28,580 - INFO - mp-22652, 8, O:6, 1.000, 1.179
2026-08-17 21:52:28,743 - INFO - mp-22640, 4, S:5, 0.998, 0.707
2026-08-17 21:52:28,752 - INFO - mp-22640, 8, T:4, 1.000, 1.153
2026-08-17 21:52:28,759 - INFO - mp-22640, 12, T:4, 0.997, 0.448
2026-08-17 21:52:28,767 - ERROR - No coordination environment symbols available for mp-22640 and index 16.
2026-08-17 21:52:28,907 - INFO - mp-22484, 16, O:6, 1.000, 0.233
2026-08-17 21:52:28,914 - INFO - mp-22484, 24, O:6, 1.000, 0.233
2026-08-17 21:52:29,019 - INFO - mp-22698, 2, T:4, 1.000, 1.019
2026-08-17 21:52:29,158 - INFO - mp-22663, 18, O:6, 1.000, 0.207
2026-08-17 21:52:29,172 - INFO - mp-22663, 21, O:6, 1.000, 0.019
2026-08-17 21:52:29,188 - INFO - mp-22684, 0, O:6, 1.000, 0.284
2026-08-17 21:52:29,872 - INFO - mp-22701, 4, T:4, 0.911, 0.612
2026-08-17 21:52:29,891 - WARNING - /opt/miniforge/envs/sandbox/lib/python3.12/site-packages/pymatgen/io/cif.py:1817: UserWarning: Issues encountered while parsing CIF: 4 fractional coordinates rounded to ideal values to avoid issues with finite precision.
  return parser.parse_structures(primitive=primitive)[0]

2026-08-17 21:52:29,945 - ERROR - No coordination environment symbols available for mp-22752 and index 0.
2026-08-17 21:52:30,278 - INFO - mp-22739, 4, T:4, 1.000, 0.146
2026-08-17 21:52:30,461 - INFO - mp-22753, 4, T:4, 1.000, 3.732
2026-08-17 21:52:31,049 - INFO - mp-22793, 1, O:6, 1.000, 2.288
2026-08-17 21:52:31,209 - INFO - mp-22776, 8, O:6, 1.000, 0.000
2026-08-17 21:52:31,282 - ERROR - No coordination environment symbols available for mp-22787 and index 0.
2026-08-17 21:52:31,282 - ERROR - No coordination environment symbols available for mp-22787 and index 2.
2026-08-17 21:52:31,282 - ERROR - No coordination environment symbols available for mp-22787 and index 3.
2026-08-17 21:52:31,286 - WARNING - /opt/miniforge/envs/sandbox/lib/python3.12/site-packages/pymatgen/io/cif.py:1817: UserWarning: Issues encountered while parsing CIF: 2 fractional coordinates rounded to ideal values to avoid issues with finite precision.
  return parser.parse_structures(primitive=primitive)[0]

2026-08-17 21:52:31,430 - INFO - mp-22635, 0, T:4, 1.000, 0.071
2026-08-17 21:52:31,436 - INFO - mp-22635, 2, O:6, 1.000, 0.272
2026-08-17 21:52:31,443 - INFO - mp-22635, 4, O:6, 1.000, 0.260
2026-08-17 21:52:31,450 - INFO - mp-22635, 6, O:6, 1.000, 0.573
2026-08-17 21:52:31,457 - INFO - mp-22635, 8, O:6, 1.000, 0.299
2026-08-17 21:52:31,467 - INFO - mp-22635, 10, O:6, 1.000, 0.254
2026-08-17 21:52:31,473 - INFO - mp-22635, 12, O:6, 1.000, 0.971
2026-08-17 21:52:31,485 - WARNING - /opt/miniforge/envs/sandbox/lib/python3.12/site-packages/pymatgen/io/cif.py:1817: UserWarning: Issues encountered while parsing CIF: 2 fractional coordinates rounded to ideal values to avoid issues with finite precision.
  return parser.parse_structures(primitive=primitive)[0]

2026-08-17 21:52:31,487 - INFO - mp-22880, 0, O:6, 1.000, 0.030
2026-08-17 21:52:31,696 - INFO - mp-22774, 0, O:6, 1.000, 1.256
2026-08-17 21:52:31,702 - INFO - mp-22774, 8, O:6, 1.000, 1.563
2026-08-17 21:52:31,881 - INFO - mp-22728, 8, O:6, 1.000, 0.318
2026-08-17 21:52:32,269 - INFO - mp-22949, 0, O:6, 1.000, 0.421
2026-08-17 21:52:32,801 - INFO - mp-22967, 4, O:6, 1.000, 0.018
2026-08-17 21:52:32,816 - WARNING - /opt/miniforge/envs/sandbox/lib/python3.12/site-packages/pymatgen/io/cif.py:1817: UserWarning: Issues encountered while parsing CIF: 1 fractional coordinates rounded to ideal values to avoid issues with finite precision.
  return parser.parse_structures(primitive=primitive)[0]

2026-08-17 21:52:32,826 - INFO - mp-22972, 6, T:6, 1.000, 1.208
2026-08-17 21:52:33,447 - INFO - mp-23069, 0, O:6, 1.000, 0.693
2026-08-17 21:52:33,723 - INFO - mp-23081, 6, O:6, 0.918, 1.778
2026-08-17 21:52:33,771 - INFO - mp-23123, 0, O:6, 0.863, 4.089
2026-08-17 21:52:33,845 - INFO - mp-23229, 0, O:6, 1.000, 0.040
2026-08-17 21:52:33,939 - INFO - mp-23204, 0, O:6, 1.000, 0.843
2026-08-17 21:52:34,098 - INFO - mp-23105, 6, O:6, 0.523, 2.759
2026-08-17 21:52:34,225 - INFO - mp-22806, 0, O:6, 1.000, 0.132
2026-08-17 21:52:34,236 - INFO - mp-22806, 1, O:6, 1.000, 0.095
2026-08-17 21:52:34,281 - INFO - mp-23125, 24, O:6, 1.000, 0.017
2026-08-17 21:52:34,464 - INFO - mp-23232, 0, O:6, 1.000, 0.278
2026-08-17 21:52:34,477 - WARNING - /opt/miniforge/envs/sandbox/lib/python3.12/site-packages/pymatgen/io/cif.py:1817: UserWarning: Issues encountered while parsing CIF: 2 fractional coordinates rounded to ideal values to avoid issues with finite precision.
  return parser.parse_structures(primitive=primitive)[0]

2026-08-17 21:52:35,323 - INFO - mp-23501, 0, O:6, 1.000, 0.503
2026-08-17 21:52:35,830 - INFO - mp-23415, 4, O:6, 1.000, 0.486
2026-08-17 21:52:35,902 - INFO - mp-23804, 8, O:6, 1.000, 0.000
2026-08-17 21:52:35,985 - INFO - mp-23348, 4, O:6, 1.000, 0.462
2026-08-17 21:52:36,112 - INFO - mp-23880, 0, O:6, 1.000, 0.942
2026-08-17 21:52:36,156 - INFO - mp-23538, 4, O:6, 1.000, 0.602
2026-08-17 21:52:36,929 - INFO - mp-23972, 0, O:6, 1.000, 0.675
2026-08-17 21:52:38,278 - INFO - mp-24200, 0, O:6, 1.000, 1.456
2026-08-17 21:52:38,952 - INFO - mp-24008, 8, O:6, 1.000, 0.314
2026-08-17 21:52:39,635 - INFO - mp-24117, 4, O:6, 1.000, 0.003
2026-08-17 21:52:39,753 - INFO - mp-24102, 2, O:6, 1.000, 0.469
2026-08-17 21:52:41,595 - INFO - mp-24447, 0, O:6, 1.000, 0.003
2026-08-17 21:52:42,454 - INFO - mp-24056, 0, O:6, 1.000, 0.030
2026-08-17 21:52:42,467 - INFO - mp-24056, 4, O:6, 1.000, 0.020
2026-08-17 21:52:42,488 - INFO - mp-24220, 4, O:6, 1.000, 0.095
2026-08-17 21:52:42,993 - INFO - mp-24537, 0, O:6, 0.943, 1.524
2026-08-17 21:52:43,779 - INFO - mp-23881, 0, O:6, 1.000, 0.529
2026-08-17 21:52:43,794 - INFO - mp-23881, 4, O:6, 1.000, 0.615
2026-08-17 21:52:44,368 - INFO - mp-24470, 0, O:6, 1.000, 0.784
2026-08-17 21:52:44,377 - INFO - mp-24470, 8, O:6, 1.000, 0.784
2026-08-17 21:52:45,964 - INFO - mp-24813, 2, T:6, 1.000, 5.312
2026-08-17 21:52:45,973 - INFO - mp-24813, 6, S:4, 1.000, 2.833
2026-08-17 21:52:45,988 - INFO - mp-24813, 10, O:6, 1.000, 6.735
2026-08-17 21:52:46,449 - INFO - mp-24619, 0, O:6, 1.000, 0.063
2026-08-17 21:52:47,475 - INFO - mp-24392, 8, O:6, 1.000, 3.020
2026-08-17 21:52:47,965 - INFO - mp-24474, 0, O:6, 1.000, 2.263
2026-08-17 21:52:47,975 - INFO - mp-24474, 2, T:5, 0.961, 1.540
2026-08-17 21:52:47,986 - INFO - mp-24474, 4, O:6, 1.000, 0.980
2026-08-17 21:52:47,996 - INFO - mp-24474, 6, O:6, 1.000, 0.125
2026-08-17 21:52:48,016 - INFO - mp-24971, 4, S:5, 0.682, 1.120
2026-08-17 21:52:48,016 - WARNING - /Users/marius/Code/gitlab.esrf.fr/spectroscopy/xasml/src/xasml/datasets/fdmnes/io.py:29: RuntimeWarning: divide by zero encountered in divide
  a = np.pi * gamma_max * (f - 1 / f**2) / (3 * x_larg)

2026-08-17 21:52:48,023 - INFO - mp-25303, 0, O:6, 1.000, 0.799
2026-08-17 21:52:48,024 - INFO - mp-24971, 6, S:5, 0.707, 1.010
2026-08-17 21:52:48,300 - INFO - mp-24648, 4, O:6, 1.000, 0.229
2026-08-17 21:52:50,160 - INFO - mp-27334, 12, T:4, 1.000, 0.061
2026-08-17 21:52:50,469 - INFO - mp-24752, 1, O:6, 1.000, 0.017
2026-08-17 21:52:50,476 - INFO - mp-24752, 2, O:6, 1.000, 0.403
2026-08-17 21:52:50,829 - INFO - mp-27164, 0, O:6, 1.000, 0.705
2026-08-17 21:52:50,835 - INFO - mp-27164, 4, O:6, 1.000, 0.820
2026-08-17 21:52:51,210 - INFO - mp-27380, 0, T:6, 1.000, 7.300
2026-08-17 21:52:51,523 - INFO - mp-26985, 4, O:6, 1.000, 1.100
2026-08-17 21:52:51,529 - INFO - mp-26985, 8, O:6, 1.000, 1.019
2026-08-17 21:52:52,248 - INFO - mp-27338, 8, O:6, 1.000, 0.374
2026-08-17 21:52:52,255 - INFO - mp-27338, 12, O:6, 1.000, 1.584
2026-08-17 21:52:52,381 - ERROR - No coordination environment symbols available for mp-27505 and index 0.
2026-08-17 21:52:52,485 - INFO - mp-27489, 12, T:4, 1.000, 0.477
2026-08-17 21:52:52,722 - INFO - mp-27491, 4, O:6, 1.000, 0.383
2026-08-17 21:52:52,740 - INFO - mp-27491, 12, O:6, 1.000, 0.383
2026-08-17 21:52:53,091 - INFO - mp-25993, 12, O:6, 1.000, 0.697
2026-08-17 21:52:53,102 - INFO - mp-25993, 16, O:6, 1.000, 0.752
2026-08-17 21:52:53,446 - INFO - mp-27492, 4, O:6, 1.000, 0.283
2026-08-17 21:52:53,457 - INFO - mp-27492, 12, O:6, 1.000, 0.553
2026-08-17 21:52:53,464 - INFO - mp-27492, 20, O:6, 1.000, 0.688
2026-08-17 21:52:53,504 - INFO - mp-27514, 4, T:4, 1.000, 0.075
2026-08-17 21:52:53,957 - INFO - mp-27660, 2, T:4, 1.000, 0.048
2026-08-17 21:52:54,097 - INFO - mp-27570, 4, T:4, 1.000, 0.038
2026-08-17 21:52:54,713 - INFO - mp-27904, 0, O:6, 1.000, 0.556
2026-08-17 21:52:54,792 - INFO - mp-27884, 48, T:6, 1.000, 3.147
2026-08-17 21:52:54,805 - INFO - mp-27884, 80, O:6, 1.000, 6.935
2026-08-17 21:52:54,853 - INFO - mp-27609, 6, T:5, 0.652, 6.741
2026-08-17 21:52:54,869 - WARNING - /opt/miniforge/envs/sandbox/lib/python3.12/site-packages/pymatgen/io/cif.py:1817: UserWarning: Issues encountered while parsing CIF: 2 fractional coordinates rounded to ideal values to avoid issues with finite precision.
  return parser.parse_structures(primitive=primitive)[0]

2026-08-17 21:52:55,574 - INFO - mp-28100, 4, T:4, 1.000, 0.593
2026-08-17 21:52:55,593 - INFO - mp-28100, 6, T:4, 1.000, 0.593
2026-08-17 21:52:55,661 - INFO - mp-27908, 0, O:6, 1.000, 6.308
2026-08-17 21:52:55,671 - INFO - mp-27908, 12, T:4, 1.000, 3.338
2026-08-17 21:52:55,678 - INFO - mp-27908, 18, T:4, 1.000, 3.117
2026-08-17 21:52:56,377 - INFO - mp-28208, 2, O:6, 1.000, 0.304
2026-08-17 21:52:56,931 - INFO - mp-24776, 0, O:6, 1.000, 0.081
2026-08-17 21:52:56,939 - INFO - mp-24776, 2, O:6, 1.000, 0.149
2026-08-17 21:52:57,495 - INFO - mp-28220, 4, O:6, 1.000, 0.330
2026-08-17 21:52:57,496 - WARNING - /Users/marius/Code/gitlab.esrf.fr/spectroscopy/xasml/src/xasml/datasets/fdmnes/io.py:29: RuntimeWarning: divide by zero encountered in divide
  a = np.pi * gamma_max * (f - 1 / f**2) / (3 * x_larg)

2026-08-17 21:52:57,671 - INFO - mp-28231, 4, T:4, 0.990, 1.843
2026-08-17 21:52:57,727 - INFO - mp-28104, 0, O:6, 1.000, 0.404
2026-08-17 21:52:57,911 - INFO - mp-27557, 32, T:4, 1.000, 0.164
2026-08-17 21:52:57,921 - INFO - mp-27557, 36, T:4, 1.000, 0.262
2026-08-17 21:52:59,502 - INFO - mp-28452, 0, T:6, 1.000, 3.406
2026-08-17 21:52:59,522 - ERROR - No coordination environment symbols available for mp-28452 and index 32.
2026-08-17 21:52:59,685 - INFO - mp-28009, 8, T:4, 0.673, 0.059
2026-08-17 21:52:59,691 - INFO - mp-28009, 12, O:6, 1.000, 0.433
2026-08-17 21:52:59,698 - INFO - mp-28009, 16, O:6, 1.000, 0.395
2026-08-17 21:52:59,704 - INFO - mp-28009, 20, T:5, 1.000, 0.060
2026-08-17 21:52:59,710 - INFO - mp-28009, 22, O:6, 1.000, 0.433
2026-08-17 21:52:59,717 - INFO - mp-28009, 24, O:6, 1.000, 0.367
2026-08-17 21:52:59,812 - INFO - mp-28444, 0, O:6, 1.000, 2.098
2026-08-17 21:52:59,818 - INFO - mp-28444, 4, O:6, 1.000, 2.502
2026-08-17 21:52:59,845 - INFO - mp-28378, 12, O:6, 1.000, 3.886
2026-08-17 21:52:59,851 - INFO - mp-28378, 20, O:6, 1.000, 3.886
2026-08-17 21:52:59,852 - WARNING - /Users/marius/Code/gitlab.esrf.fr/spectroscopy/xasml/src/xasml/datasets/fdmnes/io.py:29: RuntimeWarning: divide by zero encountered in divide
  a = np.pi * gamma_max * (f - 1 / f**2) / (3 * x_larg)

2026-08-17 21:53:00,429 - INFO - mp-28189, 0, T:4, 1.000, 0.049
2026-08-17 21:53:00,443 - INFO - mp-28189, 1, T:4, 1.000, 0.054
2026-08-17 21:53:01,114 - ERROR - No coordination environment symbols available for mp-28637 and index 8.
2026-08-17 21:53:01,572 - INFO - mp-28359, 8, O:6, 1.000, 0.800
2026-08-17 21:53:01,593 - INFO - mp-28359, 12, O:6, 1.000, 1.456
2026-08-17 21:53:01,614 - INFO - mp-28359, 16, O:6, 1.000, 0.495
2026-08-17 21:53:01,866 - INFO - mp-28435, 4, T:4, 0.952, 0.082
2026-08-17 21:53:01,873 - INFO - mp-28435, 6, T:4, 0.951, 0.074
2026-08-17 21:53:02,804 - ERROR - No coordination environment symbols available for mp-28618 and index 6.
2026-08-17 21:53:02,804 - INFO - mp-28618, 54, T:5, 1.000, 5.821
2026-08-17 21:53:02,819 - ERROR - No coordination environment symbols available for mp-28618 and index 102.
2026-08-17 21:53:02,819 - INFO - mp-28618, 118, T:5, 1.000, 5.821
2026-08-17 21:53:03,269 - INFO - mp-28696, 12, T:4, 1.000, 0.836
2026-08-17 21:53:03,282 - INFO - mp-28628, 12, T:4, 1.000, 0.200
2026-08-17 21:53:03,313 - INFO - mp-28600, 8, O:6, 1.000, 0.139
2026-08-17 21:53:04,773 - ERROR - No coordination environment symbols available for mp-28770 and index 8.
2026-08-17 21:53:04,795 - INFO - mp-28519, 0, O:6, 1.000, 2.633
2026-08-17 21:53:04,802 - INFO - mp-28519, 2, O:6, 1.000, 1.061
2026-08-17 21:53:04,809 - INFO - mp-28519, 4, O:6, 1.000, 1.018
2026-08-17 21:53:04,817 - INFO - mp-28519, 6, O:6, 1.000, 0.498
2026-08-17 21:53:04,823 - INFO - mp-28519, 7, O:6, 1.000, 0.281
2026-08-17 21:53:04,934 - INFO - mp-28884, 2, T:4, 1.000, 0.535
2026-08-17 21:53:05,624 - INFO - mp-28828, 24, O:6, 1.000, 0.000
2026-08-17 21:53:06,869 - INFO - mp-28901, 2, O:6, 1.000, 2.178
2026-08-17 21:53:07,155 - INFO - mp-28903, 24, O:6, 1.000, 0.021
2026-08-17 21:53:07,166 - WARNING - /opt/miniforge/envs/sandbox/lib/python3.12/site-packages/pymatgen/io/cif.py:1817: UserWarning: Issues encountered while parsing CIF: 2 fractional coordinates rounded to ideal values to avoid issues with finite precision.
  return parser.parse_structures(primitive=primitive)[0]

2026-08-17 21:53:07,706 - ERROR - No coordination environment symbols available for mp-28771 and index 10.
2026-08-17 21:53:07,710 - ERROR - No coordination environment symbols available for mp-28771 and index 12.
2026-08-17 21:53:07,711 - ERROR - No coordination environment symbols available for mp-28771 and index 14.
2026-08-17 21:53:07,904 - INFO - mp-28640, 32, O:6, 1.000, 0.125
2026-08-17 21:53:07,917 - INFO - mp-28640, 40, O:6, 1.000, 0.095
2026-08-17 21:53:08,102 - ERROR - No coordination environment symbols available for mp-28964 and index 16.
2026-08-17 21:53:08,119 - INFO - mp-28700, 0, O:6, 1.000, 0.392
2026-08-17 21:53:08,135 - INFO - mp-28700, 2, O:6, 1.000, 0.420
2026-08-17 21:53:08,204 - INFO - mp-29076, 0, O:6, 1.000, 1.021
2026-08-17 21:53:08,215 - WARNING - /opt/miniforge/envs/sandbox/lib/python3.12/site-packages/pymatgen/io/cif.py:1817: UserWarning: Issues encountered while parsing CIF: 2 fractional coordinates rounded to ideal values to avoid issues with finite precision.
  return parser.parse_structures(primitive=primitive)[0]

2026-08-17 21:53:08,259 - INFO - mp-28780, 10, T:6, 1.000, 4.322
2026-08-17 21:53:08,266 - INFO - mp-28780, 14, T:4, 1.000, 0.434
2026-08-17 21:53:08,273 - INFO - mp-28780, 18, T:4, 1.000, 0.120
2026-08-17 21:53:08,284 - INFO - mp-28780, 22, S:5, 0.994, 1.601
2026-08-17 21:53:08,290 - INFO - mp-28780, 26, T:4, 1.000, 0.095
2026-08-17 21:53:08,297 - INFO - mp-28780, 30, T:6, 1.000, 4.322
2026-08-17 21:53:08,303 - INFO - mp-28780, 34, T:4, 1.000, 0.434
2026-08-17 21:53:08,309 - INFO - mp-28780, 38, T:4, 1.000, 0.120
2026-08-17 21:53:08,318 - INFO - mp-28780, 42, S:5, 0.994, 1.601
2026-08-17 21:53:08,325 - INFO - mp-28780, 46, T:4, 1.000, 0.095
2026-08-17 21:53:09,118 - INFO - mp-29400, 2, O:6, 1.000, 0.019
2026-08-17 21:53:09,523 - INFO - mp-29423, 4, T:4, 1.000, 0.108
2026-08-17 21:53:09,537 - WARNING - /opt/miniforge/envs/sandbox/lib/python3.12/site-packages/pymatgen/io/cif.py:1817: UserWarning: Issues encountered while parsing CIF: 4 fractional coordinates rounded to ideal values to avoid issues with finite precision.
  return parser.parse_structures(primitive=primitive)[0]

2026-08-17 21:53:10,296 - ERROR - No coordination environment symbols available for mp-29068 and index 20.
2026-08-17 21:53:10,307 - WARNING - /opt/miniforge/envs/sandbox/lib/python3.12/site-packages/pymatgen/io/cif.py:1817: UserWarning: Issues encountered while parsing CIF: 2 fractional coordinates rounded to ideal values to avoid issues with finite precision.
  return parser.parse_structures(primitive=primitive)[0]

2026-08-17 21:53:10,425 - ERROR - No coordination environment symbols available for mp-29111 and index 8.
2026-08-17 21:53:10,425 - ERROR - No coordination environment symbols available for mp-29111 and index 16.
2026-08-17 21:53:10,840 - INFO - mp-29110, 4, S:5, 1.000, 7.343
2026-08-17 21:53:10,848 - ERROR - No coordination environment symbols available for mp-29110 and index 6.
2026-08-17 21:53:10,848 - INFO - mp-29110, 8, S:5, 1.000, 6.184
2026-08-17 21:53:11,054 - INFO - mp-29066, 24, O:6, 1.000, 6.961
2026-08-17 21:53:11,068 - INFO - mp-29066, 28, O:6, 1.000, 6.933
2026-08-17 21:53:11,078 - ERROR - No coordination environment symbols available for mp-29066 and index 32.
2026-08-17 21:53:11,078 - INFO - mp-29066, 36, T:6, 1.000, 7.823
2026-08-17 21:53:11,127 - INFO - mp-29575, 6, O:6, 1.000, 0.305
2026-08-17 21:53:11,486 - INFO - mp-29472, 0, O:6, 1.000, 1.631
2026-08-17 21:53:11,492 - INFO - mp-29472, 2, O:6, 1.000, 0.833
2026-08-17 21:53:12,035 - INFO - mp-29659, 0, O:6, 1.000, 0.718
2026-08-17 21:53:12,090 - INFO - mp-29248, 4, O:6, 1.000, 0.130
2026-08-17 21:53:12,096 - INFO - mp-29248, 8, O:6, 1.000, 0.252
2026-08-17 21:53:12,103 - INFO - mp-29248, 12, O:6, 1.000, 0.130
2026-08-17 21:53:12,106 - INFO - mp-29100, 0, O:6, 1.000, 1.246
2026-08-17 21:53:12,116 - INFO - mp-29248, 16, O:6, 1.000, 0.252
2026-08-17 21:53:12,120 - INFO - mp-29100, 8, O:6, 1.000, 0.654
2026-08-17 21:53:12,126 - INFO - mp-29100, 12, T:4, 0.902, 1.704
2026-08-17 21:53:12,215 - ERROR - No coordination environment symbols available for mp-30044 and index 0.
2026-08-17 21:53:12,448 - INFO - mp-30073, 2, O:6, 1.000, 0.437
2026-08-17 21:53:12,448 - WARNING - /Users/marius/Code/gitlab.esrf.fr/spectroscopy/xasml/src/xasml/datasets/fdmnes/io.py:29: RuntimeWarning: divide by zero encountered in divide
  a = np.pi * gamma_max * (f - 1 / f**2) / (3 * x_larg)

2026-08-17 21:53:12,457 - WARNING - /opt/miniforge/envs/sandbox/lib/python3.12/site-packages/pymatgen/io/cif.py:1817: UserWarning: Issues encountered while parsing CIF: 2 fractional coordinates rounded to ideal values to avoid issues with finite precision.
  return parser.parse_structures(primitive=primitive)[0]

2026-08-17 21:53:12,860 - INFO - mp-30075, 8, O:6, 1.000, 0.003
2026-08-17 21:53:13,713 - INFO - mp-30084, 16, T:4, 1.000, 0.000
2026-08-17 21:53:13,887 - ERROR - No coordination environment symbols available for mp-30551 and index 4.
2026-08-17 21:53:13,964 - ERROR - No coordination environment symbols available for mp-30326 and index 20.
2026-08-17 21:53:13,995 - INFO - mp-30328, 6, T:6, 1.000, 1.239
2026-08-17 21:53:14,530 - INFO - mp-30076, 24, O:6, 1.000, 5.225
2026-08-17 21:53:14,537 - INFO - mp-30076, 32, O:6, 1.000, 3.909
2026-08-17 21:53:14,544 - INFO - mp-30076, 40, O:6, 1.000, 3.928
2026-08-17 21:53:14,563 - WARNING - /opt/miniforge/envs/sandbox/lib/python3.12/site-packages/pymatgen/io/cif.py:1817: UserWarning: Issues encountered while parsing CIF: 6 fractional coordinates rounded to ideal values to avoid issues with finite precision.
  return parser.parse_structures(primitive=primitive)[0]

2026-08-17 21:53:14,825 - INFO - mp-30093, 12, T:4, 1.000, 1.820
2026-08-17 21:53:14,854 - WARNING - /opt/miniforge/envs/sandbox/lib/python3.12/site-packages/pymatgen/io/cif.py:1817: UserWarning: Issues encountered while parsing CIF: 4 fractional coordinates rounded to ideal values to avoid issues with finite precision.
  return parser.parse_structures(primitive=primitive)[0]

2026-08-17 21:53:14,900 - INFO - mp-29757, 0, O:6, 1.000, 0.038
2026-08-17 21:53:14,939 - ERROR - No coordination environment symbols available for mp-30635 and index 0.
2026-08-17 21:53:14,962 - INFO - mp-30154, 0, T:4, 1.000, 0.546
2026-08-17 21:53:14,975 - INFO - mp-30154, 4, T:4, 1.000, 0.546
2026-08-17 21:53:15,203 - ERROR - No coordination environment symbols available for mp-30570 and index 8.
2026-08-17 21:53:15,260 - ERROR - No coordination environment symbols available for mp-30634 and index 9.
2026-08-17 21:53:15,261 - ERROR - No coordination environment symbols available for mp-30634 and index 27.
2026-08-17 21:53:15,261 - INFO - mp-30634, 33, T:6, 1.000, 4.213
2026-08-17 21:53:15,818 - ERROR - No coordination environment symbols available for mp-30638 and index 9.
2026-08-17 21:53:15,819 - ERROR - No coordination environment symbols available for mp-30638 and index 27.
2026-08-17 21:53:15,819 - INFO - mp-30638, 33, T:6, 1.000, 5.008
2026-08-17 21:53:16,509 - ERROR - No coordination environment symbols available for mp-30639 and index 8.
2026-08-17 21:53:16,509 - ERROR - No coordination environment symbols available for mp-30639 and index 20.
2026-08-17 21:53:16,509 - INFO - mp-30639, 26, T:6, 1.000, 5.128
2026-08-17 21:53:16,516 - INFO - mp-30639, 30, T:6, 1.000, 5.083
2026-08-17 21:53:16,524 - ERROR - No coordination environment symbols available for mp-30639 and index 34.
2026-08-17 21:53:16,980 - ERROR - No coordination environment symbols available for mp-30640 and index 4.
2026-08-17 21:53:16,980 - INFO - mp-30640, 16, T:6, 1.000, 6.567
2026-08-17 21:53:16,991 - ERROR - No coordination environment symbols available for mp-30640 and index 28.
2026-08-17 21:53:16,991 - INFO - mp-30640, 34, T:4, 1.000, 0.082
2026-08-17 21:53:17,227 - INFO - mp-30641, 24, T:4, 1.000, 0.012
2026-08-17 21:53:17,235 - ERROR - No coordination environment symbols available for mp-30641 and index 56.
2026-08-17 21:53:17,235 - ERROR - No coordination environment symbols available for mp-30641 and index 88.
2026-08-17 21:53:17,235 - ERROR - No coordination environment symbols available for mp-30641 and index 112.
2026-08-17 21:53:17,639 - ERROR - No coordination environment symbols available for mp-30701 and index 36.
2026-08-17 21:53:17,639 - ERROR - No coordination environment symbols available for mp-30701 and index 40.
2026-08-17 21:53:17,805 - INFO - mp-30947, 12, T:4, 1.000, 0.327
2026-08-17 21:53:17,835 - INFO - mp-31094, 8, T:4, 0.812, 1.318
2026-08-17 21:53:17,908 - INFO - mp-31095, 8, T:4, 0.827, 1.293
2026-08-17 21:53:18,945 - ERROR - No coordination environment symbols available for mp-31185 and index 8.
2026-08-17 21:53:18,965 - ERROR - No coordination environment symbols available for mp-31179 and index 18.
2026-08-17 21:53:19,104 - INFO - mp-31205, 12, T:6, 1.000, 0.120
2026-08-17 21:53:19,343 - ERROR - No coordination environment symbols available for mp-31186 and index 4.
2026-08-17 21:53:19,375 - INFO - mp-30995, 0, O:6, 1.000, 3.177
2026-08-17 21:53:19,382 - INFO - mp-30995, 4, O:6, 1.000, 0.784
2026-08-17 21:53:19,393 - WARNING - /opt/miniforge/envs/sandbox/lib/python3.12/site-packages/pymatgen/io/cif.py:1817: UserWarning: Issues encountered while parsing CIF: 4 fractional coordinates rounded to ideal values to avoid issues with finite precision.
  return parser.parse_structures(primitive=primitive)[0]

2026-08-17 21:53:19,511 - ERROR - No coordination environment symbols available for mp-31187 and index 8.
2026-08-17 21:53:19,688 - INFO - mp-30702, 116, S:4, 1.000, 3.537
2026-08-17 21:53:19,696 - ERROR - No coordination environment symbols available for mp-30702 and index 128.
2026-08-17 21:53:20,345 - INFO - mp-31755, 4, O:6, 1.000, 0.216
2026-08-17 21:53:20,346 - WARNING - /Users/marius/Code/gitlab.esrf.fr/spectroscopy/xasml/src/xasml/datasets/fdmnes/io.py:29: RuntimeWarning: divide by zero encountered in divide
  a = np.pi * gamma_max * (f - 1 / f**2) / (3 * x_larg)

2026-08-17 21:53:20,640 - ERROR - No coordination environment symbols available for mp-31218 and index 12.
2026-08-17 21:53:21,782 - INFO - mp-31758, 4, T:4, 0.976, 0.738
2026-08-17 21:53:21,866 - INFO - mp-31756, 8, O:6, 1.000, 0.000
2026-08-17 21:53:22,632 - INFO - mp-31760, 6, O:6, 1.000, 0.004
2026-08-17 21:53:22,983 - INFO - mp-31761, 4, O:6, 1.000, 1.774
2026-08-17 21:53:24,031 - ERROR - No coordination environment symbols available for mp-35276 and index 2.
2026-08-17 21:53:24,107 - INFO - mp-31763, 4, O:6, 1.000, 0.017
2026-08-17 21:53:24,133 - WARNING - /opt/miniforge/envs/sandbox/lib/python3.12/site-packages/pymatgen/io/cif.py:1817: UserWarning: Issues encountered while parsing CIF: 4 fractional coordinates rounded to ideal values to avoid issues with finite precision.
  return parser.parse_structures(primitive=primitive)[0]

2026-08-17 21:53:24,515 - INFO - mp-31770, 0, T:4, 1.000, 0.020
2026-08-17 21:53:24,523 - INFO - mp-31770, 4, O:6, 1.000, 0.126
2026-08-17 21:53:24,533 - INFO - mp-31770, 8, O:6, 1.000, 0.264
2026-08-17 21:53:25,309 - INFO - mp-35596, 0, T:4, 1.000, 0.006
2026-08-17 21:53:25,315 - INFO - mp-35596, 4, T:4, 1.000, 0.006
2026-08-17 21:53:25,786 - ERROR - No coordination environment symbols available for mp-31197 and index 8.
2026-08-17 21:53:25,786 - ERROR - No coordination environment symbols available for mp-31197 and index 24.
2026-08-17 21:53:25,786 - ERROR - No coordination environment symbols available for mp-31197 and index 32.
2026-08-17 21:53:25,786 - ERROR - No coordination environment symbols available for mp-31197 and index 40.
2026-08-17 21:53:25,787 - ERROR - No coordination environment symbols available for mp-31197 and index 48.
2026-08-17 21:53:26,196 - ERROR - No coordination environment symbols available for mp-504491 and index 12.
2026-08-17 21:53:26,196 - ERROR - No coordination environment symbols available for mp-504491 and index 36.
2026-08-17 21:53:26,320 - INFO - mp-504445, 2, T:4, 0.761, 0.237
2026-08-17 21:53:26,330 - INFO - mp-504445, 6, O:6, 1.000, 0.423
2026-08-17 21:53:26,650 - INFO - mp-31512, 28, T:4, 1.000, 0.934
2026-08-17 21:53:26,671 - INFO - mp-31512, 32, T:4, 0.997, 0.839
2026-08-17 21:53:27,020 - ERROR - No coordination environment symbols available for mp-36915 and index 12.
2026-08-17 21:53:27,025 - ERROR - No coordination environment symbols available for mp-36915 and index 14.
2026-08-17 21:53:27,296 - ERROR - No coordination environment symbols available for mp-504492 and index 12.
2026-08-17 21:53:27,296 - ERROR - No coordination environment symbols available for mp-504492 and index 36.
2026-08-17 21:53:28,545 - INFO - mp-504549, 4, O:6, 1.000, 0.291
2026-08-17 21:53:28,892 - INFO - mp-504563, 4, T:4, 1.000, 0.483
2026-08-17 21:53:29,527 - INFO - mp-504570, 12, T:4, 1.000, 1.101
2026-08-17 21:53:29,908 - INFO - mp-504179, 4, O:6, 1.000, 0.410
2026-08-17 21:53:30,297 - INFO - mp-504583, 0, O:6, 1.000, 0.842
2026-08-17 21:53:30,564 - INFO - mp-504603, 12, O:6, 1.000, 0.000
2026-08-17 21:53:31,584 - INFO - mp-504587, 0, T:4, 1.000, 0.031
2026-08-17 21:53:31,593 - INFO - mp-504587, 4, T:4, 1.000, 0.006
2026-08-17 21:53:31,595 - INFO - mp-504611, 18, O:6, 1.000, 0.085
2026-08-17 21:53:31,600 - INFO - mp-504587, 6, T:4, 1.000, 0.173
2026-08-17 21:53:31,606 - INFO - mp-504611, 21, O:6, 1.000, 0.006
2026-08-17 21:53:31,608 - INFO - mp-504587, 7, T:4, 1.000, 0.007
2026-08-17 21:53:31,623 - INFO - mp-504587, 8, T:4, 1.000, 0.086
2026-08-17 21:53:32,142 - INFO - mp-504615, 0, O:6, 1.000, 0.671
2026-08-17 21:53:32,151 - INFO - mp-504615, 4, T:4, 0.928, 0.177
2026-08-17 21:53:32,388 - ERROR - No coordination environment symbols available for mp-504619 and index 0.
2026-08-17 21:53:32,388 - ERROR - No coordination environment symbols available for mp-504619 and index 32.
2026-08-17 21:53:32,523 - INFO - mp-504699, 12, O:6, 1.000, 0.000
2026-08-17 21:53:32,672 - INFO - mp-504509, 6, O:6, 1.000, 1.046
2026-08-17 21:53:32,680 - INFO - mp-504509, 8, O:6, 1.000, 0.627
2026-08-17 21:53:32,686 - INFO - mp-504509, 10, T:5, 0.986, 0.963
2026-08-17 21:53:33,819 - INFO - mp-504703, 4, O:6, 1.000, 0.011
2026-08-17 21:53:34,478 - INFO - mp-504741, 4, S:5, 0.998, 5.921
2026-08-17 21:53:34,485 - ERROR - No coordination environment symbols available for mp-504741 and index 8.
2026-08-17 21:53:34,710 - INFO - mp-504649, 12, O:6, 1.000, 0.034
2026-08-17 21:53:35,187 - INFO - mp-504821, 4, O:6, 1.000, 0.268
2026-08-17 21:53:35,203 - WARNING - /opt/miniforge/envs/sandbox/lib/python3.12/site-packages/pymatgen/io/cif.py:1817: UserWarning: Issues encountered while parsing CIF: 6 fractional coordinates rounded to ideal values to avoid issues with finite precision.
  return parser.parse_structures(primitive=primitive)[0]

2026-08-17 21:53:35,896 - INFO - mp-504863, 12, T:4, 1.000, 0.211
2026-08-17 21:53:37,365 - INFO - mp-504968, 4, T:4, 1.000, 0.035
2026-08-17 21:53:37,461 - INFO - mp-504752, 0, O:6, 1.000, 0.726
2026-08-17 21:53:37,471 - INFO - mp-504752, 2, O:6, 1.000, 0.729
2026-08-17 21:53:37,478 - INFO - mp-504752, 3, O:6, 1.000, 0.481
2026-08-17 21:53:37,486 - INFO - mp-504752, 4, O:6, 1.000, 0.756
2026-08-17 21:53:37,500 - INFO - mp-504752, 5, O:6, 1.000, 0.815
2026-08-17 21:53:38,215 - INFO - mp-505009, 0, O:6, 1.000, 0.733
2026-08-17 21:53:38,404 - INFO - mp-504974, 0, O:6, 1.000, 0.223
2026-08-17 21:53:38,414 - INFO - mp-504885, 2, S:4, 1.000, 2.014
2026-08-17 21:53:38,419 - INFO - mp-504974, 2, T:4, 1.000, 1.220
2026-08-17 21:53:38,464 - WARNING - /opt/miniforge/envs/sandbox/lib/python3.12/site-packages/pymatgen/io/cif.py:1817: UserWarning: Issues encountered while parsing CIF: 4 fractional coordinates rounded to ideal values to avoid issues with finite precision.
  return parser.parse_structures(primitive=primitive)[0]

2026-08-17 21:53:38,942 - INFO - mp-33325, 16, O:6, 1.000, 0.218
2026-08-17 21:53:38,954 - INFO - mp-33325, 20, O:6, 1.000, 0.188
2026-08-17 21:53:38,964 - INFO - mp-33325, 24, T:4, 0.979, 0.014
2026-08-17 21:53:38,975 - INFO - mp-33325, 28, T:4, 1.000, 0.009
2026-08-17 21:53:38,989 - INFO - mp-33325, 32, O:6, 1.000, 0.218
2026-08-17 21:53:38,997 - INFO - mp-33325, 34, O:6, 1.000, 0.124
2026-08-17 21:53:39,013 - INFO - mp-33325, 36, O:6, 1.000, 0.188
2026-08-17 21:53:39,019 - INFO - mp-33325, 38, O:6, 1.000, 0.175
2026-08-17 21:53:39,020 - WARNING - /Users/marius/Code/gitlab.esrf.fr/spectroscopy/xasml/src/xasml/datasets/fdmnes/io.py:29: RuntimeWarning: divide by zero encountered in divide
  a = np.pi * gamma_max * (f - 1 / f**2) / (3 * x_larg)

2026-08-17 21:53:39,028 - INFO - mp-33325, 40, T:4, 0.979, 0.014
2026-08-17 21:53:39,035 - INFO - mp-33325, 42, T:4, 1.000, 0.009
2026-08-17 21:53:39,045 - INFO - mp-33325, 44, T:4, 1.000, 0.009
2026-08-17 21:53:39,056 - INFO - mp-33325, 46, T:4, 0.976, 0.007
2026-08-17 21:53:39,668 - INFO - mp-505066, 4, O:6, 1.000, 0.142
2026-08-17 21:53:39,890 - INFO - mp-505110, 0, O:6, 1.000, 0.539
2026-08-17 21:53:40,290 - ERROR - No coordination environment symbols available for mp-505040 and index 12.
2026-08-17 21:53:41,559 - ERROR - No coordination environment symbols available for mp-505147 and index 12.
2026-08-17 21:53:41,817 - ERROR - No coordination environment symbols available for mp-505229 and index 12.
2026-08-17 21:53:41,880 - INFO - mp-504945, 4, O:6, 1.000, 0.018
2026-08-17 21:53:41,964 - INFO - mp-505244, 0, T:4, 1.000, 0.183
2026-08-17 21:53:43,231 - INFO - mp-505259, 2, T:4, 1.000, 0.000
2026-08-17 21:53:43,539 - INFO - mp-505170, 4, O:6, 1.000, 0.913
2026-08-17 21:53:43,556 - INFO - mp-505170, 8, O:6, 1.000, 1.280
2026-08-17 21:53:43,570 - INFO - mp-505170, 12, O:6, 1.000, 0.424
2026-08-17 21:53:43,576 - INFO - mp-505170, 14, O:6, 1.000, 0.355
2026-08-17 21:53:44,566 - INFO - mp-505098, 0, O:6, 1.000, 0.721
2026-08-17 21:53:44,566 - WARNING - /Users/marius/Code/gitlab.esrf.fr/spectroscopy/xasml/src/xasml/datasets/fdmnes/io.py:29: RuntimeWarning: divide by zero encountered in divide
  a = np.pi * gamma_max * (f - 1 / f**2) / (3 * x_larg)

2026-08-17 21:53:44,573 - INFO - mp-505098, 4, O:6, 1.000, 0.635
2026-08-17 21:53:44,645 - INFO - mp-505310, 6, S:5, 0.625, 0.416
2026-08-17 21:53:44,730 - INFO - mp-505312, 4, S:5, 0.708, 0.627
2026-08-17 21:53:44,730 - WARNING - /Users/marius/Code/gitlab.esrf.fr/spectroscopy/xasml/src/xasml/datasets/fdmnes/io.py:29: RuntimeWarning: divide by zero encountered in divide
  a = np.pi * gamma_max * (f - 1 / f**2) / (3 * x_larg)

2026-08-17 21:53:44,939 - INFO - mp-505332, 2, T:4, 1.000, 0.744
2026-08-17 21:53:45,296 - INFO - mp-505286, 6, O:6, 1.000, 0.002
2026-08-17 21:53:45,837 - INFO - mp-505314, 12, T:4, 0.974, 0.224
2026-08-17 21:53:46,938 - INFO - mp-505361, 64, T:6, 1.000, 3.009
2026-08-17 21:53:47,201 - INFO - mp-505351, 12, T:4, 1.000, 0.245
2026-08-17 21:53:47,534 - INFO - mp-505443, 12, T:4, 1.000, 0.164
2026-08-17 21:53:47,693 - INFO - mp-505522, 0, T:4, 1.000, 0.000
2026-08-17 21:53:48,351 - INFO - mp-504740, 36, T:5, 1.000, 7.188
2026-08-17 21:53:48,365 - ERROR - No coordination environment symbols available for mp-504740 and index 37.
2026-08-17 21:53:48,365 - ERROR - No coordination environment symbols available for mp-504740 and index 38.
2026-08-17 21:53:48,366 - ERROR - No coordination environment symbols available for mp-504740 and index 39.
2026-08-17 21:53:48,366 - ERROR - No coordination environment symbols available for mp-504740 and index 40.
2026-08-17 21:53:48,366 - ERROR - No coordination environment symbols available for mp-504740 and index 41.
2026-08-17 21:53:48,366 - ERROR - No coordination environment symbols available for mp-504740 and index 42.
2026-08-17 21:53:48,366 - ERROR - No coordination environment symbols available for mp-504740 and index 43.
2026-08-17 21:53:48,485 - INFO - mp-505531, 0, T:4, 1.000, 0.032
2026-08-17 21:53:49,881 - INFO - mp-505440, 16, O:6, 0.759, 4.865
2026-08-17 21:53:49,905 - INFO - mp-505440, 24, T:5, 0.999, 1.213
2026-08-17 21:53:49,914 - INFO - mp-505440, 32, O:6, 1.000, 0.748
2026-08-17 21:53:50,085 - INFO - mp-505478, 4, O:6, 1.000, 0.049
2026-08-17 21:53:51,377 - INFO - mp-505589, 2, S:5, 0.515, 1.657
2026-08-17 21:53:51,536 - ERROR - No coordination environment symbols available for mp-505545 and index 8.
2026-08-17 21:53:51,570 - INFO - mp-505623, 8, O:6, 1.000, 0.001
2026-08-17 21:53:51,691 - ERROR - No coordination environment symbols available for mp-505554 and index 4.
2026-08-17 21:53:51,691 - ERROR - No coordination environment symbols available for mp-505554 and index 6.
2026-08-17 21:53:51,691 - INFO - mp-505554, 8, S:5, 1.000, 6.261
2026-08-17 21:53:51,697 - INFO - mp-505554, 10, S:5, 1.000, 6.327
2026-08-17 21:53:51,954 - INFO - mp-505632, 4, T:4, 1.000, 0.186
2026-08-17 21:53:53,019 - INFO - mp-505803, 2, T:4, 1.000, 0.358
2026-08-17 21:53:53,880 - INFO - mp-505595, 0, O:6, 1.000, 0.707
2026-08-17 21:53:53,886 - INFO - mp-505595, 2, O:6, 1.000, 0.726
2026-08-17 21:53:53,895 - INFO - mp-505595, 4, O:6, 1.000, 0.843
2026-08-17 21:53:53,902 - INFO - mp-505595, 6, O:6, 1.000, 0.804
2026-08-17 21:53:53,909 - INFO - mp-505595, 8, T:5, 1.000, 5.356
2026-08-17 21:53:53,916 - INFO - mp-505595, 10, T:5, 1.000, 5.143
2026-08-17 21:53:53,948 - WARNING - /opt/miniforge/envs/sandbox/lib/python3.12/site-packages/pymatgen/io/cif.py:1817: UserWarning: Issues encountered while parsing CIF: 4 fractional coordinates rounded to ideal values to avoid issues with finite precision.
  return parser.parse_structures(primitive=primitive)[0]

2026-08-17 21:53:55,128 - INFO - mp-505661, 6, O:6, 1.000, 0.060
2026-08-17 21:53:55,166 - INFO - mp-505811, 0, O:6, 1.000, 1.010
2026-08-17 21:53:55,171 - INFO - mp-505819, 4, O:6, 1.000, 0.146
2026-08-17 21:53:55,208 - INFO - mp-505660, 6, O:6, 1.000, 0.000
2026-08-17 21:53:55,223 - WARNING - /opt/miniforge/envs/sandbox/lib/python3.12/site-packages/pymatgen/io/cif.py:1817: UserWarning: Issues encountered while parsing CIF: 4 fractional coordinates rounded to ideal values to avoid issues with finite precision.
  return parser.parse_structures(primitive=primitive)[0]

2026-08-17 21:53:55,490 - INFO - mp-505732, 0, O:6, 1.000, 0.003
2026-08-17 21:53:56,039 - INFO - mp-505526, 0, O:6, 1.000, 0.807
2026-08-17 21:53:56,049 - INFO - mp-505526, 1, O:6, 1.000, 0.938
2026-08-17 21:53:56,057 - INFO - mp-505526, 2, O:6, 1.000, 0.813
2026-08-17 21:53:56,074 - INFO - mp-505526, 3, O:6, 1.000, 0.821
2026-08-17 21:53:56,339 - ERROR - No coordination environment symbols available for mp-510164 and index 0.
2026-08-17 21:53:56,339 - INFO - mp-510164, 2, T:5, 1.000, 0.027
2026-08-17 21:53:56,755 - ERROR - No coordination environment symbols available for mp-510133 and index 2.
2026-08-17 21:53:56,881 - INFO - mp-510080, 0, O:6, 1.000, 1.924
2026-08-17 21:53:57,528 - INFO - mp-510281, 0, O:6, 1.000, 0.691
2026-08-17 21:53:57,562 - INFO - mp-510028, 2, S:5, 0.994, 1.151
2026-08-17 21:53:57,568 - INFO - mp-510028, 5, T:4, 1.000, 1.075
2026-08-17 21:53:57,574 - INFO - mp-510028, 8, T:4, 1.000, 0.240
2026-08-17 21:53:57,588 - INFO - mp-510028, 11, T:4, 1.000, 0.034
2026-08-17 21:53:57,835 - INFO - mp-505108, 0, O:6, 1.000, 0.033
2026-08-17 21:53:57,848 - INFO - mp-505108, 2, O:6, 1.000, 0.031
2026-08-17 21:53:57,856 - INFO - mp-505108, 3, O:6, 1.000, 0.034
2026-08-17 21:53:58,309 - INFO - mp-510381, 0, O:6, 1.000, 2.288
2026-08-17 21:53:59,249 - INFO - mp-510252, 0, O:6, 1.000, 0.147
2026-08-17 21:53:59,257 - INFO - mp-510252, 4, O:6, 1.000, 0.226
2026-08-17 21:53:59,263 - INFO - mp-510252, 6, O:6, 1.000, 0.105
2026-08-17 21:53:59,270 - INFO - mp-510252, 8, T:4, 1.000, 0.094
2026-08-17 21:53:59,283 - INFO - mp-510252, 10, T:4, 1.000, 0.069
2026-08-17 21:53:59,517 - INFO - mp-510367, 0, O:6, 1.000, 3.241
2026-08-17 21:53:59,668 - INFO - mp-510036, 0, O:6, 1.000, 0.605
2026-08-17 21:54:02,690 - INFO - mp-510510, 0, O:6, 1.000, 0.305
2026-08-17 21:54:02,818 - INFO - mp-510511, 0, O:6, 1.000, 0.158
2026-08-17 21:54:03,045 - INFO - mp-510351, 0, O:6, 1.000, 2.145
2026-08-17 21:54:03,051 - INFO - mp-510351, 2, T:5, 0.976, 1.827
2026-08-17 21:54:03,051 - WARNING - /Users/marius/Code/gitlab.esrf.fr/spectroscopy/xasml/src/xasml/datasets/fdmnes/io.py:29: RuntimeWarning: divide by zero encountered in divide
  a = np.pi * gamma_max * (f - 1 / f**2) / (3 * x_larg)

2026-08-17 21:54:03,058 - INFO - mp-510351, 4, O:6, 1.000, 1.195
2026-08-17 21:54:03,064 - INFO - mp-510351, 6, O:6, 1.000, 0.654
2026-08-17 21:54:03,639 - INFO - mp-510517, 0, O:6, 0.999, 2.289
2026-08-17 21:54:03,645 - INFO - mp-510517, 4, O:6, 0.999, 3.094
2026-08-17 21:54:04,160 - ERROR - No coordination environment symbols available for mp-510623 and index 0.
2026-08-17 21:54:04,160 - ERROR - No coordination environment symbols available for mp-510623 and index 8.
2026-08-17 21:54:04,405 - INFO - mp-510450, 0, O:6, 1.000, 2.823
2026-08-17 21:54:04,415 - INFO - mp-510450, 2, T:5, 0.991, 1.678
2026-08-17 21:54:04,421 - INFO - mp-510450, 4, O:6, 1.000, 1.111
2026-08-17 21:54:04,427 - INFO - mp-510450, 6, O:6, 1.000, 0.917
2026-08-17 21:54:04,522 - INFO - mp-510619, 0, T:6, 1.000, 3.201
2026-08-17 21:54:04,530 - ERROR - No coordination environment symbols available for mp-510619 and index 32.
2026-08-17 21:54:04,552 - INFO - mp-510524, 0, O:6, 1.000, 0.117
2026-08-17 21:54:04,558 - INFO - mp-510524, 2, O:6, 1.000, 0.073
2026-08-17 21:54:04,793 - INFO - mp-510532, 0, O:6, 1.000, 0.641
2026-08-17 21:54:04,910 - INFO - mp-510624, 1, O:6, 1.000, 0.000
2026-08-17 21:54:05,084 - INFO - mp-510473, 0, O:6, 1.000, 0.398
2026-08-17 21:54:05,240 - INFO - mp-510606, 3, O:6, 1.000, 0.256
2026-08-17 21:54:06,002 - INFO - mp-510670, 0, O:6, 1.000, 0.258
2026-08-17 21:54:06,052 - INFO - mp-510668, 2, T:4, 1.000, 0.047
2026-08-17 21:54:06,631 - INFO - mp-510641, 4, O:6, 1.000, 1.350
2026-08-17 21:54:06,937 - INFO - mp-510708, 4, O:6, 1.000, 0.498
2026-08-17 21:54:07,597 - INFO - mp-532767, 7, T:4, 1.000, 0.453
2026-08-17 21:54:07,694 - ERROR - No coordination environment symbols available for mp-540538 and index 24.
2026-08-17 21:54:07,695 - ERROR - No coordination environment symbols available for mp-540538 and index 32.
2026-08-17 21:54:07,695 - ERROR - No coordination environment symbols available for mp-540538 and index 36.
2026-08-17 21:54:07,695 - ERROR - No coordination environment symbols available for mp-540538 and index 40.
2026-08-17 21:54:09,420 - INFO - mp-540592, 0, O:6, 1.000, 0.620
2026-08-17 21:54:09,435 - WARNING - /opt/miniforge/envs/sandbox/lib/python3.12/site-packages/pymatgen/io/cif.py:1817: UserWarning: Issues encountered while parsing CIF: 1 fractional coordinates rounded to ideal values to avoid issues with finite precision.
  return parser.parse_structures(primitive=primitive)[0]

2026-08-17 21:54:09,868 - INFO - mp-510730, 4, O:6, 1.000, 0.096
2026-08-17 21:54:10,515 - INFO - mp-540639, 0, O:6, 1.000, 1.941
2026-08-17 21:54:10,617 - INFO - mp-540591, 8, O:6, 1.000, 0.294
2026-08-17 21:54:11,274 - INFO - mp-540658, 12, T:4, 1.000, 0.129
2026-08-17 21:54:11,282 - INFO - mp-540658, 20, O:6, 1.000, 0.395
2026-08-17 21:54:11,291 - INFO - mp-540658, 28, T:4, 1.000, 0.472
2026-08-17 21:54:13,247 - INFO - mp-540702, 0, O:6, 1.000, 0.161
2026-08-17 21:54:13,265 - INFO - mp-540702, 6, O:6, 1.000, 0.593
2026-08-17 21:54:13,272 - INFO - mp-540702, 12, O:6, 1.000, 0.378
2026-08-17 21:54:13,289 - INFO - mp-540702, 15, O:6, 1.000, 0.808
2026-08-17 21:54:13,295 - INFO - mp-540702, 18, O:6, 1.000, 0.558
2026-08-17 21:54:13,516 - INFO - mp-540652, 16, O:6, 1.000, 0.302
2026-08-17 21:54:13,538 - INFO - mp-540652, 24, O:6, 1.000, 0.302
2026-08-17 21:54:13,544 - INFO - mp-540652, 28, O:6, 1.000, 0.271
2026-08-17 21:54:13,560 - INFO - mp-540652, 30, O:6, 1.000, 0.053
2026-08-17 21:54:14,374 - INFO - mp-540724, 0, T:4, 1.000, 0.095
2026-08-17 21:54:14,412 - WARNING - /opt/miniforge/envs/sandbox/lib/python3.12/site-packages/pymatgen/io/cif.py:1817: UserWarning: Issues encountered while parsing CIF: 4 fractional coordinates rounded to ideal values to avoid issues with finite precision.
  return parser.parse_structures(primitive=primitive)[0]

2026-08-17 21:54:15,113 - INFO - mp-540712, 0, O:6, 1.000, 0.828
2026-08-17 21:54:15,113 - WARNING - /Users/marius/Code/gitlab.esrf.fr/spectroscopy/xasml/src/xasml/datasets/fdmnes/io.py:29: RuntimeWarning: divide by zero encountered in divide
  a = np.pi * gamma_max * (f - 1 / f**2) / (3 * x_larg)

2026-08-17 21:54:15,120 - INFO - mp-540712, 8, O:6, 1.000, 1.158
2026-08-17 21:54:15,776 - INFO - mp-540740, 12, O:6, 1.000, 0.319
2026-08-17 21:54:17,068 - INFO - mp-540828, 0, O:6, 1.000, 3.106
2026-08-17 21:54:17,142 - INFO - mp-540760, 0, T:4, 0.970, 0.049
2026-08-17 21:54:17,347 - INFO - mp-540767, 0, O:6, 1.000, 0.652
2026-08-17 21:54:17,363 - INFO - mp-540767, 6, O:6, 1.000, 0.031
2026-08-17 21:54:18,579 - INFO - mp-540809, 2, T:4, 1.000, 0.493
2026-08-17 21:54:18,593 - INFO - mp-540809, 5, S:5, 0.995, 1.167
2026-08-17 21:54:18,601 - INFO - mp-540809, 8, T:4, 1.000, 0.533
2026-08-17 21:54:18,610 - INFO - mp-540809, 11, T:4, 1.000, 0.190
2026-08-17 21:54:19,492 - INFO - mp-510635, 24, O:6, 1.000, 0.791
2026-08-17 21:54:19,502 - INFO - mp-510635, 28, O:6, 1.000, 0.791
2026-08-17 21:54:19,621 - INFO - mp-540655, 0, O:6, 1.000, 2.635
2026-08-17 21:54:19,630 - INFO - mp-540655, 1, O:6, 1.000, 2.631
2026-08-17 21:54:19,639 - INFO - mp-540655, 2, O:6, 1.000, 2.564
2026-08-17 21:54:19,651 - INFO - mp-540655, 3, O:6, 1.000, 2.587
2026-08-17 21:54:19,656 - INFO - mp-540655, 4, O:6, 1.000, 2.647
2026-08-17 21:54:19,666 - INFO - mp-540655, 5, O:6, 1.000, 2.558
2026-08-17 21:54:19,987 - INFO - mp-540715, 0, O:6, 1.000, 0.033
2026-08-17 21:54:20,001 - WARNING - /opt/miniforge/envs/sandbox/lib/python3.12/site-packages/pymatgen/io/cif.py:1817: UserWarning: Issues encountered while parsing CIF: 4 fractional coordinates rounded to ideal values to avoid issues with finite precision.
  return parser.parse_structures(primitive=primitive)[0]

2026-08-17 21:54:20,921 - INFO - mp-540965, 20, T:4, 1.000, 0.292
2026-08-17 21:54:20,922 - WARNING - /Users/marius/Code/gitlab.esrf.fr/spectroscopy/xasml/src/xasml/datasets/fdmnes/io.py:29: RuntimeWarning: divide by zero encountered in divide
  a = np.pi * gamma_max * (f - 1 / f**2) / (3 * x_larg)

2026-08-17 21:54:21,186 - INFO - mp-541138, 3, O:6, 1.000, 0.003
2026-08-17 21:54:22,524 - INFO - mp-541140, 12, T:4, 1.000, 0.378
2026-08-17 21:54:22,990 - INFO - mp-540894, 0, O:6, 1.000, 0.210
2026-08-17 21:54:22,998 - INFO - mp-540894, 4, O:6, 1.000, 0.517
2026-08-17 21:54:23,702 - INFO - mp-541196, 2, T:4, 0.995, 0.151
2026-08-17 21:54:23,709 - INFO - mp-541196, 5, T:4, 0.932, 0.437
2026-08-17 21:54:23,716 - ERROR - No coordination environment symbols available for mp-541196 and index 8.
2026-08-17 21:54:23,716 - INFO - mp-541196, 11, T:4, 1.000, 0.181
2026-08-17 21:54:23,935 - INFO - mp-541023, 4, O:6, 1.000, 0.545
2026-08-17 21:54:23,944 - INFO - mp-541023, 12, O:6, 1.000, 0.740
2026-08-17 21:54:23,981 - INFO - mp-541447, 12, T:4, 1.000, 0.560
2026-08-17 21:54:24,512 - INFO - mp-540998, 0, T:4, 1.000, 0.061
2026-08-17 21:54:24,516 - INFO - mp-540997, 0, T:4, 1.000, 0.041
2026-08-17 21:54:24,524 - INFO - mp-540998, 1, T:4, 1.000, 0.035
2026-08-17 21:54:24,526 - INFO - mp-540997, 1, T:4, 1.000, 0.016
2026-08-17 21:54:24,546 - WARNING - /opt/miniforge/envs/sandbox/lib/python3.12/site-packages/pymatgen/io/cif.py:1817: UserWarning: Issues encountered while parsing CIF: 4 fractional coordinates rounded to ideal values to avoid issues with finite precision.
  return parser.parse_structures(primitive=primitive)[0]

2026-08-17 21:54:25,077 - INFO - mp-541448, 12, T:4, 1.000, 0.763
2026-08-17 21:54:25,319 - INFO - mp-541557, 8, O:6, 1.000, 4.569
2026-08-17 21:54:25,331 - INFO - mp-541557, 16, T:4, 1.000, 1.030
2026-08-17 21:54:26,463 - INFO - mp-541669, 2, O:6, 1.000, 0.245
2026-08-17 21:54:26,669 - INFO - mp-541662, 6, O:6, 1.000, 0.628
2026-08-17 21:54:27,518 - INFO - mp-541627, 6, O:6, 1.000, 0.007
2026-08-17 21:54:28,840 - INFO - mp-541913, 0, T:4, 1.000, 0.067
2026-08-17 21:54:29,000 - INFO - mp-541620, 4, O:6, 1.000, 0.584
2026-08-17 21:54:29,012 - INFO - mp-541620, 8, O:6, 1.000, 0.393
2026-08-17 21:54:29,026 - INFO - mp-541620, 12, O:6, 1.000, 0.129
2026-08-17 21:54:29,036 - INFO - mp-541620, 16, O:6, 1.000, 0.273
2026-08-17 21:54:29,047 - INFO - mp-541620, 20, O:6, 1.000, 0.534
2026-08-17 21:54:29,048 - WARNING - /Users/marius/Code/gitlab.esrf.fr/spectroscopy/xasml/src/xasml/datasets/fdmnes/io.py:29: RuntimeWarning: divide by zero encountered in divide
  a = np.pi * gamma_max * (f - 1 / f**2) / (3 * x_larg)

2026-08-17 21:54:29,127 - INFO - mp-541648, 8, O:6, 1.000, 0.140
2026-08-17 21:54:29,509 - INFO - mp-541673, 4, O:6, 1.000, 0.238
2026-08-17 21:54:30,040 - INFO - mp-541423, 0, O:6, 1.000, 0.187
2026-08-17 21:54:30,050 - INFO - mp-541423, 4, O:6, 1.000, 0.129
2026-08-17 21:54:30,768 - INFO - mp-541929, 0, O:6, 1.000, 0.075
2026-08-17 21:54:30,988 - INFO - mp-541794, 2, O:6, 1.000, 0.502
2026-08-17 21:54:31,576 - INFO - mp-541963, 12, T:4, 0.999, 0.617
2026-08-17 21:54:32,179 - INFO - mp-541997, 12, T:4, 0.710, 0.456
2026-08-17 21:54:32,396 - INFO - mp-541998, 12, T:4, 0.998, 0.485
2026-08-17 21:54:32,444 - INFO - mp-541977, 6, O:6, 1.000, 0.002
2026-08-17 21:54:33,107 - INFO - mp-542018, 8, O:6, 1.000, 0.585
2026-08-17 21:54:33,114 - INFO - mp-542018, 12, O:6, 1.000, 0.585
2026-08-17 21:54:33,737 - ERROR - No coordination environment symbols available for mp-542023 and index 4.
2026-08-17 21:54:34,732 - INFO - mp-542120, 8, T:4, 1.000, 2.216
2026-08-17 21:54:34,890 - INFO - mp-541954, 0, O:6, 1.000, 1.483
2026-08-17 21:54:34,897 - INFO - mp-541954, 4, O:6, 1.000, 1.076
2026-08-17 21:54:35,061 - INFO - mp-542157, 0, O:6, 1.000, 0.753
2026-08-17 21:54:36,118 - INFO - mp-542158, 0, O:6, 1.000, 1.254
2026-08-17 21:54:37,619 - INFO - mp-542008, 12, O:6, 1.000, 0.807
2026-08-17 21:54:37,626 - INFO - mp-542008, 16, O:6, 1.000, 0.891
2026-08-17 21:54:37,648 - INFO - mp-542232, 4, O:6, 1.000, 0.410
2026-08-17 21:54:37,653 - INFO - mp-542205, 4, S:5, 0.721, 0.970
2026-08-17 21:54:37,661 - INFO - mp-542205, 6, S:5, 0.682, 1.071
2026-08-17 21:54:37,766 - INFO - mp-542475, 4, T:4, 1.000, 0.197
2026-08-17 21:54:39,591 - INFO - mp-542627, 0, T:4, 1.000, 0.142
2026-08-17 21:54:39,759 - INFO - mp-542274, 12, O:6, 1.000, 1.036
2026-08-17 21:54:40,191 - INFO - mp-542758, 0, S:4, 1.000, 1.921
2026-08-17 21:54:40,200 - INFO - mp-542758, 48, S:4, 1.000, 1.921
2026-08-17 21:54:40,210 - INFO - mp-542758, 80, S:4, 1.000, 1.921
2026-08-17 21:54:40,218 - INFO - mp-542758, 88, T:4, 1.000, 0.546
2026-08-17 21:54:40,964 - ERROR - No coordination environment symbols available for mp-542794 and index 0.
2026-08-17 21:54:40,966 - INFO - mp-542794, 8, O:6, 1.000, 0.506
2026-08-17 21:54:40,973 - ERROR - No coordination environment symbols available for mp-542794 and index 16.
2026-08-17 21:54:40,974 - INFO - mp-542794, 24, O:6, 1.000, 0.506
2026-08-17 21:54:41,235 - INFO - mp-541930, 0, O:6, 1.000, 0.358
2026-08-17 21:54:41,245 - INFO - mp-541930, 4, O:6, 1.000, 0.133
2026-08-17 21:54:41,246 - WARNING - /Users/marius/Code/gitlab.esrf.fr/spectroscopy/xasml/src/xasml/datasets/fdmnes/io.py:29: RuntimeWarning: divide by zero encountered in divide
  a = np.pi * gamma_max * (f - 1 / f**2) / (3 * x_larg)

2026-08-17 21:54:41,252 - INFO - mp-541930, 8, O:6, 1.000, 0.238
2026-08-17 21:54:41,625 - INFO - mp-542146, 8, O:6, 1.000, 0.490
2026-08-17 21:54:41,639 - INFO - mp-542146, 10, O:6, 1.000, 0.110
2026-08-17 21:54:42,092 - INFO - mp-542530, 20, O:6, 1.000, 0.709
2026-08-17 21:54:42,099 - INFO - mp-542530, 28, O:6, 1.000, 0.206
2026-08-17 21:54:42,106 - INFO - mp-542530, 36, T:4, 1.000, 0.428
2026-08-17 21:54:42,845 - INFO - mp-542986, 2, T:4, 1.000, 0.481
2026-08-17 21:54:43,367 - INFO - mp-542869, 4, O:6, 1.000, 0.240
2026-08-17 21:54:43,407 - INFO - mp-542189, 0, O:6, 1.000, 0.248
2026-08-17 21:54:43,416 - INFO - mp-542189, 1, O:6, 1.000, 0.304
2026-08-17 21:54:43,423 - INFO - mp-542189, 2, O:6, 1.000, 0.250
2026-08-17 21:54:43,432 - INFO - mp-542189, 3, O:6, 1.000, 0.299
2026-08-17 21:54:43,824 - INFO - mp-542896, 0, O:6, 1.000, 0.827
2026-08-17 21:54:43,831 - INFO - mp-542896, 4, T:4, 1.000, 0.267
2026-08-17 21:54:43,838 - INFO - mp-542896, 8, O:6, 1.000, 0.584
2026-08-17 21:54:43,844 - INFO - mp-542896, 12, O:6, 1.000, 0.718
2026-08-17 21:54:44,893 - INFO - mp-542995, 24, T:4, 1.000, 0.028
2026-08-17 21:54:44,902 - INFO - mp-542995, 56, T:4, 1.000, 0.028
2026-08-17 21:54:45,438 - INFO - mp-547069, 0, O:6, 1.000, 0.008
2026-08-17 21:54:45,606 - INFO - mp-542996, 24, T:4, 1.000, 0.030
2026-08-17 21:54:45,609 - WARNING - /Users/marius/Code/gitlab.esrf.fr/spectroscopy/xasml/src/xasml/datasets/fdmnes/io.py:29: RuntimeWarning: divide by zero encountered in divide
  a = np.pi * gamma_max * (f - 1 / f**2) / (3 * x_larg)

2026-08-17 21:54:45,619 - INFO - mp-542996, 56, T:4, 1.000, 0.030
2026-08-17 21:54:45,868 - INFO - mp-542976, 4, O:6, 1.000, 4.566
2026-08-17 21:54:45,875 - INFO - mp-542976, 8, S:4, 0.545, 1.887
2026-08-17 21:54:45,875 - WARNING - /Users/marius/Code/gitlab.esrf.fr/spectroscopy/xasml/src/xasml/datasets/fdmnes/io.py:29: RuntimeWarning: divide by zero encountered in divide
  a = np.pi * gamma_max * (f - 1 / f**2) / (3 * x_larg)

2026-08-17 21:54:46,044 - INFO - mp-542803, 9, O:6, 1.000, 1.525
2026-08-17 21:54:46,050 - INFO - mp-542803, 11, O:6, 1.000, 0.749
2026-08-17 21:54:46,075 - INFO - mp-549058, 4, O:6, 1.000, 1.938
2026-08-17 21:54:46,770 - INFO - mp-549237, 4, O:6, 1.000, 1.946
2026-08-17 21:54:46,785 - WARNING - /opt/miniforge/envs/sandbox/lib/python3.12/site-packages/pymatgen/io/cif.py:1817: UserWarning: Issues encountered while parsing CIF: 1 fractional coordinates rounded to ideal values to avoid issues with finite precision.
  return parser.parse_structures(primitive=primitive)[0]

2026-08-17 21:54:47,443 - INFO - mp-549711, 4, O:6, 0.623, 4.667
2026-08-17 21:54:47,514 - INFO - mp-549767, 8, O:6, 1.000, 0.000
2026-08-17 21:54:47,890 - INFO - mp-550944, 4, O:6, 1.000, 1.908
2026-08-17 21:54:47,918 - INFO - mp-543041, 0, O:6, 1.000, 0.559
2026-08-17 21:54:48,769 - INFO - mp-551403, 4, O:6, 1.000, 2.047
2026-08-17 21:54:49,356 - INFO - mp-552676, 1, O:6, 1.000, 0.000
2026-08-17 21:54:49,494 - INFO - mp-552651, 4, O:6, 1.000, 1.921
2026-08-17 21:54:50,190 - INFO - mp-551086, 6, O:6, 1.000, 0.326
2026-08-17 21:54:50,197 - INFO - mp-551086, 9, O:6, 1.000, 0.357
2026-08-17 21:54:50,277 - INFO - mp-553913, 0, O:6, 1.000, 0.549
2026-08-17 21:54:50,283 - INFO - mp-553913, 4, O:6, 1.000, 0.549
2026-08-17 21:54:50,302 - WARNING - /opt/miniforge/envs/sandbox/lib/python3.12/site-packages/pymatgen/io/cif.py:1817: UserWarning: Issues encountered while parsing CIF: 6 fractional coordinates rounded to ideal values to avoid issues with finite precision.
  return parser.parse_structures(primitive=primitive)[0]

2026-08-17 21:54:50,978 - INFO - mp-553960, 8, T:4, 1.000, 0.341
2026-08-17 21:54:53,547 - INFO - mp-554079, 0, T:4, 1.000, 0.013
2026-08-17 21:54:53,558 - WARNING - /opt/miniforge/envs/sandbox/lib/python3.12/site-packages/pymatgen/io/cif.py:1817: UserWarning: Issues encountered while parsing CIF: 4 fractional coordinates rounded to ideal values to avoid issues with finite precision.
  return parser.parse_structures(primitive=primitive)[0]

2026-08-17 21:54:54,188 - INFO - mp-554093, 18, O:6, 1.000, 0.589
2026-08-17 21:54:54,262 - INFO - mp-553974, 14, O:6, 1.000, 0.239
2026-08-17 21:54:54,269 - INFO - mp-553974, 22, O:6, 1.000, 0.239
2026-08-17 21:54:54,826 - INFO - mp-554007, 0, O:6, 1.000, 0.939
2026-08-17 21:54:54,832 - INFO - mp-554007, 4, O:6, 1.000, 1.420
2026-08-17 21:54:54,861 - WARNING - /opt/miniforge/envs/sandbox/lib/python3.12/site-packages/pymatgen/io/cif.py:1817: UserWarning: Issues encountered while parsing CIF: 8 fractional coordinates rounded to ideal values to avoid issues with finite precision.
  return parser.parse_structures(primitive=primitive)[0]

2026-08-17 21:54:55,462 - INFO - mp-554148, 2, O:6, 1.000, 0.063
2026-08-17 21:54:56,444 - INFO - mp-554225, 4, O:6, 1.000, 0.107
2026-08-17 21:54:56,481 - INFO - mp-552162, 16, O:6, 1.000, 0.032
2026-08-17 21:54:56,494 - INFO - mp-552162, 18, O:6, 1.000, 0.026
2026-08-17 21:54:56,503 - INFO - mp-552162, 20, O:6, 1.000, 0.032
2026-08-17 21:54:56,515 - INFO - mp-552162, 22, O:6, 1.000, 0.026
2026-08-17 21:54:57,755 - INFO - mp-554104, 54, O:6, 1.000, 0.868
2026-08-17 21:54:58,183 - INFO - mp-542912, 0, O:6, 1.000, 0.033
2026-08-17 21:54:58,192 - INFO - mp-542912, 1, O:6, 1.000, 0.026
2026-08-17 21:54:58,859 - INFO - mp-550745, 4, O:6, 1.000, 0.585
2026-08-17 21:54:58,866 - INFO - mp-550745, 5, O:6, 1.000, 0.588
2026-08-17 21:54:58,878 - INFO - mp-550745, 6, O:6, 1.000, 0.588
2026-08-17 21:54:58,886 - INFO - mp-550745, 7, O:6, 1.000, 0.596
2026-08-17 21:54:58,972 - INFO - mp-554149, 8, O:6, 1.000, 0.134
2026-08-17 21:54:58,978 - INFO - mp-554149, 12, O:6, 1.000, 0.160
2026-08-17 21:54:59,241 - INFO - mp-554293, 2, O:6, 1.000, 0.288
2026-08-17 21:54:59,254 - INFO - mp-554293, 14, O:6, 1.000, 0.410
2026-08-17 21:54:59,260 - INFO - mp-554293, 18, T:4, 1.000, 0.058
2026-08-17 21:54:59,274 - INFO - mp-554293, 22, O:6, 1.000, 0.129
2026-08-17 21:54:59,280 - INFO - mp-554293, 24, T:5, 1.000, 0.957
2026-08-17 21:54:59,433 - INFO - mp-554362, 8, O:6, 1.000, 0.327
2026-08-17 21:54:59,470 - INFO - mp-554416, 16, O:6, 1.000, 0.265
2026-08-17 21:54:59,470 - WARNING - /opt/miniforge/envs/sandbox/lib/python3.12/site-packages/pymatgen/io/cif.py:1817: UserWarning: Issues encountered while parsing CIF: 16 fractional coordinates rounded to ideal values to avoid issues with finite precision.
  return parser.parse_structures(primitive=primitive)[0]

2026-08-17 21:54:59,494 - WARNING - /opt/miniforge/envs/sandbox/lib/python3.12/site-packages/pymatgen/io/cif.py:1817: UserWarning: Issues encountered while parsing CIF: 8 fractional coordinates rounded to ideal values to avoid issues with finite precision.
  return parser.parse_structures(primitive=primitive)[0]

2026-08-17 21:54:59,493 - INFO - mp-554465, 1, O:6, 1.000, 0.000
2026-08-17 21:54:59,514 - INFO - mp-554391, 0, S:4, 0.581, 1.569
2026-08-17 21:54:59,542 - WARNING - /opt/miniforge/envs/sandbox/lib/python3.12/site-packages/pymatgen/io/cif.py:1817: UserWarning: Issues encountered while parsing CIF: 6 fractional coordinates rounded to ideal values to avoid issues with finite precision.
  return parser.parse_structures(primitive=primitive)[0]

2026-08-17 21:55:00,230 - INFO - mp-554451, 4, O:6, 1.000, 0.925
2026-08-17 21:55:00,975 - INFO - mp-554971, 4, O:6, 1.000, 0.000
2026-08-17 21:55:02,014 - INFO - mp-554814, 2, T:4, 1.000, 0.011
2026-08-17 21:55:02,020 - INFO - mp-554814, 4, T:4, 1.000, 0.018
2026-08-17 21:55:02,035 - WARNING - /opt/miniforge/envs/sandbox/lib/python3.12/site-packages/pymatgen/io/cif.py:1817: UserWarning: Issues encountered while parsing CIF: 4 fractional coordinates rounded to ideal values to avoid issues with finite precision.
  return parser.parse_structures(primitive=primitive)[0]

2026-08-17 21:55:02,752 - INFO - mp-555287, 12, T:4, 1.000, 0.794
2026-08-17 21:55:02,763 - WARNING - /opt/miniforge/envs/sandbox/lib/python3.12/site-packages/pymatgen/io/cif.py:1817: UserWarning: Issues encountered while parsing CIF: 2 fractional coordinates rounded to ideal values to avoid issues with finite precision.
  return parser.parse_structures(primitive=primitive)[0]

2026-08-17 21:55:03,586 - INFO - mp-554531, 46, O:6, 1.000, 0.085
2026-08-17 21:55:03,594 - INFO - mp-554531, 50, O:6, 1.000, 0.336
2026-08-17 21:55:03,897 - INFO - mp-554683, 6, O:6, 1.000, 0.017
2026-08-17 21:55:03,908 - INFO - mp-554683, 8, O:6, 1.000, 0.244
2026-08-17 21:55:03,990 - INFO - mp-555302, 6, O:6, 1.000, 0.498
2026-08-17 21:55:04,001 - INFO - mp-555302, 10, O:6, 1.000, 0.170
2026-08-17 21:55:04,682 - INFO - mp-555333, 6, O:6, 1.000, 0.221
2026-08-17 21:55:05,029 - INFO - mp-554569, 24, O:6, 1.000, 3.883
2026-08-17 21:55:05,338 - INFO - mp-555458, 8, T:4, 1.000, 0.002
2026-08-17 21:55:06,016 - INFO - mp-555399, 4, O:6, 1.000, 1.639
2026-08-17 21:55:06,023 - INFO - mp-555399, 12, O:6, 1.000, 1.639
2026-08-17 21:55:06,440 - ERROR - No coordination environment symbols available for mp-555470 and index 16.
2026-08-17 21:55:07,223 - INFO - mp-555031, 0, O:6, 1.000, 0.937
2026-08-17 21:55:07,265 - INFO - mp-555031, 6, O:6, 1.000, 0.971
2026-08-17 21:55:08,371 - INFO - mp-555262, 36, T:4, 1.000, 0.074
2026-08-17 21:55:08,393 - INFO - mp-555262, 40, T:4, 1.000, 0.295
2026-08-17 21:55:08,404 - INFO - mp-555262, 44, T:4, 1.000, 0.079
2026-08-17 21:55:08,435 - INFO - mp-555262, 48, T:4, 1.000, 0.311
2026-08-17 21:55:08,445 - INFO - mp-555631, 8, O:6, 1.000, 0.081
2026-08-17 21:55:09,645 - INFO - mp-555667, 4, O:6, 1.000, 0.158
2026-08-17 21:55:11,158 - ERROR - No coordination environment symbols available for mp-555755 and index 0.
2026-08-17 21:55:11,158 - ERROR - No coordination environment symbols available for mp-555755 and index 24.
2026-08-17 21:55:11,177 - WARNING - /opt/miniforge/envs/sandbox/lib/python3.12/site-packages/pymatgen/io/cif.py:1817: UserWarning: Issues encountered while parsing CIF: 8 fractional coordinates rounded to ideal values to avoid issues with finite precision.
  return parser.parse_structures(primitive=primitive)[0]

2026-08-17 21:55:11,189 - INFO - mp-555579, 16, O:6, 1.000, 0.163
2026-08-17 21:55:11,201 - INFO - mp-555579, 20, O:6, 1.000, 0.310
2026-08-17 21:55:11,561 - INFO - mp-555698, 0, O:6, 1.000, 0.000
2026-08-17 21:55:11,974 - INFO - mp-554621, 32, O:6, 1.000, 0.104
2026-08-17 21:55:11,989 - INFO - mp-554621, 36, O:6, 1.000, 0.088
2026-08-17 21:55:12,000 - INFO - mp-554621, 40, O:6, 1.000, 0.123
2026-08-17 21:55:12,010 - INFO - mp-554621, 44, O:6, 1.000, 0.134
2026-08-17 21:55:12,096 - INFO - mp-555758, 24, T:4, 1.000, 0.756
2026-08-17 21:55:12,105 - INFO - mp-555758, 48, T:4, 1.000, 0.756
2026-08-17 21:55:12,611 - INFO - mp-555502, 36, O:6, 1.000, 0.055
2026-08-17 21:55:12,618 - INFO - mp-555502, 38, O:6, 1.000, 0.059
2026-08-17 21:55:14,050 - INFO - mp-555981, 6, O:6, 0.976, 1.498
2026-08-17 21:55:14,298 - INFO - mp-555589, 0, O:6, 1.000, 0.604
2026-08-17 21:55:14,305 - INFO - mp-555589, 4, O:6, 1.000, 0.359
2026-08-17 21:55:14,838 - INFO - mp-556016, 0, O:6, 1.000, 0.169
2026-08-17 21:55:15,163 - INFO - mp-555778, 0, O:6, 1.000, 0.361
2026-08-17 21:55:15,170 - INFO - mp-555778, 12, O:6, 1.000, 0.372
2026-08-17 21:55:15,176 - INFO - mp-555778, 16, T:4, 1.000, 0.127
2026-08-17 21:55:15,183 - INFO - mp-555778, 20, O:6, 1.000, 0.069
2026-08-17 21:55:15,189 - INFO - mp-555778, 22, T:5, 1.000, 0.840
2026-08-17 21:55:15,231 - INFO - mp-555752, 2, O:6, 1.000, 0.362
2026-08-17 21:55:15,237 - INFO - mp-555752, 4, O:6, 1.000, 0.140
2026-08-17 21:55:15,513 - INFO - mp-556086, 40, T:4, 0.750, 0.050
2026-08-17 21:55:16,020 - INFO - mp-556067, 1, O:6, 1.000, 0.139
2026-08-17 21:55:16,034 - INFO - mp-556067, 2, O:6, 1.000, 0.201
2026-08-17 21:55:16,066 - WARNING - /opt/miniforge/envs/sandbox/lib/python3.12/site-packages/pymatgen/io/cif.py:1817: UserWarning: Issues encountered while parsing CIF: 1 fractional coordinates rounded to ideal values to avoid issues with finite precision.
  return parser.parse_structures(primitive=primitive)[0]

2026-08-17 21:55:16,343 - INFO - mp-555802, 6, O:6, 1.000, 0.748
2026-08-17 21:55:16,722 - INFO - mp-556320, 12, O:6, 1.000, 0.000
2026-08-17 21:55:18,622 - INFO - mp-556428, 12, T:4, 1.000, 0.032
2026-08-17 21:55:19,279 - INFO - mp-556401, 4, O:6, 1.000, 1.726
2026-08-17 21:55:19,374 - INFO - mp-556300, 0, T:5, 0.832, 1.622
2026-08-17 21:55:19,742 - INFO - mp-556507, 4, S:5, 0.582, 0.584
2026-08-17 21:55:20,284 - INFO - mp-556373, 8, O:6, 1.000, 0.572
2026-08-17 21:55:20,927 - INFO - mp-556435, 0, T:6, 1.000, 7.555
2026-08-17 21:55:20,937 - INFO - mp-556435, 6, O:6, 1.000, 0.519
2026-08-17 21:55:20,947 - INFO - mp-556435, 12, O:6, 1.000, 0.516
2026-08-17 21:55:20,959 - INFO - mp-556435, 15, O:6, 1.000, 1.195
2026-08-17 21:55:20,972 - INFO - mp-556435, 18, O:6, 1.000, 0.574
2026-08-17 21:55:21,795 - INFO - mp-556603, 0, O:6, 0.931, 3.914
2026-08-17 21:55:22,078 - INFO - mp-556646, 1, O:6, 1.000, 0.021
2026-08-17 21:55:22,262 - INFO - mp-556297, 0, T:4, 0.952, 0.080
2026-08-17 21:55:22,273 - INFO - mp-556297, 4, T:4, 0.968, 0.025
2026-08-17 21:55:23,398 - INFO - mp-556540, 12, O:6, 1.000, 1.192
2026-08-17 21:55:23,407 - INFO - mp-556540, 20, O:6, 1.000, 1.192
2026-08-17 21:55:23,424 - WARNING - /opt/miniforge/envs/sandbox/lib/python3.12/site-packages/pymatgen/io/cif.py:1817: UserWarning: Issues encountered while parsing CIF: 4 fractional coordinates rounded to ideal values to avoid issues with finite precision.
  return parser.parse_structures(primitive=primitive)[0]

2026-08-17 21:55:23,698 - INFO - mp-556590, 4, O:6, 1.000, 0.293
2026-08-17 21:55:23,763 - ERROR - mp-556667, two atoms are too close
2026-08-17 21:55:23,763 - ERROR - mp-556667, two atoms are too close
2026-08-17 21:55:23,850 - INFO - mp-556581, 0, O:6, 0.954, 2.369
2026-08-17 21:55:23,856 - INFO - mp-556581, 4, O:6, 1.000, 1.886
2026-08-17 21:55:23,863 - INFO - mp-556581, 8, O:6, 0.954, 2.369
2026-08-17 21:55:23,874 - INFO - mp-556581, 12, O:6, 1.000, 1.886
2026-08-17 21:55:23,880 - INFO - mp-556581, 14, O:6, 1.000, 2.445
2026-08-17 21:55:24,084 - INFO - mp-556723, 24, O:6, 1.000, 0.006
2026-08-17 21:55:24,700 - INFO - mp-556911, 0, O:6, 1.000, 1.102
2026-08-17 21:55:24,914 - INFO - mp-556891, 1, O:6, 1.000, 0.000
2026-08-17 21:55:24,988 - INFO - mp-556692, 4, O:6, 1.000, 1.914
2026-08-17 21:55:24,995 - INFO - mp-556692, 12, O:6, 1.000, 1.914
2026-08-17 21:55:25,439 - INFO - mp-556802, 8, O:6, 1.000, 0.643
2026-08-17 21:55:25,452 - INFO - mp-556875, 8, O:6, 1.000, 0.849
2026-08-17 21:55:25,586 - INFO - mp-556927, 2, O:6, 1.000, 0.029
2026-08-17 21:55:27,322 - INFO - mp-556960, 18, O:6, 1.000, 0.240
2026-08-17 21:55:27,330 - INFO - mp-556960, 24, O:6, 1.000, 0.184
2026-08-17 21:55:27,504 - INFO - mp-557020, 6, S:5, 0.643, 0.297
2026-08-17 21:55:27,530 - INFO - mp-556885, 0, S:4, 0.580, 0.743
2026-08-17 21:55:27,955 - INFO - mp-556765, 2, O:6, 1.000, 0.229
2026-08-17 21:55:27,961 - INFO - mp-556765, 4, O:6, 1.000, 0.814
2026-08-17 21:55:28,802 - INFO - mp-556984, 12, O:6, 1.000, 0.373
2026-08-17 21:55:29,052 - INFO - mp-557161, 16, T:4, 1.000, 0.350
2026-08-17 21:55:29,060 - INFO - mp-557161, 20, O:6, 1.000, 0.092
2026-08-17 21:55:29,067 - INFO - mp-557161, 24, T:4, 1.000, 0.278
2026-08-17 21:55:29,100 - WARNING - /opt/miniforge/envs/sandbox/lib/python3.12/site-packages/pymatgen/io/cif.py:1817: UserWarning: Issues encountered while parsing CIF: 10 fractional coordinates rounded to ideal values to avoid issues with finite precision.
  return parser.parse_structures(primitive=primitive)[0]

2026-08-17 21:55:29,408 - INFO - mp-557370, 24, T:4, 1.000, 0.979
2026-08-17 21:55:29,419 - INFO - mp-557370, 48, T:4, 1.000, 0.979
2026-08-17 21:55:29,569 - INFO - mp-557085, 0, T:4, 0.986, 0.313
2026-08-17 21:55:30,816 - ERROR - mp-557403, mumps returned an error
2026-08-17 21:55:30,816 - ERROR - mp-557403, mumps returned an error
2026-08-17 21:55:31,571 - INFO - mp-557331, 0, T:4, 1.000, 0.310
2026-08-17 21:55:32,338 - INFO - mp-557398, 16, T:5, 0.993, 1.148
2026-08-17 21:55:32,778 - INFO - mp-557850, 4, O:6, 1.000, 0.438
2026-08-17 21:55:32,785 - INFO - mp-557850, 6, O:6, 1.000, 0.206
2026-08-17 21:55:32,800 - WARNING - /opt/miniforge/envs/sandbox/lib/python3.12/site-packages/pymatgen/io/cif.py:1817: UserWarning: Issues encountered while parsing CIF: 4 fractional coordinates rounded to ideal values to avoid issues with finite precision.
  return parser.parse_structures(primitive=primitive)[0]

2026-08-17 21:55:33,904 - INFO - mp-557221, 32, O:6, 1.000, 0.511
2026-08-17 21:55:33,918 - INFO - mp-557546, 0, T:4, 1.000, 1.137
2026-08-17 21:55:33,922 - INFO - mp-557221, 40, O:6, 1.000, 0.511
2026-08-17 21:55:33,925 - INFO - mp-557546, 3, T:4, 1.000, 1.242
2026-08-17 21:55:33,931 - INFO - mp-557546, 6, O:6, 1.000, 0.775
2026-08-17 21:55:33,934 - INFO - mp-557221, 44, O:6, 1.000, 0.457
2026-08-17 21:55:33,937 - INFO - mp-557546, 7, O:6, 1.000, 0.707
2026-08-17 21:55:33,943 - INFO - mp-557546, 8, O:6, 1.000, 1.330
2026-08-17 21:55:33,949 - INFO - mp-557546, 9, O:6, 1.000, 1.427
2026-08-17 21:55:33,955 - INFO - mp-557546, 10, O:6, 1.000, 0.140
2026-08-17 21:55:33,961 - INFO - mp-557546, 11, O:6, 1.000, 1.495
2026-08-17 21:55:34,159 - INFO - mp-558078, 12, O:6, 1.000, 0.000
2026-08-17 21:55:34,335 - INFO - mp-558146, 0, T:4, 1.000, 0.918
2026-08-17 21:55:35,799 - INFO - mp-558155, 4, O:6, 1.000, 0.075
2026-08-17 21:55:36,278 - INFO - mp-557307, 36, O:6, 1.000, 0.060
2026-08-17 21:55:36,285 - INFO - mp-557307, 38, O:6, 1.000, 0.066
2026-08-17 21:55:36,987 - INFO - mp-557942, 2, O:6, 1.000, 1.029
2026-08-17 21:55:36,993 - INFO - mp-557942, 4, S:5, 0.747, 1.278
2026-08-17 21:55:37,001 - INFO - mp-557942, 6, O:6, 1.000, 1.899
2026-08-17 21:55:38,342 - INFO - mp-557864, 0, S:5, 0.913, 1.112
2026-08-17 21:55:38,349 - INFO - mp-557864, 2, S:5, 0.867, 1.192
2026-08-17 21:55:38,365 - INFO - mp-558337, 16, T:4, 1.000, 0.048
2026-08-17 21:55:38,372 - INFO - mp-558337, 24, T:4, 1.000, 0.045
2026-08-17 21:55:38,389 - WARNING - /opt/miniforge/envs/sandbox/lib/python3.12/site-packages/pymatgen/io/cif.py:1817: UserWarning: Issues encountered while parsing CIF: 4 fractional coordinates rounded to ideal values to avoid issues with finite precision.
  return parser.parse_structures(primitive=primitive)[0]

2026-08-17 21:55:39,068 - INFO - mp-558179, 0, O:6, 1.000, 0.474
2026-08-17 21:55:39,075 - INFO - mp-558179, 8, O:6, 1.000, 0.323
2026-08-17 21:55:39,088 - INFO - mp-558179, 12, O:6, 1.000, 0.520
2026-08-17 21:55:39,095 - INFO - mp-558179, 16, O:6, 1.000, 0.569
2026-08-17 21:55:39,114 - INFO - mp-558179, 20, O:6, 1.000, 0.447
2026-08-17 21:55:39,393 - INFO - mp-558202, 0, O:6, 1.000, 0.854
2026-08-17 21:55:39,680 - INFO - mp-558156, 6, O:6, 1.000, 0.714
2026-08-17 21:55:39,686 - INFO - mp-558156, 8, O:6, 1.000, 0.823
2026-08-17 21:55:39,779 - INFO - mp-558339, 8, O:6, 1.000, 3.588
2026-08-17 21:55:40,468 - INFO - mp-557596, 6, O:6, 1.000, 1.603
2026-08-17 21:55:40,483 - INFO - mp-557596, 8, O:6, 1.000, 0.451
2026-08-17 21:55:40,494 - INFO - mp-557596, 10, O:6, 1.000, 1.077
2026-08-17 21:55:40,501 - INFO - mp-557596, 12, O:6, 1.000, 1.363
2026-08-17 21:55:40,502 - WARNING - /Users/marius/Code/gitlab.esrf.fr/spectroscopy/xasml/src/xasml/datasets/fdmnes/io.py:29: RuntimeWarning: divide by zero encountered in divide
  a = np.pi * gamma_max * (f - 1 / f**2) / (3 * x_larg)

2026-08-17 21:55:40,502 - INFO - mp-558367, 6, O:6, 1.000, 0.047
2026-08-17 21:55:40,514 - INFO - mp-557596, 14, O:6, 1.000, 0.849
2026-08-17 21:55:40,520 - INFO - mp-557596, 15, O:6, 1.000, 0.729
2026-08-17 21:55:40,807 - INFO - mp-558400, 6, T:5, 1.000, 0.246
2026-08-17 21:55:41,947 - INFO - mp-558502, 0, O:6, 1.000, 1.158
2026-08-17 21:55:43,117 - INFO - mp-558345, 2, O:6, 1.000, 1.055
2026-08-17 21:55:43,130 - INFO - mp-558345, 4, O:6, 1.000, 0.606
2026-08-17 21:55:43,277 - INFO - mp-558555, 8, O:6, 1.000, 0.345
2026-08-17 21:55:45,984 - INFO - mp-558486, 0, O:6, 1.000, 0.179
2026-08-17 21:55:45,991 - INFO - mp-558674, 12, O:6, 1.000, 0.000
2026-08-17 21:55:46,561 - INFO - mp-558570, 24, T:4, 0.843, 0.172
2026-08-17 21:55:46,569 - INFO - mp-558570, 28, T:4, 0.843, 0.172
2026-08-17 21:55:46,950 - INFO - mp-558482, 34, T:4, 0.901, 0.028
2026-08-17 21:55:46,962 - INFO - mp-558482, 38, T:4, 1.000, 0.036
2026-08-17 21:55:46,968 - INFO - mp-558482, 42, T:4, 1.000, 0.052
2026-08-17 21:55:47,483 - INFO - mp-558694, 1, O:6, 1.000, 0.000
2026-08-17 21:55:48,022 - INFO - mp-558525, 16, O:6, 1.000, 0.495
2026-08-17 21:55:48,032 - INFO - mp-558525, 20, O:6, 1.000, 0.408
2026-08-17 21:55:49,302 - INFO - mp-558611, 16, T:4, 1.000, 0.334
2026-08-17 21:55:49,339 - INFO - mp-558611, 24, T:4, 0.982, 0.333
2026-08-17 21:55:49,358 - INFO - mp-558611, 32, T:4, 1.000, 0.369
2026-08-17 21:55:49,368 - INFO - mp-558611, 40, T:4, 1.000, 0.335
2026-08-17 21:55:50,335 - INFO - mp-558860, 3, S:5, 0.990, 1.460
2026-08-17 21:55:50,341 - INFO - mp-558860, 5, O:6, 1.000, 0.320
2026-08-17 21:55:50,498 - INFO - mp-558429, 2, O:6, 1.000, 1.049
2026-08-17 21:55:50,505 - INFO - mp-558429, 4, O:6, 1.000, 0.310
2026-08-17 21:55:50,511 - INFO - mp-558429, 6, O:6, 1.000, 1.152
2026-08-17 21:55:50,521 - INFO - mp-558429, 8, O:6, 1.000, 0.200
2026-08-17 21:55:51,052 - INFO - mp-558732, 4, O:6, 1.000, 0.856
2026-08-17 21:55:51,060 - INFO - mp-558732, 8, O:6, 1.000, 0.856
2026-08-17 21:55:51,375 - INFO - mp-558822, 8, O:6, 1.000, 1.472
2026-08-17 21:55:51,382 - INFO - mp-558822, 16, O:6, 1.000, 1.472
2026-08-17 21:55:51,515 - INFO - mp-558841, 0, O:6, 1.000, 0.348
2026-08-17 21:55:52,611 - INFO - mp-559166, 6, O:6, 1.000, 0.100
2026-08-17 21:55:53,771 - INFO - mp-559295, 0, T:4, 1.000, 0.021
2026-08-17 21:55:54,023 - INFO - mp-559277, 8, O:6, 1.000, 0.653
2026-08-17 21:55:55,344 - INFO - mp-558889, 0, O:6, 1.000, 1.480
2026-08-17 21:55:55,356 - INFO - mp-558889, 2, O:6, 1.000, 1.307
2026-08-17 21:55:55,362 - INFO - mp-558889, 4, O:6, 1.000, 0.740
2026-08-17 21:55:56,995 - INFO - mp-559450, 0, O:6, 1.000, 0.003
2026-08-17 21:55:57,352 - INFO - mp-559280, 8, O:6, 0.805, 3.876
2026-08-17 21:55:57,366 - INFO - mp-559280, 12, T:5, 0.778, 1.973
2026-08-17 21:55:57,384 - INFO - mp-559280, 16, O:6, 0.805, 3.876
2026-08-17 21:55:57,401 - INFO - mp-559280, 20, T:5, 0.778, 1.973
2026-08-17 21:55:57,738 - INFO - mp-559163, 4, O:6, 1.000, 0.822
2026-08-17 21:55:57,750 - INFO - mp-559163, 6, O:6, 1.000, 0.213
2026-08-17 21:55:58,874 - INFO - mp-559388, 16, O:6, 1.000, 0.360
2026-08-17 21:55:59,278 - INFO - mp-559454, 12, O:6, 1.000, 0.000
2026-08-17 21:55:59,873 - INFO - mp-559436, 0, O:6, 1.000, 5.507
2026-08-17 21:55:59,881 - INFO - mp-559436, 4, O:6, 0.922, 4.453
2026-08-17 21:56:00,031 - INFO - mp-559387, 9, O:6, 1.000, 0.750
2026-08-17 21:56:00,044 - INFO - mp-559387, 11, O:6, 1.000, 1.130
2026-08-17 21:56:00,262 - INFO - mp-558641, 0, O:6, 1.000, 0.119
2026-08-17 21:56:01,147 - INFO - mp-559464, 16, T:4, 0.953, 0.098
2026-08-17 21:56:01,154 - INFO - mp-559464, 24, T:4, 1.000, 0.136
2026-08-17 21:56:01,848 - INFO - mp-559328, 0, O:6, 1.000, 1.068
2026-08-17 21:56:01,867 - INFO - mp-559328, 2, O:6, 1.000, 0.998
2026-08-17 21:56:03,053 - INFO - mp-559626, 0, O:6, 1.000, 1.391
2026-08-17 21:56:04,186 - INFO - mp-559729, 16, T:4, 1.000, 1.215
2026-08-17 21:56:04,272 - INFO - mp-559518, 8, T:5, 0.545, 3.973
2026-08-17 21:56:04,283 - INFO - mp-559518, 10, T:5, 0.550, 3.991
2026-08-17 21:56:05,039 - INFO - mp-559750, 24, T:4, 1.000, 1.099
2026-08-17 21:56:05,053 - INFO - mp-559750, 48, T:4, 1.000, 1.099
2026-08-17 21:56:05,134 - INFO - mp-559713, 0, O:6, 1.000, 0.601
2026-08-17 21:56:05,141 - INFO - mp-559713, 8, T:6, 1.000, 0.123
2026-08-17 21:56:06,368 - INFO - mp-559716, 0, T:4, 0.952, 0.028
2026-08-17 21:56:06,543 - INFO - mp-559629, 0, O:6, 1.000, 0.032
2026-08-17 21:56:06,680 - INFO - mp-559809, 16, T:4, 0.979, 0.877
2026-08-17 21:56:07,178 - INFO - mp-559609, 0, O:6, 1.000, 0.581
2026-08-17 21:56:07,198 - INFO - mp-559609, 4, O:6, 1.000, 0.675
2026-08-17 21:56:07,209 - INFO - mp-559609, 8, O:6, 1.000, 0.222
2026-08-17 21:56:07,222 - INFO - mp-559609, 10, O:6, 1.000, 0.347
2026-08-17 21:56:07,229 - INFO - mp-559609, 12, O:6, 1.000, 1.023
2026-08-17 21:56:07,235 - INFO - mp-559609, 14, O:6, 1.000, 0.381
2026-08-17 21:56:08,242 - INFO - mp-560103, 24, T:4, 1.000, 1.025
2026-08-17 21:56:08,256 - INFO - mp-560103, 48, T:4, 1.000, 1.025
2026-08-17 21:56:08,887 - INFO - mp-560012, 0, S:5, 0.955, 2.271
2026-08-17 21:56:08,888 - WARNING - /Users/marius/Code/gitlab.esrf.fr/spectroscopy/xasml/src/xasml/datasets/fdmnes/io.py:29: RuntimeWarning: divide by zero encountered in divide
  a = np.pi * gamma_max * (f - 1 / f**2) / (3 * x_larg)

2026-08-17 21:56:09,163 - INFO - mp-560112, 0, O:6, 1.000, 1.233
2026-08-17 21:56:09,170 - INFO - mp-560112, 4, O:6, 1.000, 0.942
2026-08-17 21:56:10,091 - INFO - mp-560123, 0, T:4, 0.996, 1.036
2026-08-17 21:56:10,495 - INFO - mp-559874, 0, O:6, 1.000, 0.930
2026-08-17 21:56:10,502 - INFO - mp-559874, 4, O:6, 1.000, 1.459
2026-08-17 21:56:10,948 - INFO - mp-559532, 4, O:6, 1.000, 1.238
2026-08-17 21:56:10,955 - INFO - mp-559532, 6, O:6, 1.000, 0.505
2026-08-17 21:56:10,967 - INFO - mp-559532, 8, O:6, 1.000, 0.939
2026-08-17 21:56:10,979 - INFO - mp-559532, 10, O:6, 1.000, 1.314
2026-08-17 21:56:10,980 - WARNING - /Users/marius/Code/gitlab.esrf.fr/spectroscopy/xasml/src/xasml/datasets/fdmnes/io.py:29: RuntimeWarning: divide by zero encountered in divide
  a = np.pi * gamma_max * (f - 1 / f**2) / (3 * x_larg)

2026-08-17 21:56:10,986 - INFO - mp-559532, 12, O:6, 1.000, 0.753
2026-08-17 21:56:10,998 - INFO - mp-559532, 14, O:6, 1.000, 0.462
2026-08-17 21:56:11,008 - INFO - mp-559532, 15, O:6, 1.000, 0.363
2026-08-17 21:56:11,019 - WARNING - /opt/miniforge/envs/sandbox/lib/python3.12/site-packages/pymatgen/io/cif.py:1817: UserWarning: Issues encountered while parsing CIF: 4 fractional coordinates rounded to ideal values to avoid issues with finite precision.
  return parser.parse_structures(primitive=primitive)[0]

2026-08-17 21:56:11,537 - INFO - mp-560149, 1, O:6, 1.000, 0.162
2026-08-17 21:56:11,549 - INFO - mp-560149, 2, O:6, 1.000, 0.028
2026-08-17 21:56:11,561 - WARNING - /opt/miniforge/envs/sandbox/lib/python3.12/site-packages/pymatgen/io/cif.py:1817: UserWarning: Issues encountered while parsing CIF: 2 fractional coordinates rounded to ideal values to avoid issues with finite precision.
  return parser.parse_structures(primitive=primitive)[0]

2026-08-17 21:56:11,663 - INFO - mp-559754, 0, S:5, 0.857, 1.704
2026-08-17 21:56:11,669 - INFO - mp-559754, 2, S:5, 0.765, 1.774
2026-08-17 21:56:12,065 - INFO - mp-560330, 12, T:4, 1.000, 0.018
2026-08-17 21:56:12,712 - INFO - mp-560628, 1, O:6, 1.000, 0.027
2026-08-17 21:56:13,655 - INFO - mp-560130, 0, O:6, 1.000, 0.303
2026-08-17 21:56:13,661 - INFO - mp-560130, 2, O:6, 1.000, 0.174
2026-08-17 21:56:14,376 - INFO - mp-560466, 16, O:6, 1.000, 0.500
2026-08-17 21:56:14,393 - INFO - mp-560466, 20, O:6, 1.000, 0.500
2026-08-17 21:56:16,130 - INFO - mp-560751, 3, O:6, 1.000, 1.048
2026-08-17 21:56:16,137 - INFO - mp-560751, 9, O:6, 1.000, 0.964
2026-08-17 21:56:16,281 - INFO - mp-560924, 12, T:4, 1.000, 0.094
2026-08-17 21:56:17,525 - INFO - mp-560126, 0, O:6, 1.000, 1.012
2026-08-17 21:56:17,534 - INFO - mp-560126, 4, O:6, 1.000, 2.529
2026-08-17 21:56:17,545 - INFO - mp-560126, 8, O:6, 1.000, 1.079
2026-08-17 21:56:17,552 - INFO - mp-560126, 12, O:6, 1.000, 1.027
2026-08-17 21:56:18,027 - INFO - mp-560784, 2, O:6, 1.000, 0.915
2026-08-17 21:56:18,039 - INFO - mp-560784, 4, S:5, 0.434, 1.972
2026-08-17 21:56:18,045 - INFO - mp-560784, 6, O:6, 1.000, 1.631
2026-08-17 21:56:18,240 - INFO - mp-560520, 0, O:6, 1.000, 6.087
2026-08-17 21:56:18,248 - INFO - mp-560520, 2, O:6, 1.000, 6.492
2026-08-17 21:56:18,268 - INFO - mp-560520, 4, T:6, 1.000, 4.123
2026-08-17 21:56:18,279 - INFO - mp-560769, 8, O:6, 1.000, 0.867
2026-08-17 21:56:18,288 - INFO - mp-560769, 12, T:4, 0.949, 0.567
2026-08-17 21:56:19,442 - INFO - mp-560990, 18, O:6, 1.000, 0.407
2026-08-17 21:56:19,451 - INFO - mp-560990, 24, O:6, 1.000, 0.161
2026-08-17 21:56:19,527 - INFO - mp-561000, 18, O:6, 1.000, 0.127
2026-08-17 21:56:19,527 - WARNING - /Users/marius/Code/gitlab.esrf.fr/spectroscopy/xasml/src/xasml/datasets/fdmnes/io.py:29: RuntimeWarning: divide by zero encountered in divide
  a = np.pi * gamma_max * (f - 1 / f**2) / (3 * x_larg)

2026-08-17 21:56:19,690 - INFO - mp-560925, 10, O:6, 1.000, 0.099
2026-08-17 21:56:19,697 - INFO - mp-560925, 12, O:6, 1.000, 0.327
2026-08-17 21:56:19,703 - INFO - mp-560925, 14, O:6, 1.000, 0.238
2026-08-17 21:56:20,370 - INFO - mp-561067, 12, O:6, 1.000, 0.000
2026-08-17 21:56:21,134 - INFO - mp-561063, 2, O:6, 1.000, 1.761
2026-08-17 21:56:21,675 - INFO - mp-561035, 2, O:6, 1.000, 0.184
2026-08-17 21:56:21,681 - INFO - mp-561035, 4, O:6, 1.000, 0.082
2026-08-17 21:56:21,716 - INFO - mp-561036, 0, O:6, 1.000, 2.203
2026-08-17 21:56:21,848 - INFO - mp-560849, 0, O:6, 1.000, 0.338
2026-08-17 21:56:22,784 - INFO - mp-561139, 16, T:4, 1.000, 0.030
2026-08-17 21:56:23,848 - INFO - mp-561087, 2, O:6, 1.000, 1.052
2026-08-17 21:56:23,922 - INFO - mp-561362, 0, O:6, 1.000, 0.518
2026-08-17 21:56:23,930 - INFO - mp-561362, 4, O:6, 1.000, 0.518
2026-08-17 21:56:25,301 - INFO - mp-561267, 8, S:5, 0.516, 6.995
2026-08-17 21:56:25,320 - INFO - mp-561267, 12, T:5, 0.984, 2.168
2026-08-17 21:56:25,431 - INFO - mp-561395, 8, O:6, 1.000, 0.448
2026-08-17 21:56:25,620 - INFO - mp-561410, 2, O:6, 1.000, 1.336
2026-08-17 21:56:25,831 - INFO - mp-561419, 4, O:6, 1.000, 0.107
2026-08-17 21:56:26,311 - INFO - mp-561445, 0, T:5, 0.998, 0.989
2026-08-17 21:56:26,397 - INFO - mp-561402, 4, T:5, 0.875, 2.082
2026-08-17 21:56:26,410 - INFO - mp-561402, 8, O:6, 1.000, 0.252
2026-08-17 21:56:26,713 - INFO - mp-561511, 0, O:6, 1.000, 0.604
2026-08-17 21:56:27,642 - INFO - mp-562418, 3, O:6, 1.000, 0.095
2026-08-17 21:56:27,657 - INFO - mp-561343, 0, O:6, 1.000, 0.967
2026-08-17 21:56:27,664 - INFO - mp-561343, 4, O:6, 1.000, 0.679
2026-08-17 21:56:27,670 - INFO - mp-561343, 8, O:6, 0.953, 3.811
2026-08-17 21:56:27,681 - WARNING - /opt/miniforge/envs/sandbox/lib/python3.12/site-packages/pymatgen/io/cif.py:1817: UserWarning: Issues encountered while parsing CIF: 4 fractional coordinates rounded to ideal values to avoid issues with finite precision.
  return parser.parse_structures(primitive=primitive)[0]

2026-08-17 21:56:27,698 - INFO - mp-561516, 8, T:4, 1.000, 0.018
2026-08-17 21:56:27,726 - INFO - mp-561135, 0, O:6, 0.798, 4.536
2026-08-17 21:56:27,734 - INFO - mp-561135, 4, O:6, 0.722, 4.603
2026-08-17 21:56:27,745 - INFO - mp-561135, 8, O:6, 0.518, 4.675
2026-08-17 21:56:27,906 - INFO - mp-561456, 12, T:4, 0.522, 0.316
2026-08-17 21:56:28,118 - INFO - mp-561519, 2, O:6, 1.000, 0.143
2026-08-17 21:56:28,118 - WARNING - /Users/marius/Code/gitlab.esrf.fr/spectroscopy/xasml/src/xasml/datasets/fdmnes/io.py:29: RuntimeWarning: divide by zero encountered in divide
  a = np.pi * gamma_max * (f - 1 / f**2) / (3 * x_larg)

2026-08-17 21:56:29,544 - INFO - mp-565814, 0, O:6, 0.530, 5.234
2026-08-17 21:56:29,581 - INFO - mp-565814, 24, O:6, 0.530, 5.234
2026-08-17 21:56:29,665 - WARNING - /opt/miniforge/envs/sandbox/lib/python3.12/site-packages/pymatgen/io/cif.py:1817: UserWarning: Issues encountered while parsing CIF: 16 fractional coordinates rounded to ideal values to avoid issues with finite precision.
  return parser.parse_structures(primitive=primitive)[0]

2026-08-17 21:56:29,842 - INFO - mp-563010, 1, O:6, 1.000, 0.034
2026-08-17 21:56:29,889 - WARNING - /opt/miniforge/envs/sandbox/lib/python3.12/site-packages/pymatgen/io/cif.py:1817: UserWarning: Issues encountered while parsing CIF: 12 fractional coordinates rounded to ideal values to avoid issues with finite precision.
  return parser.parse_structures(primitive=primitive)[0]

2026-08-17 21:56:30,913 - INFO - mp-563048, 3, S:4, 1.000, 0.878
2026-08-17 21:56:31,669 - INFO - mp-562028, 14, O:6, 1.000, 0.300
2026-08-17 21:56:31,682 - INFO - mp-562028, 18, O:6, 1.000, 0.253
2026-08-17 21:56:31,699 - WARNING - /opt/miniforge/envs/sandbox/lib/python3.12/site-packages/pymatgen/io/cif.py:1817: UserWarning: Issues encountered while parsing CIF: 2 fractional coordinates rounded to ideal values to avoid issues with finite precision.
  return parser.parse_structures(primitive=primitive)[0]

2026-08-17 21:56:32,020 - INFO - mp-562735, 20, T:4, 1.000, 0.012
2026-08-17 21:56:32,103 - INFO - mp-562456, 0, O:6, 0.992, 4.222
2026-08-17 21:56:32,110 - INFO - mp-562456, 4, S:5, 0.720, 2.022
2026-08-17 21:56:32,119 - INFO - mp-562456, 8, S:5, 0.624, 3.565
2026-08-17 21:56:34,092 - INFO - mp-567429, 6, T:4, 0.999, 0.134
2026-08-17 21:56:34,486 - INFO - mp-567566, 21, O:6, 1.000, 0.089
2026-08-17 21:56:35,409 - INFO - mp-567605, 12, O:6, 1.000, 0.128
2026-08-17 21:56:36,338 - ERROR - No coordination environment symbols available for mp-567636 and index 4.
2026-08-17 21:56:36,933 - INFO - mp-566548, 2, O:6, 1.000, 0.303
2026-08-17 21:56:36,947 - INFO - mp-566548, 14, O:6, 1.000, 0.180
2026-08-17 21:56:36,954 - INFO - mp-566548, 20, T:4, 1.000, 0.016
2026-08-17 21:56:36,961 - INFO - mp-566333, 6, O:6, 1.000, 0.390
2026-08-17 21:56:36,963 - INFO - mp-566548, 24, T:4, 1.000, 0.189
2026-08-17 21:56:36,973 - INFO - mp-566333, 8, O:6, 1.000, 0.175
2026-08-17 21:56:36,974 - INFO - mp-566548, 28, O:6, 1.000, 0.407
2026-08-17 21:56:36,981 - INFO - mp-566548, 32, O:6, 1.000, 0.175
2026-08-17 21:56:36,991 - INFO - mp-566548, 36, T:5, 1.000, 0.841
2026-08-17 21:56:36,996 - WARNING - /opt/miniforge/envs/sandbox/lib/python3.12/site-packages/pymatgen/io/cif.py:1817: UserWarning: Issues encountered while parsing CIF: 4 fractional coordinates rounded to ideal values to avoid issues with finite precision.
  return parser.parse_structures(primitive=primitive)[0]

2026-08-17 21:56:37,806 - INFO - mp-567703, 0, O:6, 1.000, 2.288
2026-08-17 21:56:37,933 - INFO - mp-567678, 21, O:6, 1.000, 0.079
2026-08-17 21:56:37,933 - WARNING - /Users/marius/Code/gitlab.esrf.fr/spectroscopy/xasml/src/xasml/datasets/fdmnes/io.py:29: RuntimeWarning: divide by zero encountered in divide
  a = np.pi * gamma_max * (f - 1 / f**2) / (3 * x_larg)

2026-08-17 21:56:37,956 - WARNING - /opt/miniforge/envs/sandbox/lib/python3.12/site-packages/pymatgen/io/cif.py:1817: UserWarning: Issues encountered while parsing CIF: 4 fractional coordinates rounded to ideal values to avoid issues with finite precision.
  return parser.parse_structures(primitive=primitive)[0]

2026-08-17 21:56:38,145 - INFO - mp-567844, 4, O:6, 1.000, 5.945
2026-08-17 21:56:38,161 - WARNING - /opt/miniforge/envs/sandbox/lib/python3.12/site-packages/pymatgen/io/cif.py:1817: UserWarning: Issues encountered while parsing CIF: 2 fractional coordinates rounded to ideal values to avoid issues with finite precision.
  return parser.parse_structures(primitive=primitive)[0]

2026-08-17 21:56:38,232 - ERROR - No coordination environment symbols available for mp-567623 and index 8.
2026-08-17 21:56:38,232 - ERROR - No coordination environment symbols available for mp-567623 and index 24.
2026-08-17 21:56:38,232 - INFO - mp-567623, 40, T:4, 1.000, 6.545
2026-08-17 21:56:38,245 - ERROR - No coordination environment symbols available for mp-567623 and index 48.
2026-08-17 21:56:38,246 - INFO - mp-567623, 56, S:4, 1.000, 2.830
2026-08-17 21:56:38,254 - ERROR - No coordination environment symbols available for mp-567623 and index 60.
2026-08-17 21:56:38,318 - INFO - mp-567859, 2, T:4, 1.000, 1.722
2026-08-17 21:56:38,332 - WARNING - /opt/miniforge/envs/sandbox/lib/python3.12/site-packages/pymatgen/io/cif.py:1817: UserWarning: Issues encountered while parsing CIF: 2 fractional coordinates rounded to ideal values to avoid issues with finite precision.
  return parser.parse_structures(primitive=primitive)[0]

2026-08-17 21:56:38,468 - INFO - mp-565968, 32, O:6, 1.000, 0.605
2026-08-17 21:56:38,478 - INFO - mp-565968, 40, O:6, 1.000, 0.605
2026-08-17 21:56:38,490 - INFO - mp-565968, 44, O:6, 1.000, 0.569
2026-08-17 21:56:39,432 - INFO - mp-567933, 0, O:6, 1.000, 0.148
2026-08-17 21:56:39,472 - WARNING - /opt/miniforge/envs/sandbox/lib/python3.12/site-packages/pymatgen/io/cif.py:1817: UserWarning: Issues encountered while parsing CIF: 2 fractional coordinates rounded to ideal values to avoid issues with finite precision.
  return parser.parse_structures(primitive=primitive)[0]

2026-08-17 21:56:39,505 - ERROR - No coordination environment symbols available for mp-568006 and index 1.
2026-08-17 21:56:39,505 - INFO - mp-568006, 4, T:6, 1.000, 4.376
2026-08-17 21:56:39,668 - ERROR - No coordination environment symbols available for mp-568077 and index 4.
2026-08-17 21:56:39,669 - ERROR - No coordination environment symbols available for mp-568077 and index 10.
2026-08-17 21:56:39,729 - INFO - mp-566670, 12, T:5, 0.892, 1.427
2026-08-17 21:56:39,752 - INFO - mp-566670, 20, O:6, 1.000, 0.320
2026-08-17 21:56:39,759 - INFO - mp-566670, 24, T:5, 0.892, 1.427
2026-08-17 21:56:39,770 - INFO - mp-566670, 28, O:6, 1.000, 1.154
2026-08-17 21:56:42,973 - INFO - mp-568258, 0, T:5, 1.000, 0.191
2026-08-17 21:56:43,348 - INFO - mp-568328, 0, O:6, 1.000, 0.827
2026-08-17 21:56:43,366 - WARNING - /opt/miniforge/envs/sandbox/lib/python3.12/site-packages/pymatgen/io/cif.py:1817: UserWarning: Issues encountered while parsing CIF: 2 fractional coordinates rounded to ideal values to avoid issues with finite precision.
  return parser.parse_structures(primitive=primitive)[0]

2026-08-17 21:56:43,652 - ERROR - No coordination environment symbols available for mp-568030 and index 44.
2026-08-17 21:56:43,849 - INFO - mp-568349, 2, O:6, 1.000, 0.600
2026-08-17 21:56:43,976 - ERROR - No coordination environment symbols available for mp-567900 and index 8.
2026-08-17 21:56:43,976 - ERROR - No coordination environment symbols available for mp-567900 and index 24.
2026-08-17 21:56:43,976 - INFO - mp-567900, 40, T:4, 1.000, 6.505
2026-08-17 21:56:43,989 - ERROR - No coordination environment symbols available for mp-567900 and index 48.
2026-08-17 21:56:43,989 - INFO - mp-567900, 56, S:4, 1.000, 2.875
2026-08-17 21:56:43,997 - ERROR - No coordination environment symbols available for mp-567900 and index 60.
2026-08-17 21:56:44,623 - ERROR - No coordination environment symbols available for mp-568158 and index 16.
2026-08-17 21:56:44,623 - ERROR - No coordination environment symbols available for mp-568158 and index 64.
2026-08-17 21:56:44,624 - ERROR - No coordination environment symbols available for mp-568158 and index 112.
2026-08-17 21:56:44,624 - ERROR - No coordination environment symbols available for mp-568158 and index 160.
2026-08-17 21:56:44,624 - INFO - mp-568158, 184, S:4, 1.000, 3.014
2026-08-17 21:56:44,788 - INFO - mp-565518, 8, O:6, 1.000, 1.560
2026-08-17 21:56:44,797 - INFO - mp-565518, 9, T:5, 0.995, 0.967
2026-08-17 21:56:44,803 - INFO - mp-565518, 10, O:6, 1.000, 1.406
2026-08-17 21:56:44,809 - INFO - mp-565518, 11, O:6, 1.000, 1.645
2026-08-17 21:56:44,815 - INFO - mp-565518, 12, T:5, 0.987, 0.932
2026-08-17 21:56:44,824 - INFO - mp-565518, 13, O:6, 1.000, 1.770
2026-08-17 21:56:45,124 - INFO - mp-568553, 6, O:6, 1.000, 0.220
2026-08-17 21:56:45,133 - INFO - mp-568553, 10, O:6, 1.000, 0.010
2026-08-17 21:56:45,629 - INFO - mp-568663, 0, O:6, 1.000, 0.125
2026-08-17 21:56:45,752 - ERROR - No coordination environment symbols available for mp-568431 and index 24.
2026-08-17 21:56:45,752 - ERROR - No coordination environment symbols available for mp-568431 and index 40.
2026-08-17 21:56:45,752 - ERROR - No coordination environment symbols available for mp-568431 and index 56.
2026-08-17 21:56:45,752 - ERROR - No coordination environment symbols available for mp-568431 and index 72.
2026-08-17 21:56:45,764 - WARNING - /opt/miniforge/envs/sandbox/lib/python3.12/site-packages/pymatgen/io/cif.py:1817: UserWarning: Issues encountered while parsing CIF: 2 fractional coordinates rounded to ideal values to avoid issues with finite precision.
  return parser.parse_structures(primitive=primitive)[0]

2026-08-17 21:56:46,005 - INFO - mp-568620, 4, T:4, 1.000, 0.012
2026-08-17 21:56:46,177 - INFO - mp-568396, 8, T:4, 0.956, 0.162
2026-08-17 21:56:46,184 - INFO - mp-568396, 16, T:4, 0.952, 0.194
2026-08-17 21:56:46,206 - INFO - mp-568725, 2, T:4, 1.000, 1.847
2026-08-17 21:56:46,213 - ERROR - No coordination environment symbols available for mp-568748 and index 0.
2026-08-17 21:56:46,383 - INFO - mp-568668, 4, T:4, 0.993, 1.035
2026-08-17 21:56:47,072 - ERROR - No coordination environment symbols available for mp-568901 and index 4.
2026-08-17 21:56:47,072 - ERROR - No coordination environment symbols available for mp-568901 and index 10.
2026-08-17 21:56:47,080 - WARNING - /opt/miniforge/envs/sandbox/lib/python3.12/site-packages/pymatgen/io/cif.py:1817: UserWarning: Issues encountered while parsing CIF: 2 fractional coordinates rounded to ideal values to avoid issues with finite precision.
  return parser.parse_structures(primitive=primitive)[0]

2026-08-17 21:56:47,612 - INFO - mp-568653, 0, T:4, 1.000, 0.031
2026-08-17 21:56:47,697 - INFO - mp-568961, 2, T:4, 1.000, 0.554
2026-08-17 21:56:47,718 - WARNING - /opt/miniforge/envs/sandbox/lib/python3.12/site-packages/pymatgen/io/cif.py:1817: UserWarning: Issues encountered while parsing CIF: 4 fractional coordinates rounded to ideal values to avoid issues with finite precision.
  return parser.parse_structures(primitive=primitive)[0]

2026-08-17 21:56:47,958 - INFO - mp-569247, 2, T:4, 1.000, 0.930
2026-08-17 21:56:48,142 - ERROR - No coordination environment symbols available for mp-569200 and index 18.
2026-08-17 21:56:48,152 - ERROR - No coordination environment symbols available for mp-569376 and index 0.
2026-08-17 21:56:48,805 - INFO - mp-568928, 4, T:4, 0.891, 0.148
2026-08-17 21:56:49,375 - INFO - mp-568816, 2, O:6, 1.000, 0.008
2026-08-17 21:56:49,779 - INFO - mp-569597, 2, T:4, 1.000, 0.935
2026-08-17 21:56:50,008 - INFO - mp-569211, 12, O:6, 1.000, 2.537
2026-08-17 21:56:50,015 - INFO - mp-569211, 20, O:6, 1.000, 4.305
2026-08-17 21:56:50,088 - ERROR - No coordination environment symbols available for mp-569594 and index 0.
2026-08-17 21:56:50,088 - ERROR - No coordination environment symbols available for mp-569594 and index 18.
2026-08-17 21:56:50,568 - INFO - mp-569543, 16, O:6, 1.000, 0.001
2026-08-17 21:56:51,013 - INFO - mp-569748, 4, T:4, 1.000, 0.967
2026-08-17 21:56:51,285 - ERROR - No coordination environment symbols available for mp-569428 and index 8.
2026-08-17 21:56:51,285 - ERROR - No coordination environment symbols available for mp-569428 and index 24.
2026-08-17 21:56:51,285 - INFO - mp-569428, 40, T:4, 1.000, 6.828
2026-08-17 21:56:51,293 - ERROR - No coordination environment symbols available for mp-569428 and index 48.
2026-08-17 21:56:51,293 - INFO - mp-569428, 56, S:4, 1.000, 2.739
2026-08-17 21:56:51,303 - ERROR - No coordination environment symbols available for mp-569428 and index 60.
2026-08-17 21:56:51,360 - ERROR - No coordination environment symbols available for mp-569547 and index 12.
2026-08-17 21:56:51,464 - ERROR - No coordination environment symbols available for mp-569783 and index 9.
2026-08-17 21:56:51,464 - ERROR - No coordination environment symbols available for mp-569783 and index 27.
2026-08-17 21:56:51,464 - INFO - mp-569783, 33, T:6, 1.000, 4.259
2026-08-17 21:56:51,822 - ERROR - No coordination environment symbols available for mp-570001 and index 24.
2026-08-17 21:56:52,473 - ERROR - No coordination environment symbols available for mp-569739 and index 40.
2026-08-17 21:56:52,473 - ERROR - No coordination environment symbols available for mp-569739 and index 48.
2026-08-17 21:56:53,004 - ERROR - No coordination environment symbols available for mp-570271 and index 16.
2026-08-17 21:56:53,017 - WARNING - /opt/miniforge/envs/sandbox/lib/python3.12/site-packages/pymatgen/io/cif.py:1817: UserWarning: Issues encountered while parsing CIF: 2 fractional coordinates rounded to ideal values to avoid issues with finite precision.
  return parser.parse_structures(primitive=primitive)[0]

2026-08-17 21:56:53,780 - ERROR - No coordination environment symbols available for mp-569961 and index 20.
2026-08-17 21:56:54,370 - INFO - mp-570107, 18, O:6, 1.000, 0.095
2026-08-17 21:56:54,388 - WARNING - /opt/miniforge/envs/sandbox/lib/python3.12/site-packages/pymatgen/io/cif.py:1817: UserWarning: Issues encountered while parsing CIF: 6 fractional coordinates rounded to ideal values to avoid issues with finite precision.
  return parser.parse_structures(primitive=primitive)[0]

2026-08-17 21:56:54,599 - INFO - mp-570553, 0, O:6, 1.000, 0.583
2026-08-17 21:56:54,612 - INFO - mp-570553, 4, O:6, 1.000, 0.583
2026-08-17 21:56:54,662 - INFO - mp-570631, 2, T:4, 1.000, 0.660
2026-08-17 21:56:55,007 - ERROR - No coordination environment symbols available for mp-570653 and index 1.
2026-08-17 21:56:55,007 - INFO - mp-570653, 4, T:6, 1.000, 0.123
2026-08-17 21:56:55,637 - ERROR - No coordination environment symbols available for mp-570414 and index 8.
2026-08-17 21:56:55,638 - ERROR - No coordination environment symbols available for mp-570414 and index 24.
2026-08-17 21:56:55,638 - INFO - mp-570414, 40, T:4, 1.000, 6.522
2026-08-17 21:56:55,648 - ERROR - No coordination environment symbols available for mp-570414 and index 48.
2026-08-17 21:56:55,648 - INFO - mp-570414, 56, S:4, 1.000, 2.849
2026-08-17 21:56:55,664 - ERROR - No coordination environment symbols available for mp-570414 and index 60.
2026-08-17 21:56:55,668 - WARNING - /opt/miniforge/envs/sandbox/lib/python3.12/site-packages/pymatgen/io/cif.py:1817: UserWarning: Issues encountered while parsing CIF: 2 fractional coordinates rounded to ideal values to avoid issues with finite precision.
  return parser.parse_structures(primitive=primitive)[0]

2026-08-17 21:56:55,766 - INFO - mp-571096, 0, O:6, 1.000, 0.052
2026-08-17 21:56:56,326 - INFO - mp-571098, 2, T:4, 1.000, 0.305
2026-08-17 21:56:56,637 - INFO - mp-571122, 0, O:6, 1.000, 0.020
2026-08-17 21:56:56,637 - WARNING - /Users/marius/Code/gitlab.esrf.fr/spectroscopy/xasml/src/xasml/datasets/fdmnes/io.py:29: RuntimeWarning: divide by zero encountered in divide
  a = np.pi * gamma_max * (f - 1 / f**2) / (3 * x_larg)

2026-08-17 21:56:56,658 - INFO - mp-570039, 12, O:6, 1.000, 0.747
2026-08-17 21:56:56,852 - INFO - mp-570943, 2, T:5, 0.925, 2.438
2026-08-17 21:56:56,858 - INFO - mp-570943, 8, T:4, 1.000, 6.931
2026-08-17 21:56:56,864 - INFO - mp-570943, 10, T:4, 1.000, 0.133
2026-08-17 21:56:57,275 - INFO - mp-570920, 20, O:6, 0.997, 6.697
2026-08-17 21:56:57,282 - ERROR - No coordination environment symbols available for mp-570920 and index 28.
2026-08-17 21:56:57,282 - INFO - mp-570920, 32, O:6, 0.997, 6.697
2026-08-17 21:56:57,288 - ERROR - No coordination environment symbols available for mp-570920 and index 36.
2026-08-17 21:56:57,288 - ERROR - No coordination environment symbols available for mp-570920 and index 40.
2026-08-17 21:56:57,294 - WARNING - /opt/miniforge/envs/sandbox/lib/python3.12/site-packages/pymatgen/io/cif.py:1817: UserWarning: Issues encountered while parsing CIF: 2 fractional coordinates rounded to ideal values to avoid issues with finite precision.
  return parser.parse_structures(primitive=primitive)[0]

2026-08-17 21:56:57,408 - INFO - mp-570462, 12, O:6, 1.000, 0.044
2026-08-17 21:56:57,495 - ERROR - No coordination environment symbols available for mp-571149 and index 6.
2026-08-17 21:56:57,495 - ERROR - No coordination environment symbols available for mp-571149 and index 24.
2026-08-17 21:56:57,495 - ERROR - No coordination environment symbols available for mp-571149 and index 42.
2026-08-17 21:56:57,495 - ERROR - No coordination environment symbols available for mp-571149 and index 51.
2026-08-17 21:56:57,687 - ERROR - No coordination environment symbols available for mp-571183 and index 8.
2026-08-17 21:56:57,796 - ERROR - No coordination environment symbols available for mp-571055 and index 0.
2026-08-17 21:56:57,797 - INFO - mp-571055, 8, T:6, 1.000, 4.694
2026-08-17 21:56:57,811 - ERROR - No coordination environment symbols available for mp-571055 and index 12.
2026-08-17 21:56:57,811 - ERROR - No coordination environment symbols available for mp-571055 and index 16.
2026-08-17 21:56:57,811 - INFO - mp-571055, 20, T:6, 1.000, 4.694
2026-08-17 21:56:58,732 - INFO - mp-571500, 2, T:4, 1.000, 0.010
2026-08-17 21:56:58,771 - INFO - mp-571370, 0, T:4, 1.000, 4.008
2026-08-17 21:56:58,785 - INFO - mp-571370, 8, T:4, 1.000, 4.008
2026-08-17 21:56:59,165 - INFO - mp-571284, 8, O:6, 1.000, 0.000
2026-08-17 21:56:59,192 - WARNING - /opt/miniforge/envs/sandbox/lib/python3.12/site-packages/pymatgen/io/cif.py:1817: UserWarning: Issues encountered while parsing CIF: 8 fractional coordinates rounded to ideal values to avoid issues with finite precision.
  return parser.parse_structures(primitive=primitive)[0]

2026-08-17 21:56:59,395 - ERROR - No coordination environment symbols available for mp-571315 and index 11.
2026-08-17 21:56:59,401 - WARNING - /opt/miniforge/envs/sandbox/lib/python3.12/site-packages/pymatgen/io/cif.py:1817: UserWarning: Issues encountered while parsing CIF: 4 fractional coordinates rounded to ideal values to avoid issues with finite precision.
  return parser.parse_structures(primitive=primitive)[0]

2026-08-17 21:56:59,645 - ERROR - No coordination environment symbols available for mp-571165 and index 8.
2026-08-17 21:56:59,645 - ERROR - No coordination environment symbols available for mp-571165 and index 24.
2026-08-17 21:56:59,645 - INFO - mp-571165, 40, T:4, 1.000, 6.565
2026-08-17 21:56:59,658 - ERROR - No coordination environment symbols available for mp-571165 and index 48.
2026-08-17 21:56:59,658 - INFO - mp-571165, 56, S:4, 1.000, 2.810
2026-08-17 21:56:59,666 - ERROR - No coordination environment symbols available for mp-571165 and index 60.
2026-08-17 21:56:59,675 - ERROR - No coordination environment symbols available for mp-571245 and index 8.
2026-08-17 21:56:59,675 - ERROR - No coordination environment symbols available for mp-571245 and index 24.
2026-08-17 21:56:59,675 - INFO - mp-571245, 40, T:4, 1.000, 6.545
2026-08-17 21:56:59,688 - ERROR - No coordination environment symbols available for mp-571245 and index 48.
2026-08-17 21:56:59,689 - INFO - mp-571245, 56, S:4, 1.000, 2.829
2026-08-17 21:56:59,697 - ERROR - No coordination environment symbols available for mp-571245 and index 60.
2026-08-17 21:57:00,041 - INFO - mp-572159, 6, O:6, 1.000, 0.154
2026-08-17 21:57:01,182 - INFO - mp-579496, 0, O:6, 1.000, 2.288
2026-08-17 21:57:01,210 - INFO - mp-580234, 0, O:6, 1.000, 2.288
2026-08-17 21:57:01,473 - INFO - mp-579284, 4, O:6, 1.000, 0.185
2026-08-17 21:57:01,483 - INFO - mp-579284, 8, T:4, 1.000, 0.005
2026-08-17 21:57:01,698 - ERROR - No coordination environment symbols available for mp-573523 and index 16.
2026-08-17 21:57:01,698 - ERROR - No coordination environment symbols available for mp-573523 and index 20.
2026-08-17 21:57:01,850 - INFO - mp-579188, 8, O:6, 1.000, 0.647
2026-08-17 21:57:02,410 - INFO - mp-572292, 0, T:5, 0.991, 0.910
2026-08-17 21:57:02,416 - INFO - mp-572292, 4, T:5, 0.991, 0.910
2026-08-17 21:57:02,902 - INFO - mp-580439, 1, T:4, 1.000, 0.051
2026-08-17 21:57:02,931 - ERROR - No coordination environment symbols available for mp-580439 and index 5.
2026-08-17 21:57:03,068 - INFO - mp-574915, 2, O:6, 1.000, 0.220
2026-08-17 21:57:03,075 - INFO - mp-574915, 14, O:6, 1.000, 1.141
2026-08-17 21:57:03,081 - INFO - mp-574915, 18, T:4, 1.000, 0.024
2026-08-17 21:57:03,087 - INFO - mp-574915, 22, O:6, 1.000, 0.281
2026-08-17 21:57:03,099 - INFO - mp-574915, 24, T:5, 1.000, 0.561
2026-08-17 21:57:03,255 - INFO - mp-572788, 4, O:6, 1.000, 0.314
2026-08-17 21:57:03,262 - INFO - mp-572788, 20, T:4, 1.000, 0.043
2026-08-17 21:57:03,269 - INFO - mp-572788, 28, O:6, 1.000, 0.314
2026-08-17 21:57:03,276 - INFO - mp-572788, 36, O:6, 1.000, 0.261
2026-08-17 21:57:03,283 - INFO - mp-572788, 44, T:4, 1.000, 0.043
2026-08-17 21:57:03,291 - INFO - mp-572788, 48, O:6, 1.000, 0.336
2026-08-17 21:57:03,806 - ERROR - No coordination environment symbols available for mp-581734 and index 6.
2026-08-17 21:57:03,807 - ERROR - No coordination environment symbols available for mp-581734 and index 24.
2026-08-17 21:57:03,807 - ERROR - No coordination environment symbols available for mp-581734 and index 42.
2026-08-17 21:57:03,807 - ERROR - No coordination environment symbols available for mp-581734 and index 51.
2026-08-17 21:57:04,341 - INFO - mp-582357, 2, T:4, 1.000, 0.598
2026-08-17 21:57:04,464 - INFO - mp-582295, 2, O:6, 1.000, 1.074
2026-08-17 21:57:05,671 - INFO - mp-581641, 12, O:6, 1.000, 0.219
2026-08-17 21:57:05,866 - ERROR - No coordination environment symbols available for mp-582023 and index 84.
2026-08-17 21:57:06,156 - ERROR - No coordination environment symbols available for mp-582883 and index 84.
2026-08-17 21:57:06,469 - INFO - mp-582924, 24, T:4, 1.000, 0.015
2026-08-17 21:57:06,481 - ERROR - No coordination environment symbols available for mp-582924 and index 56.
2026-08-17 21:57:06,481 - ERROR - No coordination environment symbols available for mp-582924 and index 88.
2026-08-17 21:57:06,481 - ERROR - No coordination environment symbols available for mp-582924 and index 112.
2026-08-17 21:57:06,774 - ERROR - No coordination environment symbols available for mp-582984 and index 24.
2026-08-17 21:57:06,774 - ERROR - No coordination environment symbols available for mp-582984 and index 40.
2026-08-17 21:57:06,774 - ERROR - No coordination environment symbols available for mp-582984 and index 56.
2026-08-17 21:57:06,774 - ERROR - No coordination environment symbols available for mp-582984 and index 72.
2026-08-17 21:57:06,991 - INFO - mp-581532, 12, S:5, 0.617, 2.046
2026-08-17 21:57:07,000 - INFO - mp-581532, 20, T:5, 1.000, 0.160
2026-08-17 21:57:07,757 - INFO - mp-581085, 72, O:6, 1.000, 0.309
2026-08-17 21:57:07,768 - INFO - mp-581085, 104, O:6, 1.000, 0.309
2026-08-17 21:57:07,779 - INFO - mp-581085, 120, O:6, 1.000, 0.309
2026-08-17 21:57:08,182 - INFO - mp-581237, 24, O:6, 1.000, 1.196
2026-08-17 21:57:08,190 - INFO - mp-581237, 32, O:6, 1.000, 1.196
2026-08-17 21:57:08,351 - INFO - mp-600152, 0, O:6, 1.000, 1.226
2026-08-17 21:57:08,423 - INFO - mp-600576, 4, O:6, 1.000, 0.032
2026-08-17 21:57:08,643 - INFO - mp-601267, 4, S:4, 1.000, 0.076
2026-08-17 21:57:09,598 - ERROR - No coordination environment symbols available for mp-601820 and index 0.
2026-08-17 21:57:09,598 - ERROR - No coordination environment symbols available for mp-601820 and index 2.
2026-08-17 21:57:10,440 - ERROR - No coordination environment symbols available for mp-601833 and index 0.
2026-08-17 21:57:10,441 - ERROR - No coordination environment symbols available for mp-601833 and index 8.
2026-08-17 21:57:10,441 - ERROR - No coordination environment symbols available for mp-601833 and index 11.
2026-08-17 21:57:10,441 - ERROR - No coordination environment symbols available for mp-601833 and index 12.
2026-08-17 21:57:10,535 - INFO - mp-583509, 20, T:4, 1.000, 0.140
2026-08-17 21:57:10,542 - INFO - mp-601376, 0, O:6, 1.000, 0.300
2026-08-17 21:57:10,546 - INFO - mp-583509, 28, T:4, 1.000, 0.153
2026-08-17 21:57:10,553 - INFO - mp-583509, 36, T:4, 1.000, 0.343
2026-08-17 21:57:10,561 - INFO - mp-583509, 44, T:4, 1.000, 0.591
2026-08-17 21:57:10,569 - INFO - mp-583509, 52, T:4, 1.000, 0.048
2026-08-17 21:57:10,836 - INFO - mp-601716, 0, O:6, 1.000, 1.136
2026-08-17 21:57:11,081 - ERROR - No coordination environment symbols available for mp-601842 and index 0.
2026-08-17 21:57:11,081 - ERROR - No coordination environment symbols available for mp-601842 and index 8.
2026-08-17 21:57:11,746 - INFO - mp-600221, 0, O:6, 1.000, 1.156
2026-08-17 21:57:12,550 - INFO - mp-601882, 0, O:6, 1.000, 1.898
2026-08-17 21:57:12,707 - INFO - mp-601952, 8, O:6, 1.000, 0.000
2026-08-17 21:57:12,714 - ERROR - No coordination environment symbols available for mp-601848 and index 0.
2026-08-17 21:57:12,714 - ERROR - No coordination environment symbols available for mp-601848 and index 8.
2026-08-17 21:57:12,714 - ERROR - No coordination environment symbols available for mp-601848 and index 9.
2026-08-17 21:57:12,714 - ERROR - No coordination environment symbols available for mp-601848 and index 10.
2026-08-17 21:57:13,232 - INFO - mp-600165, 0, T:4, 1.000, 0.160
2026-08-17 21:57:13,255 - INFO - mp-603241, 2, S:4, 1.000, 0.021
2026-08-17 21:57:13,393 - INFO - mp-603934, 0, T:4, 1.000, 0.226
2026-08-17 21:57:13,523 - INFO - mp-603128, 12, O:6, 1.000, 0.107
2026-08-17 21:57:14,988 - INFO - mp-605437, 0, O:6, 1.000, 0.755
2026-08-17 21:57:15,348 - INFO - mp-601268, 0, O:6, 1.000, 1.228
2026-08-17 21:57:15,354 - INFO - mp-601268, 1, O:6, 1.000, 1.257
2026-08-17 21:57:15,533 - INFO - mp-604429, 3, O:6, 1.000, 0.105
2026-08-17 21:57:15,672 - INFO - mp-604694, 0, O:6, 1.000, 0.022
2026-08-17 21:57:16,333 - ERROR - No coordination environment symbols available for mp-604254 and index 88.
2026-08-17 21:57:16,860 - INFO - mp-603940, 0, T:4, 1.000, 0.033
2026-08-17 21:57:16,860 - INFO - mp-607310, 6, T:4, 0.929, 0.368
2026-08-17 21:57:17,548 - INFO - mp-607816, 4, T:5, 0.945, 3.915
2026-08-17 21:57:17,554 - INFO - mp-607816, 6, T:4, 0.736, 0.619
2026-08-17 21:57:17,948 - INFO - mp-608016, 4, O:6, 1.000, 0.374
2026-08-17 21:57:18,081 - INFO - mp-605856, 0, O:6, 1.000, 1.258
2026-08-17 21:57:18,804 - INFO - mp-605485, 0, T:4, 1.000, 0.059
2026-08-17 21:57:18,810 - INFO - mp-605485, 2, T:4, 1.000, 0.035
2026-08-17 21:57:18,816 - INFO - mp-605485, 4, T:4, 1.000, 0.111
2026-08-17 21:57:18,825 - INFO - mp-605485, 6, T:4, 1.000, 0.045
2026-08-17 21:57:19,059 - INFO - mp-607077, 36, T:5, 1.000, 7.471
2026-08-17 21:57:19,074 - ERROR - No coordination environment symbols available for mp-607077 and index 40.
2026-08-17 21:57:19,166 - ERROR - No coordination environment symbols available for mp-607917 and index 84.
2026-08-17 21:57:19,172 - WARNING - /opt/miniforge/envs/sandbox/lib/python3.12/site-packages/pymatgen/io/cif.py:1817: UserWarning: Issues encountered while parsing CIF: 2 fractional coordinates rounded to ideal values to avoid issues with finite precision.
  return parser.parse_structures(primitive=primitive)[0]

2026-08-17 21:57:19,470 - INFO - mp-608823, 6, O:6, 1.000, 0.159
2026-08-17 21:57:19,623 - INFO - mp-604071, 16, O:6, 1.000, 1.259
2026-08-17 21:57:19,858 - INFO - mp-611378, 2, O:6, 0.697, 4.133
2026-08-17 21:57:19,868 - WARNING - /opt/miniforge/envs/sandbox/lib/python3.12/site-packages/pymatgen/io/cif.py:1817: UserWarning: Issues encountered while parsing CIF: 2 fractional coordinates rounded to ideal values to avoid issues with finite precision.
  return parser.parse_structures(primitive=primitive)[0]

2026-08-17 21:57:19,905 - INFO - mp-611817, 0, O:6, 1.000, 0.826
2026-08-17 21:57:19,912 - INFO - mp-611817, 16, T:4, 1.000, 0.000
2026-08-17 21:57:19,918 - INFO - mp-611817, 20, O:6, 1.000, 0.826
2026-08-17 21:57:20,020 - INFO - mp-607953, 0, T:4, 0.971, 0.050
2026-08-17 21:57:20,027 - INFO - mp-613327, 0, S:4, 1.000, 0.000
2026-08-17 21:57:20,120 - INFO - mp-613523, 0, T:4, 0.846, 2.371
2026-08-17 21:57:20,126 - INFO - mp-613523, 8, O:6, 1.000, 4.569
2026-08-17 21:57:20,981 - INFO - mp-616476, 0, O:6, 1.000, 0.712
2026-08-17 21:57:20,987 - INFO - mp-616476, 6, O:6, 1.000, 0.061
2026-08-17 21:57:21,001 - WARNING - /opt/miniforge/envs/sandbox/lib/python3.12/site-packages/pymatgen/io/cif.py:1817: UserWarning: Issues encountered while parsing CIF: 8 fractional coordinates rounded to ideal values to avoid issues with finite precision.
  return parser.parse_structures(primitive=primitive)[0]

2026-08-17 21:57:21,033 - INFO - mp-615821, 9, T:6, 1.000, 0.051
2026-08-17 21:57:21,477 - ERROR - No coordination environment symbols available for mp-616481 and index 4.
2026-08-17 21:57:22,057 - INFO - mp-616023, 16, O:6, 1.000, 0.677
2026-08-17 21:57:22,067 - INFO - mp-616023, 24, O:6, 1.000, 0.677
2026-08-17 21:57:22,397 - INFO - mp-616561, 0, T:5, 1.000, 0.028
2026-08-17 21:57:22,448 - INFO - mp-616672, 4, O:6, 1.000, 0.238
2026-08-17 21:57:22,512 - INFO - mp-616515, 4, O:6, 1.000, 0.381
2026-08-17 21:57:22,980 - INFO - mp-617426, 4, O:6, 1.000, 0.386
2026-08-17 21:57:24,534 - INFO - mp-616215, 0, O:6, 0.990, 4.253
2026-08-17 21:57:24,549 - INFO - mp-616215, 2, O:6, 0.998, 4.318
2026-08-17 21:57:24,951 - INFO - mp-619475, 4, O:6, 1.000, 0.307
2026-08-17 21:57:25,026 - INFO - mp-621921, 12, O:6, 1.000, 0.016
2026-08-17 21:57:25,523 - INFO - mp-618964, 10, T:4, 1.000, 0.895
2026-08-17 21:57:25,530 - INFO - mp-618964, 14, T:4, 1.000, 0.576
2026-08-17 21:57:25,536 - INFO - mp-618964, 16, T:4, 1.000, 0.439
2026-08-17 21:57:26,172 - ERROR - No coordination environment symbols available for mp-622990 and index 4.
2026-08-17 21:57:26,198 - INFO - mp-622621, 2, T:4, 1.000, 0.408
2026-08-17 21:57:26,307 - INFO - mp-619092, 8, O:6, 1.000, 0.355
2026-08-17 21:57:26,314 - INFO - mp-619092, 12, O:6, 1.000, 0.746
2026-08-17 21:57:27,891 - INFO - mp-622613, 8, O:6, 1.000, 0.286
2026-08-17 21:57:27,917 - INFO - mp-622558, 4, O:6, 1.000, 2.970
2026-08-17 21:57:28,638 - ERROR - mp-623814, the turning point is beyond the atomic radius
2026-08-17 21:57:29,326 - INFO - mp-623098, 4, O:6, 1.000, 0.046
2026-08-17 21:57:29,332 - INFO - mp-623098, 5, O:6, 1.000, 0.057
2026-08-17 21:57:29,614 - ERROR - No coordination environment symbols available for mp-624492 and index 3.
2026-08-17 21:57:29,637 - INFO - mp-624243, 0, T:6, 1.000, 3.182
2026-08-17 21:57:29,646 - ERROR - No coordination environment symbols available for mp-624243 and index 32.
2026-08-17 21:57:29,942 - INFO - mp-622785, 0, T:4, 1.000, 0.660
2026-08-17 21:57:29,952 - INFO - mp-622785, 4, T:4, 1.000, 0.652
2026-08-17 21:57:29,967 - INFO - mp-622785, 8, T:4, 1.000, 0.628
2026-08-17 21:57:29,976 - INFO - mp-622785, 12, T:4, 1.000, 0.645
2026-08-17 21:57:31,133 - INFO - mp-628568, 0, T:4, 1.000, 0.218
2026-08-17 21:57:31,261 - INFO - mp-627591, 0, O:6, 1.000, 0.213
2026-08-17 21:57:31,268 - INFO - mp-627591, 4, O:6, 1.000, 0.148
2026-08-17 21:57:32,354 - INFO - mp-629397, 0, S:4, 1.000, 0.000
2026-08-17 21:57:32,497 - INFO - mp-624762, 0, T:6, 0.715, 4.333
2026-08-17 21:57:32,504 - INFO - mp-624762, 8, O:6, 1.000, 1.828
2026-08-17 21:57:33,639 - INFO - mp-624009, 0, S:5, 0.895, 1.450
2026-08-17 21:57:33,639 - WARNING - /Users/marius/Code/gitlab.esrf.fr/spectroscopy/xasml/src/xasml/datasets/fdmnes/io.py:29: RuntimeWarning: divide by zero encountered in divide
  a = np.pi * gamma_max * (f - 1 / f**2) / (3 * x_larg)

2026-08-17 21:57:33,646 - INFO - mp-624009, 2, S:5, 0.832, 1.522
2026-08-17 21:57:33,788 - INFO - mp-630372, 20, O:6, 1.000, 0.000
2026-08-17 21:57:33,845 - INFO - mp-624052, 0, S:5, 0.927, 1.111
2026-08-17 21:57:33,851 - INFO - mp-624052, 2, S:5, 0.871, 1.217
2026-08-17 21:57:34,527 - INFO - mp-616616, 60, O:6, 0.998, 1.400
2026-08-17 21:57:34,536 - INFO - mp-616616, 68, O:6, 0.999, 1.173
2026-08-17 21:57:34,560 - INFO - mp-616616, 76, O:6, 1.000, 0.767
2026-08-17 21:57:34,574 - INFO - mp-616616, 84, O:6, 1.000, 0.783
2026-08-17 21:57:34,585 - INFO - mp-629080, 0, O:6, 1.000, 0.227
2026-08-17 21:57:34,589 - INFO - mp-616616, 92, O:6, 1.000, 0.606
2026-08-17 21:57:34,592 - INFO - mp-629080, 4, O:6, 1.000, 0.249
2026-08-17 21:57:34,631 - WARNING - /opt/miniforge/envs/sandbox/lib/python3.12/site-packages/pymatgen/io/cif.py:1817: UserWarning: Issues encountered while parsing CIF: 4 fractional coordinates rounded to ideal values to avoid issues with finite precision.
  return parser.parse_structures(primitive=primitive)[0]

2026-08-17 21:57:34,893 - INFO - mp-630328, 12, T:4, 1.000, 0.252
2026-08-17 21:57:35,550 - INFO - mp-630641, 4, O:6, 0.860, 2.228
2026-08-17 21:57:35,550 - WARNING - /Users/marius/Code/gitlab.esrf.fr/spectroscopy/xasml/src/xasml/datasets/fdmnes/io.py:29: RuntimeWarning: divide by zero encountered in divide
  a = np.pi * gamma_max * (f - 1 / f**2) / (3 * x_larg)

2026-08-17 21:57:35,683 - INFO - mp-630511, 4, O:6, 0.980, 1.763
2026-08-17 21:57:36,253 - ERROR - No coordination environment symbols available for mp-636212 and index 4.
2026-08-17 21:57:36,355 - INFO - mp-634977, 3, O:6, 1.000, 0.254
2026-08-17 21:57:36,416 - INFO - mp-630866, 0, S:5, 0.991, 1.387
2026-08-17 21:57:36,423 - INFO - mp-630866, 2, O:6, 1.000, 0.030
2026-08-17 21:57:37,096 - ERROR - No coordination environment symbols available for mp-636320 and index 8.
2026-08-17 21:57:37,423 - INFO - mp-628588, 0, O:6, 1.000, 3.219
2026-08-17 21:57:37,431 - INFO - mp-628588, 8, O:6, 1.000, 3.219
2026-08-17 21:57:37,438 - INFO - mp-628588, 12, O:6, 1.000, 0.236
2026-08-17 21:57:37,451 - INFO - mp-628588, 14, O:6, 1.000, 3.190
2026-08-17 21:57:37,673 - ERROR - No coordination environment symbols available for mp-636359 and index 4.
2026-08-17 21:57:37,723 - ERROR - No coordination environment symbols available for mp-636368 and index 12.
2026-08-17 21:57:37,849 - ERROR - No coordination environment symbols available for mp-636599 and index 0.
2026-08-17 21:57:38,191 - INFO - mp-629560, 0, O:6, 0.625, 5.548
2026-08-17 21:57:38,201 - INFO - mp-629560, 2, T:5, 0.985, 2.880
2026-08-17 21:57:38,207 - INFO - mp-629560, 4, O:6, 0.505, 5.736
2026-08-17 21:57:38,582 - INFO - mp-631397, 0, T:4, 1.000, 0.645
2026-08-17 21:57:39,100 - INFO - mp-637965, 2, T:4, 1.000, 0.057
2026-08-17 21:57:39,497 - INFO - mp-636215, 0, O:6, 0.964, 5.166
2026-08-17 21:57:39,504 - INFO - mp-636215, 2, O:6, 0.981, 5.140
2026-08-17 21:57:40,096 - INFO - mp-638374, 2, S:5, 0.842, 0.742
2026-08-17 21:57:40,277 - INFO - mp-636946, 0, O:6, 1.000, 6.443
2026-08-17 21:57:40,283 - INFO - mp-636946, 8, O:6, 1.000, 7.592
2026-08-17 21:57:40,295 - INFO - mp-636946, 12, O:6, 1.000, 6.443
2026-08-17 21:57:40,296 - INFO - mp-639789, 0, T:6, 1.000, 7.293
2026-08-17 21:57:40,314 - ERROR - No coordination environment symbols available for mp-636946 and index 16.
2026-08-17 21:57:40,314 - INFO - mp-636946, 20, O:6, 1.000, 7.592
2026-08-17 21:57:40,805 - INFO - mp-636959, 4, O:6, 1.000, 0.242
2026-08-17 21:57:41,126 - INFO - mp-638598, 3, O:6, 1.000, 0.755
2026-08-17 21:57:41,279 - INFO - mp-640073, 0, T:4, 1.000, 0.012
2026-08-17 21:57:41,418 - ERROR - No coordination environment symbols available for mp-640075 and index 0.
2026-08-17 21:57:41,418 - ERROR - No coordination environment symbols available for mp-640075 and index 8.
2026-08-17 21:57:41,748 - INFO - mp-640080, 0, T:6, 1.000, 5.383
2026-08-17 21:57:41,754 - INFO - mp-640080, 8, T:6, 1.000, 5.383
2026-08-17 21:57:42,337 - INFO - mp-640147, 0, T:4, 1.000, 0.000
2026-08-17 21:57:42,451 - INFO - mp-636960, 0, T:5, 0.997, 1.836
2026-08-17 21:57:42,458 - INFO - mp-636960, 4, O:6, 1.000, 0.628
2026-08-17 21:57:42,471 - INFO - mp-636960, 8, O:6, 1.000, 2.688
2026-08-17 21:57:42,481 - INFO - mp-636960, 12, O:6, 1.000, 3.707
2026-08-17 21:57:42,528 - INFO - mp-640708, 0, T:6, 1.000, 5.033
2026-08-17 21:57:42,536 - INFO - mp-640708, 8, T:6, 1.000, 5.033
2026-08-17 21:57:42,648 - INFO - mp-638705, 0, T:4, 0.993, 0.038
2026-08-17 21:57:42,730 - INFO - mp-637295, 18, O:6, 1.000, 0.385
2026-08-17 21:57:43,165 - INFO - mp-640158, 24, T:4, 1.000, 0.128
2026-08-17 21:57:43,166 - WARNING - /Users/marius/Code/gitlab.esrf.fr/spectroscopy/xasml/src/xasml/datasets/fdmnes/io.py:29: RuntimeWarning: divide by zero encountered in divide
  a = np.pi * gamma_max * (f - 1 / f**2) / (3 * x_larg)

2026-08-17 21:57:43,173 - INFO - mp-640158, 56, T:4, 1.000, 0.128
2026-08-17 21:57:43,541 - INFO - mp-640345, 12, O:6, 1.000, 0.000
2026-08-17 21:57:44,379 - ERROR - No coordination environment symbols available for mp-641526 and index 0.
2026-08-17 21:57:44,379 - ERROR - No coordination environment symbols available for mp-641526 and index 8.
2026-08-17 21:57:44,379 - ERROR - No coordination environment symbols available for mp-641526 and index 10.
2026-08-17 21:57:44,379 - ERROR - No coordination environment symbols available for mp-641526 and index 12.
2026-08-17 21:57:44,660 - INFO - mp-641957, 3, T:4, 1.000, 3.834
2026-08-17 21:57:44,669 - ERROR - No coordination environment symbols available for mp-641957 and index 21.
2026-08-17 21:57:44,776 - INFO - mp-641587, 0, S:4, 1.000, 1.599
2026-08-17 21:57:44,785 - INFO - mp-641587, 48, S:4, 1.000, 1.599
2026-08-17 21:57:44,793 - INFO - mp-641587, 80, T:4, 1.000, 0.798
2026-08-17 21:57:44,806 - WARNING - /opt/miniforge/envs/sandbox/lib/python3.12/site-packages/pymatgen/io/cif.py:1817: UserWarning: Issues encountered while parsing CIF: 4 fractional coordinates rounded to ideal values to avoid issues with finite precision.
  return parser.parse_structures(primitive=primitive)[0]

2026-08-17 21:57:44,966 - INFO - mp-641595, 0, S:4, 1.000, 1.573
2026-08-17 21:57:44,976 - INFO - mp-641595, 48, S:4, 1.000, 1.573
2026-08-17 21:57:44,987 - INFO - mp-641595, 80, T:4, 1.000, 0.827
2026-08-17 21:57:45,001 - WARNING - /opt/miniforge/envs/sandbox/lib/python3.12/site-packages/pymatgen/io/cif.py:1817: UserWarning: Issues encountered while parsing CIF: 2 fractional coordinates rounded to ideal values to avoid issues with finite precision.
  return parser.parse_structures(primitive=primitive)[0]

2026-08-17 21:57:45,103 - INFO - mp-640765, 0, O:6, 1.000, 0.193
2026-08-17 21:57:45,104 - WARNING - /Users/marius/Code/gitlab.esrf.fr/spectroscopy/xasml/src/xasml/datasets/fdmnes/io.py:29: RuntimeWarning: divide by zero encountered in divide
  a = np.pi * gamma_max * (f - 1 / f**2) / (3 * x_larg)

2026-08-17 21:57:45,888 - INFO - mp-642273, 24, T:4, 1.000, 0.008
2026-08-17 21:57:45,896 - INFO - mp-642273, 56, T:4, 1.000, 0.008
2026-08-17 21:57:45,915 - WARNING - /opt/miniforge/envs/sandbox/lib/python3.12/site-packages/pymatgen/io/cif.py:1817: UserWarning: Issues encountered while parsing CIF: 4 fractional coordinates rounded to ideal values to avoid issues with finite precision.
  return parser.parse_structures(primitive=primitive)[0]

2026-08-17 21:57:45,962 - INFO - mp-642279, 24, T:4, 1.000, 0.012
2026-08-17 21:57:45,970 - INFO - mp-642279, 56, T:4, 1.000, 0.012
2026-08-17 21:57:46,286 - INFO - mp-642477, 32, O:6, 1.000, 0.000
2026-08-17 21:57:46,531 - INFO - mp-643004, 3, O:6, 1.000, 0.083
2026-08-17 21:57:46,865 - INFO - mp-643081, 0, O:6, 1.000, 0.110
2026-08-17 21:57:46,981 - INFO - mp-641117, 18, O:6, 1.000, 0.021
2026-08-17 21:57:47,224 - ERROR - No coordination environment symbols available for mp-643092 and index 14.
2026-08-17 21:57:47,224 - ERROR - No coordination environment symbols available for mp-643092 and index 22.
2026-08-17 21:57:47,537 - INFO - mp-641497, 4, O:6, 1.000, 2.954
2026-08-17 21:57:47,754 - INFO - mp-643264, 3, O:6, 1.000, 0.100
2026-08-17 21:57:48,246 - INFO - mp-643907, 8, S:4, 1.000, 0.789
2026-08-17 21:57:49,148 - INFO - mp-644264, 8, O:6, 1.000, 0.000
2026-08-17 21:57:49,658 - INFO - mp-644758, 0, T:6, 1.000, 3.230
2026-08-17 21:57:50,164 - INFO - mp-645159, 0, O:6, 1.000, 0.017
2026-08-17 21:57:50,347 - INFO - mp-644763, 64, T:4, 1.000, 1.591
2026-08-17 21:57:50,372 - WARNING - /opt/miniforge/envs/sandbox/lib/python3.12/site-packages/pymatgen/io/cif.py:1817: UserWarning: Issues encountered while parsing CIF: 6 fractional coordinates rounded to ideal values to avoid issues with finite precision.
  return parser.parse_structures(primitive=primitive)[0]

2026-08-17 21:57:50,732 - INFO - mp-644324, 8, T:4, 1.000, 0.016
2026-08-17 21:57:50,910 - INFO - mp-644277, 0, O:6, 1.000, 0.059
2026-08-17 21:57:51,288 - ERROR - No coordination environment symbols available for mp-645166 and index 14.
2026-08-17 21:57:51,288 - ERROR - No coordination environment symbols available for mp-645166 and index 22.
2026-08-17 21:57:52,620 - INFO - mp-643564, 0, O:6, 1.000, 0.191
2026-08-17 21:57:52,632 - INFO - mp-643564, 4, O:6, 1.000, 0.191
2026-08-17 21:57:52,991 - INFO - mp-645796, 4, O:6, 1.000, 0.057
2026-08-17 21:57:53,634 - ERROR - No coordination environment symbols available for mp-647363 and index 84.
2026-08-17 21:57:53,862 - ERROR - No coordination environment symbols available for mp-647805 and index 84.
2026-08-17 21:57:54,850 - INFO - mp-648069, 12, O:6, 1.000, 0.305
2026-08-17 21:57:55,117 - INFO - mp-645953, 0, O:6, 1.000, 0.279
2026-08-17 21:57:55,129 - INFO - mp-645953, 2, O:6, 1.000, 1.163
2026-08-17 21:57:55,135 - INFO - mp-645953, 4, O:6, 1.000, 0.474
2026-08-17 21:57:55,290 - INFO - mp-647350, 12, O:6, 1.000, 0.074
2026-08-17 21:57:56,376 - INFO - mp-648745, 8, O:6, 1.000, 0.788
2026-08-17 21:57:56,833 - INFO - mp-649213, 12, O:6, 1.000, 0.000
2026-08-17 21:57:57,057 - ERROR - No coordination environment symbols available for mp-643523 and index 12.
2026-08-17 21:57:57,057 - ERROR - No coordination environment symbols available for mp-643523 and index 13.
2026-08-17 21:57:57,057 - INFO - mp-643523, 14, T:5, 1.000, 7.971
2026-08-17 21:57:57,063 - ERROR - No coordination environment symbols available for mp-643523 and index 15.
2026-08-17 21:57:57,063 - ERROR - No coordination environment symbols available for mp-643523 and index 16.
2026-08-17 21:57:57,063 - ERROR - No coordination environment symbols available for mp-643523 and index 17.
2026-08-17 21:57:57,063 - ERROR - No coordination environment symbols available for mp-643523 and index 18.
2026-08-17 21:57:57,063 - ERROR - No coordination environment symbols available for mp-643523 and index 19.
2026-08-17 21:57:57,063 - INFO - mp-643523, 20, T:5, 1.000, 7.923
2026-08-17 21:57:57,070 - ERROR - No coordination environment symbols available for mp-643523 and index 21.
2026-08-17 21:57:57,070 - ERROR - No coordination environment symbols available for mp-643523 and index 22.
2026-08-17 21:57:57,070 - ERROR - No coordination environment symbols available for mp-643523 and index 23.
2026-08-17 21:57:57,070 - ERROR - No coordination environment symbols available for mp-643523 and index 24.
2026-08-17 21:57:57,070 - ERROR - No coordination environment symbols available for mp-643523 and index 25.
2026-08-17 21:57:57,070 - ERROR - No coordination environment symbols available for mp-643523 and index 26.
2026-08-17 21:57:57,070 - ERROR - No coordination environment symbols available for mp-643523 and index 27.
2026-08-17 21:57:57,070 - ERROR - No coordination environment symbols available for mp-643523 and index 28.
2026-08-17 21:57:57,070 - ERROR - No coordination environment symbols available for mp-643523 and index 29.
2026-08-17 21:57:57,070 - ERROR - No coordination environment symbols available for mp-643523 and index 30.
2026-08-17 21:57:57,070 - ERROR - No coordination environment symbols available for mp-643523 and index 31.
2026-08-17 21:57:57,070 - ERROR - No coordination environment symbols available for mp-643523 and index 32.
2026-08-17 21:57:57,070 - ERROR - No coordination environment symbols available for mp-643523 and index 33.
2026-08-17 21:57:57,070 - ERROR - No coordination environment symbols available for mp-643523 and index 34.
2026-08-17 21:57:57,070 - ERROR - No coordination environment symbols available for mp-643523 and index 35.
2026-08-17 21:57:57,070 - INFO - mp-643523, 36, T:5, 1.000, 7.978
2026-08-17 21:57:57,076 - ERROR - No coordination environment symbols available for mp-643523 and index 37.
2026-08-17 21:57:57,194 - INFO - mp-649039, 4, O:6, 1.000, 0.668
2026-08-17 21:57:57,703 - INFO - mp-647840, 0, O:6, 0.457, 4.797
2026-08-17 21:57:57,710 - INFO - mp-647840, 4, O:6, 0.381, 5.277
2026-08-17 21:57:58,176 - INFO - mp-649086, 8, O:6, 1.000, 0.775
2026-08-17 21:57:58,192 - INFO - mp-649086, 12, O:6, 1.000, 0.805
2026-08-17 21:57:58,202 - INFO - mp-648167, 0, T:4, 0.945, 0.080
2026-08-17 21:57:58,212 - INFO - mp-648167, 2, O:6, 1.000, 0.020
2026-08-17 21:57:59,336 - INFO - mp-649334, 0, T:4, 1.000, 0.031
2026-08-17 21:57:59,992 - INFO - mp-649683, 0, O:6, 1.000, 0.335
2026-08-17 21:57:59,999 - INFO - mp-649683, 4, O:6, 1.000, 0.335
2026-08-17 21:58:00,782 - INFO - mp-648633, 0, S:5, 0.914, 2.053
2026-08-17 21:58:00,790 - INFO - mp-648633, 4, S:5, 0.942, 2.015
2026-08-17 21:58:00,797 - INFO - mp-648633, 8, S:5, 0.495, 3.213
2026-08-17 21:58:02,040 - INFO - mp-650112, 0, T:4, 0.976, 0.067
2026-08-17 21:58:02,058 - INFO - mp-650112, 4, O:6, 1.000, 0.228
2026-08-17 21:58:02,072 - INFO - mp-650112, 8, O:6, 1.000, 0.144
2026-08-17 21:58:02,079 - INFO - mp-650112, 12, O:6, 1.000, 0.228
2026-08-17 21:58:02,085 - INFO - mp-650112, 16, T:4, 0.979, 0.124
2026-08-17 21:58:02,094 - INFO - mp-650112, 20, O:6, 1.000, 0.172
2026-08-17 21:58:03,396 - INFO - mp-650029, 0, O:6, 0.575, 6.132
2026-08-17 21:58:03,421 - INFO - mp-650029, 8, O:6, 0.575, 6.132
2026-08-17 21:58:03,959 - INFO - mp-650518, 20, O:6, 1.000, 0.226
2026-08-17 21:58:03,971 - INFO - mp-650518, 28, T:4, 1.000, 0.214
2026-08-17 21:58:03,980 - INFO - mp-650518, 36, O:6, 1.000, 0.233
2026-08-17 21:58:05,677 - INFO - mp-650224, 0, O:6, 1.000, 1.001
2026-08-17 21:58:05,685 - INFO - mp-650224, 8, O:6, 1.000, 3.235
2026-08-17 21:58:05,693 - INFO - mp-650224, 16, O:6, 1.000, 1.001
2026-08-17 21:58:05,701 - INFO - mp-650224, 20, O:6, 0.943, 3.870
2026-08-17 21:58:05,708 - INFO - mp-650224, 24, O:6, 1.000, 2.989
2026-08-17 21:58:05,812 - INFO - mp-650954, 8, O:6, 0.839, 3.987
2026-08-17 21:58:05,820 - INFO - mp-650954, 24, O:6, 1.000, 2.094
2026-08-17 21:58:05,829 - INFO - mp-650954, 40, O:6, 1.000, 1.080
2026-08-17 21:58:06,026 - INFO - mp-651268, 0, T:4, 1.000, 0.000
2026-08-17 21:58:06,036 - INFO - mp-651268, 1, T:4, 1.000, 0.031
2026-08-17 21:58:07,050 - INFO - mp-650055, 0, T:4, 1.000, 0.462
2026-08-17 21:58:07,058 - INFO - mp-650055, 2, O:6, 1.000, 1.058
2026-08-17 21:58:07,064 - INFO - mp-650055, 4, O:6, 1.000, 0.777
2026-08-17 21:58:07,076 - INFO - mp-650055, 6, O:6, 1.000, 0.795
2026-08-17 21:58:07,083 - INFO - mp-650055, 8, O:6, 1.000, 1.361
2026-08-17 21:58:07,089 - INFO - mp-650055, 10, O:6, 1.000, 0.463
2026-08-17 21:58:07,099 - INFO - mp-650055, 12, O:6, 1.000, 0.319
2026-08-17 21:58:07,116 - INFO - mp-650055, 14, O:6, 1.000, 0.363
2026-08-17 21:58:08,203 - INFO - mp-649805, 0, O:6, 0.645, 5.292
2026-08-17 21:58:08,211 - INFO - mp-649805, 4, O:6, 0.688, 4.872
2026-08-17 21:58:08,224 - INFO - mp-649805, 8, O:6, 0.801, 4.722
2026-08-17 21:58:08,232 - INFO - mp-649805, 12, O:6, 0.536, 5.483
2026-08-17 21:58:09,127 - INFO - mp-652036, 4, T:4, 1.000, 0.083
2026-08-17 21:58:09,134 - INFO - mp-652036, 8, S:5, 0.994, 1.453
2026-08-17 21:58:09,140 - INFO - mp-652036, 12, T:4, 0.743, 0.407
2026-08-17 21:58:09,146 - ERROR - No coordination environment symbols available for mp-652036 and index 16.
2026-08-17 21:58:09,146 - INFO - mp-652036, 20, T:6, 1.000, 7.481
2026-08-17 21:58:09,683 - INFO - mp-651997, 0, O:6, 1.000, 0.827
2026-08-17 21:58:09,690 - INFO - mp-651997, 4, O:6, 1.000, 0.378
2026-08-17 21:58:09,696 - INFO - mp-651997, 8, O:6, 1.000, 1.245
2026-08-17 21:58:09,968 - INFO - mp-650968, 20, T:5, 1.000, 5.612
2026-08-17 21:58:09,977 - INFO - mp-650968, 28, T:5, 1.000, 5.382
2026-08-17 21:58:09,989 - INFO - mp-650968, 36, T:5, 0.994, 5.427
2026-08-17 21:58:09,997 - INFO - mp-650968, 44, T:5, 1.000, 5.129
2026-08-17 21:58:10,006 - INFO - mp-650968, 52, T:5, 1.000, 5.095
2026-08-17 21:58:10,015 - INFO - mp-650968, 60, T:5, 0.994, 5.323
2026-08-17 21:58:10,024 - INFO - mp-650968, 68, T:5, 1.000, 5.121
2026-08-17 21:58:10,033 - INFO - mp-650968, 76, T:5, 0.998, 5.626
2026-08-17 21:58:10,041 - INFO - mp-650968, 84, T:5, 1.000, 5.522
2026-08-17 21:58:10,406 - INFO - mp-651724, 0, T:6, 0.880, 4.166
2026-08-17 21:58:10,422 - WARNING - /opt/miniforge/envs/sandbox/lib/python3.12/site-packages/pymatgen/io/cif.py:1817: UserWarning: Issues encountered while parsing CIF: 4 fractional coordinates rounded to ideal values to avoid issues with finite precision.
  return parser.parse_structures(primitive=primitive)[0]

2026-08-17 21:58:12,303 - ERROR - No coordination environment symbols available for mp-652101 and index 20.
2026-08-17 21:58:12,885 - ERROR - No coordination environment symbols available for mp-652399 and index 3.
2026-08-17 21:58:12,885 - ERROR - No coordination environment symbols available for mp-652399 and index 15.
2026-08-17 21:58:12,920 - INFO - mp-650392, 0, O:6, 1.000, 0.730
2026-08-17 21:58:12,928 - INFO - mp-650392, 2, O:6, 1.000, 1.234
2026-08-17 21:58:12,935 - INFO - mp-650392, 4, O:6, 1.000, 0.712
2026-08-17 21:58:12,947 - INFO - mp-650392, 6, O:6, 1.000, 2.163
2026-08-17 21:58:12,954 - INFO - mp-650392, 8, O:6, 1.000, 0.892
2026-08-17 21:58:12,963 - INFO - mp-650392, 10, O:6, 1.000, 2.034
2026-08-17 21:58:12,970 - INFO - mp-650392, 12, O:6, 1.000, 4.168
2026-08-17 21:58:12,977 - INFO - mp-650392, 14, S:5, 0.998, 5.319
2026-08-17 21:58:12,989 - INFO - mp-650392, 16, O:6, 1.000, 3.276
2026-08-17 21:58:13,533 - INFO - mp-651106, 0, O:6, 0.778, 4.566
2026-08-17 21:58:14,956 - ERROR - No coordination environment symbols available for mp-652425 and index 6.
2026-08-17 21:58:14,956 - ERROR - No coordination environment symbols available for mp-652425 and index 24.
2026-08-17 21:58:16,485 - INFO - mp-652326, 0, S:5, 0.743, 0.855
2026-08-17 21:58:16,492 - INFO - mp-652326, 2, T:5, 0.972, 2.623
2026-08-17 21:58:16,501 - INFO - mp-652326, 4, S:5, 0.606, 0.881
2026-08-17 21:58:16,791 - INFO - mp-652337, 0, O:6, 0.948, 5.605
2026-08-17 21:58:16,797 - INFO - mp-652337, 2, T:5, 0.974, 3.534
2026-08-17 21:58:16,803 - INFO - mp-652337, 4, O:6, 0.918, 5.204
2026-08-17 21:58:16,807 - INFO - mp-652318, 4, O:6, 1.000, 3.498
2026-08-17 21:58:16,817 - INFO - mp-652318, 8, O:6, 1.000, 3.286
2026-08-17 21:58:17,176 - INFO - mp-652683, 8, T:4, 1.000, 0.284
2026-08-17 21:58:17,183 - INFO - mp-652683, 16, T:4, 0.963, 0.132
2026-08-17 21:58:17,189 - INFO - mp-652683, 24, O:6, 1.000, 0.380
2026-08-17 21:58:17,196 - INFO - mp-652683, 28, O:6, 1.000, 0.156
2026-08-17 21:58:17,203 - INFO - mp-652683, 30, O:6, 1.000, 0.404
2026-08-17 21:58:17,848 - INFO - mp-653429, 56, O:6, 1.000, 0.000
2026-08-17 21:58:17,902 - INFO - mp-652092, 0, O:6, 0.970, 5.003
2026-08-17 21:58:17,924 - INFO - mp-652092, 4, O:6, 0.881, 5.249
2026-08-17 21:58:17,931 - INFO - mp-652092, 8, O:6, 0.933, 4.851
2026-08-17 21:58:17,938 - INFO - mp-652092, 12, O:6, 1.000, 5.062
2026-08-17 21:58:20,402 - ERROR - No coordination environment symbols available for mp-653838 and index 8.
2026-08-17 21:58:20,403 - ERROR - No coordination environment symbols available for mp-653838 and index 32.
2026-08-17 21:58:20,403 - ERROR - No coordination environment symbols available for mp-653838 and index 56.
2026-08-17 21:58:20,403 - ERROR - No coordination environment symbols available for mp-653838 and index 80.
2026-08-17 21:58:20,403 - ERROR - No coordination environment symbols available for mp-653838 and index 92.
2026-08-17 21:58:20,529 - INFO - mp-654225, 4, O:6, 1.000, 0.148
2026-08-17 21:58:22,339 - INFO - mp-654202, 8, O:6, 1.000, 0.104
2026-08-17 21:58:23,599 - INFO - mp-654759, 0, T:4, 1.000, 3.042
2026-08-17 21:58:25,190 - INFO - mp-654299, 0, S:5, 0.361, 3.971
2026-08-17 21:58:25,197 - INFO - mp-654299, 2, S:5, 0.885, 1.188
2026-08-17 21:58:25,203 - INFO - mp-654299, 4, S:5, 0.632, 1.000
2026-08-17 21:58:25,280 - INFO - mp-654305, 8, O:6, 1.000, 0.434
2026-08-17 21:58:26,447 - INFO - mp-655631, 0, T:4, 1.000, 4.058
2026-08-17 21:58:27,258 - INFO - mp-655085, 0, O:6, 1.000, 0.992
2026-08-17 21:58:27,352 - INFO - mp-653596, 0, O:6, 0.755, 5.070
2026-08-17 21:58:27,360 - INFO - mp-653596, 4, O:6, 0.797, 4.865
2026-08-17 21:58:27,382 - INFO - mp-653596, 8, O:6, 0.858, 4.773
2026-08-17 21:58:27,391 - INFO - mp-653596, 12, O:6, 0.692, 5.173
2026-08-17 21:58:28,243 - INFO - mp-656144, 2, S:5, 0.910, 0.650
2026-08-17 21:58:28,514 - INFO - mp-652793, 0, O:6, 1.000, 1.326
2026-08-17 21:58:28,524 - INFO - mp-652793, 8, O:6, 1.000, 1.326
2026-08-17 21:58:28,796 - INFO - mp-655003, 0, S:5, 0.988, 2.629
2026-08-17 21:58:28,943 - INFO - mp-662563, 4, T:4, 1.000, 0.517
2026-08-17 21:58:29,048 - INFO - mp-662529, 4, T:5, 1.000, 7.744
2026-08-17 21:58:29,055 - ERROR - No coordination environment symbols available for mp-662529 and index 20.
2026-08-17 21:58:29,055 - INFO - mp-662529, 36, T:6, 1.000, 6.959
2026-08-17 21:58:29,108 - INFO - mp-653267, 0, O:6, 0.981, 5.276
2026-08-17 21:58:29,115 - INFO - mp-653267, 2, O:6, 1.000, 2.220
2026-08-17 21:58:29,121 - INFO - mp-653267, 4, O:6, 0.967, 4.754
2026-08-17 21:58:29,128 - INFO - mp-653267, 6, O:6, 1.000, 2.049
2026-08-17 21:58:29,135 - INFO - mp-653267, 8, O:6, 0.976, 4.902
2026-08-17 21:58:29,142 - INFO - mp-653267, 10, O:6, 0.990, 4.931
2026-08-17 21:58:29,667 - INFO - mp-669307, 0, T:4, 1.000, 0.929
2026-08-17 21:58:30,315 - INFO - mp-654312, 28, T:4, 0.997, 1.201
2026-08-17 21:58:30,322 - INFO - mp-654312, 32, O:6, 1.000, 0.575
2026-08-17 21:58:30,334 - INFO - mp-654312, 36, T:4, 1.000, 1.662
2026-08-17 21:58:30,344 - INFO - mp-654312, 40, O:6, 1.000, 1.401
2026-08-17 21:58:30,350 - INFO - mp-667308, 12, T:4, 1.000, 0.235
2026-08-17 21:58:30,352 - INFO - mp-654312, 44, T:4, 0.964, 0.620
2026-08-17 21:58:30,359 - INFO - mp-654312, 48, O:6, 0.998, 1.014
2026-08-17 21:58:30,371 - INFO - mp-654312, 52, S:5, 0.998, 1.098
2026-08-17 21:58:30,494 - INFO - mp-669355, 0, T:6, 1.000, 3.224
2026-08-17 21:58:30,496 - ERROR - No coordination environment symbols available for mp-672259 and index 4.
2026-08-17 21:58:30,781 - ERROR - No coordination environment symbols available for mp-672257 and index 10.
2026-08-17 21:58:30,992 - INFO - mp-669393, 8, O:6, 1.000, 4.855
2026-08-17 21:58:30,998 - INFO - mp-669393, 16, T:4, 1.000, 0.876
2026-08-17 21:58:31,019 - WARNING - /opt/miniforge/envs/sandbox/lib/python3.12/site-packages/pymatgen/io/cif.py:1817: UserWarning: Issues encountered while parsing CIF: 4 fractional coordinates rounded to ideal values to avoid issues with finite precision.
  return parser.parse_structures(primitive=primitive)[0]

2026-08-17 21:58:31,442 - ERROR - No coordination environment symbols available for mp-672661 and index 4.
2026-08-17 21:58:31,442 - ERROR - No coordination environment symbols available for mp-672661 and index 12.
2026-08-17 21:58:32,013 - INFO - mp-672953, 2, T:4, 1.000, 0.784
2026-08-17 21:58:32,425 - INFO - mp-672708, 0, T:4, 1.000, 0.006
2026-08-17 21:58:32,479 - INFO - mp-653817, 0, O:6, 0.791, 4.860
2026-08-17 21:58:32,479 - WARNING - /Users/marius/Code/gitlab.esrf.fr/spectroscopy/xasml/src/xasml/datasets/fdmnes/io.py:29: RuntimeWarning: divide by zero encountered in divide
  a = np.pi * gamma_max * (f - 1 / f**2) / (3 * x_larg)

2026-08-17 21:58:32,486 - INFO - mp-653817, 2, O:6, 0.906, 4.882
2026-08-17 21:58:32,506 - INFO - mp-653817, 4, S:5, 0.563, 2.111
2026-08-17 21:58:32,518 - INFO - mp-653817, 6, O:6, 1.000, 2.253
2026-08-17 21:58:32,525 - INFO - mp-653817, 8, S:5, 0.797, 2.337
2026-08-17 21:58:32,539 - INFO - mp-653817, 10, O:6, 1.000, 2.455
2026-08-17 21:58:32,694 - INFO - mp-672709, 0, T:4, 1.000, 0.035
2026-08-17 21:58:32,774 - INFO - mp-675895, 6, O:6, 1.000, 0.250
2026-08-17 21:58:32,780 - INFO - mp-675895, 8, T:4, 0.890, 0.010
2026-08-17 21:58:33,901 - INFO - mp-680269, 8, O:6, 1.000, 4.754
2026-08-17 21:58:33,908 - INFO - mp-680269, 16, T:4, 1.000, 0.971
2026-08-17 21:58:34,728 - INFO - mp-672715, 28, T:4, 1.000, 0.189
2026-08-17 21:58:34,736 - INFO - mp-672715, 36, T:4, 1.000, 0.125
2026-08-17 21:58:34,743 - INFO - mp-672715, 44, T:4, 1.000, 0.195
2026-08-17 21:58:35,765 - INFO - mp-680728, 12, T:4, 1.000, 0.251
2026-08-17 21:58:35,774 - INFO - mp-680728, 44, T:4, 1.000, 0.251
2026-08-17 21:58:35,838 - WARNING - /opt/miniforge/envs/sandbox/lib/python3.12/site-packages/pymatgen/io/cif.py:1817: UserWarning: Issues encountered while parsing CIF: 2 fractional coordinates rounded to ideal values to avoid issues with finite precision.
  return parser.parse_structures(primitive=primitive)[0]

2026-08-17 21:58:36,598 - ERROR - No coordination environment symbols available for mp-672392 and index 10.
2026-08-17 21:58:36,598 - ERROR - No coordination environment symbols available for mp-672392 and index 26.
2026-08-17 21:58:36,598 - ERROR - No coordination environment symbols available for mp-672392 and index 42.
2026-08-17 21:58:36,598 - ERROR - No coordination environment symbols available for mp-672392 and index 50.
2026-08-17 21:58:36,598 - ERROR - No coordination environment symbols available for mp-672392 and index 58.
2026-08-17 21:58:36,598 - ERROR - No coordination environment symbols available for mp-672392 and index 66.
2026-08-17 21:58:37,308 - INFO - mp-686764, 10, O:6, 1.000, 0.197
2026-08-17 21:58:37,316 - INFO - mp-680207, 16, T:5, 1.000, 5.304
2026-08-17 21:58:37,324 - INFO - mp-680207, 24, T:5, 0.997, 5.499
2026-08-17 21:58:37,331 - INFO - mp-680207, 32, T:5, 1.000, 5.046
2026-08-17 21:58:37,339 - INFO - mp-680207, 40, T:5, 0.994, 5.139
2026-08-17 21:58:37,346 - INFO - mp-680207, 48, T:5, 0.983, 5.421
2026-08-17 21:58:37,360 - INFO - mp-680207, 56, T:5, 1.000, 5.101
2026-08-17 21:58:37,369 - INFO - mp-680207, 64, T:5, 1.000, 5.526
2026-08-17 21:58:38,631 - ERROR - No coordination environment symbols available for mp-684003 and index 18.
2026-08-17 21:58:39,248 - INFO - mp-687255, 12, O:6, 1.000, 0.089
2026-08-17 21:58:40,468 - INFO - mp-690844, 0, O:6, 1.000, 0.022
2026-08-17 21:58:42,141 - INFO - mp-694075, 0, T:4, 1.000, 2.439
2026-08-17 21:58:42,148 - INFO - mp-694075, 4, T:4, 1.000, 2.439
2026-08-17 21:58:42,781 - INFO - mp-683831, 0, O:6, 0.648, 5.355
2026-08-17 21:58:42,793 - INFO - mp-683831, 4, S:5, 0.918, 1.010
2026-08-17 21:58:42,804 - INFO - mp-683831, 8, S:5, 0.898, 1.334
2026-08-17 21:58:43,571 - INFO - mp-680291, 60, T:4, 1.000, 0.162
2026-08-17 21:58:43,580 - INFO - mp-680291, 64, T:4, 1.000, 0.221
2026-08-17 21:58:43,590 - INFO - mp-680291, 68, T:4, 1.000, 0.117
2026-08-17 21:58:43,602 - INFO - mp-680291, 72, T:4, 1.000, 0.108
2026-08-17 21:58:43,612 - INFO - mp-680291, 76, T:4, 1.000, 0.284
2026-08-17 21:58:43,620 - INFO - mp-680291, 80, T:4, 1.000, 0.119
2026-08-17 21:58:43,635 - INFO - mp-680291, 84, T:4, 1.000, 0.312
2026-08-17 21:58:43,664 - INFO - mp-683793, 0, S:5, 0.850, 1.612
2026-08-17 21:58:43,672 - INFO - mp-683793, 4, S:5, 0.873, 1.646
2026-08-17 21:58:43,679 - INFO - mp-683793, 8, O:6, 0.720, 3.324
2026-08-17 21:58:43,686 - INFO - mp-683793, 12, S:5, 0.906, 1.399
2026-08-17 21:58:44,415 - INFO - mp-690706, 0, O:6, 1.000, 0.044
2026-08-17 21:58:45,379 - INFO - mp-696335, 8, O:6, 1.000, 0.051
2026-08-17 21:58:45,458 - INFO - mp-696580, 0, O:6, 1.000, 1.114
2026-08-17 21:58:46,231 - INFO - mp-696031, 4, O:6, 1.000, 0.142
2026-08-17 21:58:47,564 - INFO - mp-696483, 0, O:6, 1.000, 0.116
2026-08-17 21:58:47,699 - INFO - mp-695983, 4, O:6, 1.000, 0.583
2026-08-17 21:58:47,706 - INFO - mp-695983, 6, O:6, 1.000, 0.377
2026-08-17 21:58:48,063 - INFO - mp-683792, 0, O:6, 0.844, 2.022
2026-08-17 21:58:48,072 - INFO - mp-683792, 2, O:6, 0.854, 2.009
2026-08-17 21:58:48,084 - INFO - mp-683792, 4, O:6, 0.859, 1.999
2026-08-17 21:58:48,091 - INFO - mp-683792, 6, O:6, 0.832, 1.965
2026-08-17 21:58:48,449 - INFO - mp-696951, 0, O:6, 1.000, 0.028
2026-08-17 21:58:48,455 - INFO - mp-696951, 4, O:6, 1.000, 0.028
2026-08-17 21:58:49,051 - INFO - mp-696839, 0, S:4, 0.871, 0.515
2026-08-17 21:58:50,349 - INFO - mp-696825, 8, O:6, 1.000, 1.251
2026-08-17 21:58:50,359 - INFO - mp-696936, 0, O:6, 1.000, 0.230
2026-08-17 21:58:50,366 - INFO - mp-696936, 4, O:6, 1.000, 0.224
2026-08-17 21:58:53,443 - INFO - mp-697221, 4, O:6, 1.000, 0.069
2026-08-17 21:58:53,489 - INFO - mp-699888, 12, O:6, 1.000, 0.466
2026-08-17 21:58:55,236 - INFO - mp-699478, 0, O:6, 1.000, 0.058
2026-08-17 21:58:55,862 - INFO - mp-698096, 10, O:6, 1.000, 0.289
2026-08-17 21:58:55,871 - INFO - mp-698096, 11, O:6, 1.000, 0.312
2026-08-17 21:58:56,253 - INFO - mp-703253, 6, O:6, 1.000, 0.171
2026-08-17 21:58:56,877 - INFO - mp-699582, 48, O:6, 1.000, 0.593
2026-08-17 21:58:56,885 - INFO - mp-699582, 56, O:6, 1.000, 0.593
2026-08-17 21:58:57,014 - INFO - mp-704100, 24, O:6, 0.993, 2.647
2026-08-17 21:58:57,773 - INFO - mp-704536, 6, T:4, 1.000, 1.475
2026-08-17 21:58:57,914 - INFO - mp-695964, 4, O:6, 1.000, 0.481
2026-08-17 21:58:57,921 - INFO - mp-695964, 5, O:6, 1.000, 1.099
2026-08-17 21:58:57,928 - INFO - mp-695964, 6, O:6, 1.000, 0.564
2026-08-17 21:58:57,934 - INFO - mp-695964, 7, O:6, 1.000, 1.083
2026-08-17 21:58:57,940 - INFO - mp-695964, 8, O:6, 1.000, 0.455
2026-08-17 21:58:57,946 - INFO - mp-695964, 9, O:6, 1.000, 1.061
2026-08-17 21:58:57,952 - INFO - mp-695964, 10, O:6, 1.000, 0.598
2026-08-17 21:58:57,958 - INFO - mp-695964, 11, O:6, 1.000, 1.071
2026-08-17 21:58:58,001 - INFO - mp-699648, 48, O:6, 1.000, 0.572
2026-08-17 21:58:58,009 - INFO - mp-699648, 56, O:6, 1.000, 0.572
2026-08-17 21:58:58,965 - INFO - mp-704630, 6, T:4, 1.000, 1.356
2026-08-17 21:59:00,057 - INFO - mp-704626, 0, O:6, 1.000, 0.104
2026-08-17 21:59:00,440 - INFO - mp-704634, 8, S:5, 0.955, 1.352
2026-08-17 21:59:00,446 - INFO - mp-704634, 12, S:5, 0.955, 1.352
2026-08-17 21:59:00,446 - WARNING - /Users/marius/Code/gitlab.esrf.fr/spectroscopy/xasml/src/xasml/datasets/fdmnes/io.py:29: RuntimeWarning: divide by zero encountered in divide
  a = np.pi * gamma_max * (f - 1 / f**2) / (3 * x_larg)

2026-08-17 21:59:01,884 - INFO - mp-704688, 0, O:6, 1.000, 0.205
2026-08-17 21:59:01,890 - INFO - mp-704688, 2, O:6, 1.000, 0.208
2026-08-17 21:59:02,802 - INFO - mp-698316, 0, O:6, 1.000, 0.850
2026-08-17 21:59:02,809 - INFO - mp-698316, 1, O:6, 1.000, 0.853
2026-08-17 21:59:02,815 - INFO - mp-698316, 2, O:6, 1.000, 0.853
2026-08-17 21:59:02,821 - INFO - mp-698316, 3, O:6, 1.000, 0.848
2026-08-17 21:59:02,907 - INFO - mp-704545, 0, S:5, 0.505, 3.440
2026-08-17 21:59:02,915 - INFO - mp-704545, 4, S:5, 0.945, 2.241
2026-08-17 21:59:02,926 - INFO - mp-704545, 8, S:5, 0.876, 2.431
2026-08-17 21:59:03,579 - ERROR - mp-704946, the turning point is beyond the atomic radius
2026-08-17 21:59:04,295 - INFO - mp-704950, 6, O:6, 1.000, 0.279
2026-08-17 21:59:04,357 - INFO - mp-705147, 0, O:6, 1.000, 0.694
2026-08-17 21:59:04,363 - INFO - mp-705147, 4, O:6, 1.000, 1.041
2026-08-17 21:59:09,968 - INFO - mp-704255, 8, T:5, 0.804, 5.212
2026-08-17 21:59:09,977 - INFO - mp-704255, 12, T:5, 1.000, 4.679
2026-08-17 21:59:09,986 - INFO - mp-704255, 16, T:5, 0.851, 4.810
2026-08-17 21:59:10,159 - INFO - mp-704755, 0, O:6, 0.565, 4.101
2026-08-17 21:59:10,177 - INFO - mp-704755, 4, S:5, 0.691, 1.810
2026-08-17 21:59:10,190 - INFO - mp-704755, 8, O:6, 0.577, 4.662
2026-08-17 21:59:11,225 - INFO - mp-709074, 0, T:4, 1.000, 0.135
2026-08-17 21:59:11,288 - INFO - mp-705435, 0, O:6, 1.000, 0.176
2026-08-17 21:59:11,298 - INFO - mp-705435, 4, O:6, 1.000, 0.043
2026-08-17 21:59:11,305 - INFO - mp-705435, 8, O:6, 1.000, 0.017
2026-08-17 21:59:11,312 - INFO - mp-705435, 12, O:6, 1.000, 0.187
2026-08-17 21:59:13,525 - INFO - mp-707911, 8, O:6, 1.000, 0.265
2026-08-17 21:59:14,282 - INFO - mp-720286, 0, T:5, 0.911, 2.992
2026-08-17 21:59:14,288 - INFO - mp-720286, 8, S:4, 0.995, 0.107
2026-08-17 21:59:14,659 - INFO - mp-721689, 0, O:6, 1.000, 0.856
2026-08-17 21:59:14,665 - INFO - mp-721689, 4, O:6, 1.000, 0.812
2026-08-17 21:59:14,982 - INFO - mp-705041, 0, S:5, 0.510, 2.451
2026-08-17 21:59:14,989 - INFO - mp-705041, 2, O:6, 0.424, 5.169
2026-08-17 21:59:14,996 - INFO - mp-705041, 4, O:6, 0.454, 5.005
2026-08-17 21:59:15,002 - INFO - mp-705041, 6, S:5, 0.357, 2.917
2026-08-17 21:59:15,440 - INFO - mp-706411, 0, O:6, 0.940, 4.843
2026-08-17 21:59:15,448 - INFO - mp-706411, 4, O:6, 0.937, 5.443
2026-08-17 21:59:15,455 - INFO - mp-706411, 8, O:6, 0.964, 4.708
2026-08-17 21:59:15,475 - INFO - mp-706411, 12, O:6, 0.857, 4.890
2026-08-17 21:59:15,564 - INFO - mp-720729, 12, O:6, 1.000, 1.074
2026-08-17 21:59:15,574 - INFO - mp-720729, 20, O:6, 1.000, 0.298
2026-08-17 21:59:15,599 - INFO - mp-721077, 4, O:6, 1.000, 0.017
2026-08-17 21:59:16,043 - INFO - mp-723385, 0, O:6, 1.000, 0.000
2026-08-17 21:59:16,427 - INFO - mp-725152, 0, O:6, 1.000, 0.866
2026-08-17 21:59:17,546 - INFO - mp-726328, 0, O:6, 1.000, 0.000
2026-08-17 21:59:18,000 - INFO - mp-727423, 8, O:6, 1.000, 0.114
2026-08-17 21:59:18,867 - INFO - mp-721924, 4, O:6, 1.000, 0.635
2026-08-17 21:59:18,874 - INFO - mp-721924, 8, O:6, 1.000, 0.777
2026-08-17 21:59:18,880 - INFO - mp-721924, 12, O:6, 1.000, 0.574
2026-08-17 21:59:18,928 - INFO - mp-728069, 0, O:6, 1.000, 0.647
2026-08-17 21:59:19,217 - INFO - mp-727170, 6, O:6, 1.000, 0.060
2026-08-17 21:59:20,413 - INFO - mp-723036, 0, O:6, 1.000, 0.037
2026-08-17 21:59:21,020 - INFO - mp-728240, 4, O:6, 1.000, 0.812
2026-08-17 21:59:21,028 - INFO - mp-728240, 8, O:6, 1.000, 0.788
2026-08-17 21:59:21,049 - INFO - mp-704851, 0, O:6, 1.000, 0.113
2026-08-17 21:59:21,056 - INFO - mp-704851, 2, O:6, 1.000, 0.060
2026-08-17 21:59:21,085 - INFO - mp-704851, 4, O:6, 1.000, 0.033
2026-08-17 21:59:21,098 - INFO - mp-704851, 6, O:6, 1.000, 0.040
2026-08-17 21:59:21,105 - INFO - mp-704851, 8, O:6, 1.000, 0.054
2026-08-17 21:59:21,121 - INFO - mp-704851, 10, O:6, 1.000, 0.031
2026-08-17 21:59:21,128 - INFO - mp-704851, 12, O:6, 1.000, 0.151
2026-08-17 21:59:21,142 - INFO - mp-704851, 14, O:6, 1.000, 0.203
2026-08-17 21:59:21,222 - INFO - mp-731573, 8, O:6, 1.000, 0.126
2026-08-17 21:59:21,899 - INFO - mp-729483, 4, T:5, 1.000, 0.231
2026-08-17 21:59:21,906 - INFO - mp-729483, 12, T:5, 1.000, 0.231
2026-08-17 21:59:22,944 - INFO - mp-734319, 4, O:6, 1.000, 0.845
2026-08-17 21:59:23,944 - INFO - mp-735518, 0, O:6, 0.596, 3.995
2026-08-17 21:59:25,084 - INFO - mp-735042, 0, O:6, 1.000, 0.168
2026-08-17 21:59:25,543 - INFO - mp-735131, 16, O:6, 1.000, 0.376
2026-08-17 21:59:25,552 - INFO - mp-735131, 24, O:6, 1.000, 0.376
2026-08-17 21:59:25,830 - INFO - mp-733521, 0, O:6, 0.999, 0.928
2026-08-17 21:59:25,836 - INFO - mp-733521, 2, O:6, 0.999, 0.938
2026-08-17 21:59:26,262 - INFO - mp-735523, 0, O:6, 1.000, 0.204
2026-08-17 21:59:27,323 - INFO - mp-735545, 8, O:6, 1.000, 0.367
2026-08-17 21:59:27,338 - WARNING - /opt/miniforge/envs/sandbox/lib/python3.12/site-packages/pymatgen/io/cif.py:1817: UserWarning: Issues encountered while parsing CIF: 1 fractional coordinates rounded to ideal values to avoid issues with finite precision.
  return parser.parse_structures(primitive=primitive)[0]

2026-08-17 21:59:27,682 - INFO - mp-734098, 8, O:6, 1.000, 2.056
2026-08-17 21:59:29,525 - INFO - mp-735530, 2, O:6, 1.000, 0.194
2026-08-17 21:59:29,531 - INFO - mp-735530, 4, O:6, 1.000, 0.057
2026-08-17 21:59:31,429 - INFO - mp-735529, 0, O:6, 1.000, 1.146
2026-08-17 21:59:31,436 - INFO - mp-735529, 1, O:6, 1.000, 1.146
2026-08-17 21:59:31,619 - INFO - mp-735584, 16, O:6, 1.000, 0.281
2026-08-17 21:59:31,674 - INFO - mp-728472, 0, T:6, 0.600, 4.809
2026-08-17 21:59:32,033 - INFO - mp-735566, 4, O:6, 1.000, 0.510
2026-08-17 21:59:32,040 - INFO - mp-735566, 8, O:6, 1.000, 0.552
2026-08-17 21:59:32,409 - INFO - mp-735586, 2, O:6, 1.000, 0.192
2026-08-17 21:59:32,416 - INFO - mp-735586, 4, O:6, 1.000, 0.055
2026-08-17 21:59:35,667 - INFO - mp-742859, 0, O:6, 1.000, 0.264
2026-08-17 21:59:35,675 - INFO - mp-742859, 4, O:6, 1.000, 0.264
2026-08-17 21:59:36,064 - INFO - mp-743577, 0, O:6, 1.000, 0.006
2026-08-17 21:59:36,523 - INFO - mp-735662, 0, O:6, 1.000, 0.730
2026-08-17 21:59:36,531 - INFO - mp-735662, 2, O:6, 1.000, 0.824
2026-08-17 21:59:36,537 - INFO - mp-735662, 4, O:6, 1.000, 1.093
2026-08-17 21:59:36,544 - INFO - mp-735662, 6, O:6, 1.000, 1.987
2026-08-17 21:59:36,734 - INFO - mp-736330, 0, T:4, 1.000, 0.859
2026-08-17 21:59:36,791 - INFO - mp-735822, 0, O:6, 1.000, 0.286
2026-08-17 21:59:36,792 - WARNING - /Users/marius/Code/gitlab.esrf.fr/spectroscopy/xasml/src/xasml/datasets/fdmnes/io.py:29: RuntimeWarning: divide by zero encountered in divide
  a = np.pi * gamma_max * (f - 1 / f**2) / (3 * x_larg)

2026-08-17 21:59:36,800 - INFO - mp-735822, 2, O:6, 1.000, 0.097
2026-08-17 21:59:37,011 - INFO - mp-743814, 0, O:6, 1.000, 0.134
2026-08-17 21:59:38,621 - INFO - mp-744268, 4, O:6, 1.000, 0.792
2026-08-17 21:59:39,429 - INFO - mp-735701, 4, O:6, 1.000, 0.231
2026-08-17 21:59:39,447 - INFO - mp-735701, 12, O:6, 1.000, 0.231
2026-08-17 21:59:39,581 - INFO - mp-743878, 0, O:6, 1.000, 0.877
2026-08-17 21:59:41,720 - INFO - mp-735783, 8, O:6, 1.000, 0.272
2026-08-17 21:59:41,728 - INFO - mp-735783, 12, O:6, 1.000, 1.531
2026-08-17 21:59:41,735 - INFO - mp-735783, 16, O:6, 1.000, 1.425
2026-08-17 21:59:41,742 - INFO - mp-735783, 20, O:6, 1.000, 0.342
2026-08-17 21:59:41,746 - INFO - mp-744386, 18, T:4, 1.000, 0.352
2026-08-17 21:59:41,791 - INFO - mp-744713, 4, O:6, 1.000, 0.332
2026-08-17 21:59:41,799 - INFO - mp-744713, 12, O:6, 1.000, 0.166
2026-08-17 21:59:41,803 - INFO - mp-744239, 0, O:6, 0.425, 4.592
2026-08-17 21:59:41,812 - INFO - mp-744239, 8, O:6, 1.000, 2.895
2026-08-17 21:59:41,819 - INFO - mp-744239, 16, O:6, 0.994, 1.349
2026-08-17 21:59:43,209 - INFO - mp-745208, 4, O:6, 1.000, 0.050
2026-08-17 21:59:43,784 - INFO - mp-744930, 0, O:6, 1.000, 1.123
2026-08-17 21:59:43,844 - INFO - mp-746030, 4, O:6, 1.000, 4.061
2026-08-17 21:59:45,500 - INFO - mp-752477, 12, O:6, 1.000, 0.024
2026-08-17 21:59:45,872 - INFO - mp-746702, 4, O:6, 1.000, 0.014
2026-08-17 21:59:45,879 - INFO - mp-744374, 0, O:6, 1.000, 0.149
2026-08-17 21:59:45,889 - INFO - mp-744374, 8, O:6, 1.000, 1.372
2026-08-17 21:59:45,896 - INFO - mp-744374, 16, O:6, 1.000, 0.480
2026-08-17 21:59:45,905 - INFO - mp-744374, 20, O:6, 1.000, 1.372
2026-08-17 21:59:46,044 - WARNING - /opt/miniforge/envs/sandbox/lib/python3.12/site-packages/pymatgen/io/cif.py:1817: UserWarning: Issues encountered while parsing CIF: 4 fractional coordinates rounded to ideal values to avoid issues with finite precision.
  return parser.parse_structures(primitive=primitive)[0]

2026-08-17 21:59:47,095 - INFO - mp-754407, 2, O:6, 1.000, 0.361
2026-08-17 21:59:47,318 - INFO - mp-753222, 0, O:6, 1.000, 0.293
2026-08-17 21:59:47,537 - INFO - mp-746690, 0, O:6, 1.000, 0.177
2026-08-17 21:59:48,313 - INFO - mp-752913, 4, T:4, 0.766, 0.244
2026-08-17 21:59:48,373 - INFO - mp-746355, 0, O:6, 1.000, 1.349
2026-08-17 21:59:48,488 - INFO - mp-744767, 8, O:6, 1.000, 0.098
2026-08-17 21:59:48,497 - INFO - mp-744767, 12, O:6, 1.000, 0.098
2026-08-17 21:59:49,929 - INFO - mp-754842, 2, T:4, 0.976, 0.380
2026-08-17 21:59:50,719 - INFO - mp-758075, 0, O:6, 1.000, 0.452
2026-08-17 21:59:50,733 - INFO - mp-758075, 4, O:6, 1.000, 0.452
2026-08-17 21:59:50,766 - INFO - mp-757019, 4, O:6, 1.000, 2.250
2026-08-17 21:59:51,026 - INFO - mp-756984, 2, T:4, 0.944, 0.451
2026-08-17 21:59:51,519 - INFO - mp-746739, 4, O:6, 1.000, 1.057
2026-08-17 21:59:51,527 - INFO - mp-746739, 8, O:6, 1.000, 0.797
2026-08-17 21:59:51,540 - INFO - mp-746739, 12, T:5, 0.745, 1.647
2026-08-17 21:59:51,959 - INFO - mp-756507, 2, O:6, 1.000, 0.289
2026-08-17 21:59:51,965 - INFO - mp-756507, 3, O:6, 1.000, 0.083
2026-08-17 21:59:52,028 - INFO - mp-758209, 8, T:5, 0.903, 4.014
2026-08-17 21:59:52,028 - WARNING - /Users/marius/Code/gitlab.esrf.fr/spectroscopy/xasml/src/xasml/datasets/fdmnes/io.py:29: RuntimeWarning: divide by zero encountered in divide
  a = np.pi * gamma_max * (f - 1 / f**2) / (3 * x_larg)

2026-08-17 21:59:52,660 - INFO - mp-746730, 0, O:6, 1.000, 0.592
2026-08-17 21:59:52,668 - INFO - mp-746730, 2, O:6, 1.000, 0.709
2026-08-17 21:59:53,165 - INFO - mp-758574, 4, T:4, 0.970, 0.169
2026-08-17 21:59:53,460 - ERROR - mp-758614, maximum energy too large
2026-08-17 21:59:53,473 - INFO - mp-757463, 4, O:6, 1.000, 0.154
2026-08-17 21:59:54,862 - INFO - mp-758349, 1, O:6, 1.000, 0.009
2026-08-17 21:59:55,745 - INFO - mp-763244, 4, O:6, 1.000, 0.039
2026-08-17 21:59:55,866 - ERROR - No coordination environment symbols available for mp-758930 and index 40.
2026-08-17 21:59:55,866 - INFO - mp-758930, 44, S:5, 1.000, 5.399
2026-08-17 21:59:56,162 - INFO - mp-796259, 0, O:6, 1.000, 0.998
2026-08-17 21:59:56,398 - INFO - mp-766713, 2, O:6, 1.000, 0.670
2026-08-17 21:59:56,666 - INFO - mp-764405, 2, O:6, 1.000, 0.113
2026-08-17 21:59:57,072 - INFO - mp-796324, 0, O:6, 1.000, 0.913
2026-08-17 21:59:59,396 - INFO - mp-766957, 0, O:6, 1.000, 0.196
2026-08-17 21:59:59,998 - INFO - mp-818283, 0, O:6, 1.000, 0.569
2026-08-17 22:00:00,792 - INFO - mp-818232, 4, O:6, 1.000, 1.477
2026-08-17 22:00:01,508 - ERROR - No coordination environment symbols available for mp-758974 and index 0.
2026-08-17 22:00:01,717 - INFO - mp-780739, 4, O:6, 1.000, 0.202
2026-08-17 22:00:01,773 - INFO - mp-818418, 21, O:6, 1.000, 1.330
2026-08-17 22:00:03,235 - INFO - mp-818569, 0, O:6, 1.000, 0.318
2026-08-17 22:00:04,351 - INFO - mp-818519, 6, O:6, 1.000, 0.631
2026-08-17 22:00:04,358 - INFO - mp-818519, 10, O:6, 1.000, 0.758
2026-08-17 22:00:04,364 - INFO - mp-818519, 14, O:6, 1.000, 0.225
2026-08-17 22:00:05,257 - INFO - mp-818474, 8, T:4, 1.000, 5.912
2026-08-17 22:00:05,271 - INFO - mp-818474, 16, T:4, 1.000, 5.912
2026-08-17 22:00:05,708 - INFO - mp-818581, 0, O:6, 1.000, 0.003
2026-08-17 22:00:05,714 - INFO - mp-818581, 8, O:6, 1.000, 0.003
2026-08-17 22:00:06,320 - INFO - mp-818574, 0, O:6, 1.000, 0.624
2026-08-17 22:00:07,074 - INFO - mp-818654, 16, O:6, 1.000, 1.156
2026-08-17 22:00:07,564 - INFO - mp-818432, 2, O:6, 1.000, 1.806
2026-08-17 22:00:07,570 - INFO - mp-818432, 4, O:6, 1.000, 1.627
2026-08-17 22:00:07,577 - INFO - mp-818432, 6, O:6, 1.000, 0.966
2026-08-17 22:00:07,584 - INFO - mp-818432, 8, O:6, 1.000, 1.007
2026-08-17 22:00:07,590 - INFO - mp-818295, 0, O:6, 1.000, 1.016
2026-08-17 22:00:07,590 - INFO - mp-818432, 10, O:6, 1.000, 3.343
2026-08-17 22:00:07,602 - INFO - mp-818295, 4, O:6, 1.000, 1.464
2026-08-17 22:00:07,602 - WARNING - /opt/miniforge/envs/sandbox/lib/python3.12/site-packages/pymatgen/io/cif.py:1817: UserWarning: Issues encountered while parsing CIF: 2 fractional coordinates rounded to ideal values to avoid issues with finite precision.
  return parser.parse_structures(primitive=primitive)[0]

2026-08-17 22:00:07,610 - INFO - mp-818295, 8, O:6, 1.000, 0.956
2026-08-17 22:00:07,618 - INFO - mp-818295, 12, O:6, 1.000, 1.084
2026-08-17 22:00:07,625 - INFO - mp-818295, 16, O:6, 1.000, 1.527
2026-08-17 22:00:07,633 - INFO - mp-818295, 20, O:6, 1.000, 1.427
2026-08-17 22:00:07,640 - INFO - mp-818295, 24, O:6, 1.000, 1.211
2026-08-17 22:00:07,647 - INFO - mp-818295, 28, O:6, 1.000, 2.798
2026-08-17 22:00:07,655 - INFO - mp-818295, 32, O:6, 1.000, 1.206
2026-08-17 22:00:07,990 - INFO - mp-818655, 0, O:6, 1.000, 3.132
2026-08-17 22:00:08,291 - INFO - mp-818579, 4, O:6, 1.000, 0.225
2026-08-17 22:00:08,297 - INFO - mp-818579, 6, O:6, 1.000, 0.242
2026-08-17 22:00:08,391 - INFO - mp-821313, 0, O:6, 1.000, 1.121
2026-08-17 22:00:08,958 - INFO - mp-818286, 16, O:6, 1.000, 2.691
2026-08-17 22:00:08,966 - INFO - mp-818286, 20, O:6, 1.000, 2.043
2026-08-17 22:00:08,973 - INFO - mp-818286, 24, O:6, 1.000, 2.691
2026-08-17 22:00:08,979 - INFO - mp-818286, 28, O:6, 1.000, 2.043
2026-08-17 22:00:08,993 - INFO - mp-818286, 30, O:6, 1.000, 2.271
2026-08-17 22:00:09,331 - INFO - mp-818685, 8, O:6, 1.000, 0.036
2026-08-17 22:00:10,178 - INFO - mp-820860, 4, O:6, 1.000, 0.114
2026-08-17 22:00:10,696 - INFO - mp-839723, 0, O:6, 1.000, 0.174
2026-08-17 22:00:11,483 - INFO - mp-821363, 14, O:6, 1.000, 0.232
2026-08-17 22:00:11,491 - INFO - mp-821363, 22, O:6, 1.000, 0.232
2026-08-17 22:00:11,698 - INFO - mp-849222, 0, O:6, 1.000, 0.446
2026-08-17 22:00:11,799 - INFO - mp-818725, 0, O:6, 1.000, 3.009
2026-08-17 22:00:11,840 - INFO - mp-837859, 0, T:5, 1.000, 0.301
2026-08-17 22:00:11,845 - WARNING - /opt/miniforge/envs/sandbox/lib/python3.12/site-packages/pymatgen/io/cif.py:1817: UserWarning: Issues encountered while parsing CIF: 4 fractional coordinates rounded to ideal values to avoid issues with finite precision.
  return parser.parse_structures(primitive=primitive)[0]

2026-08-17 22:00:11,852 - WARNING - /opt/miniforge/envs/sandbox/lib/python3.12/site-packages/pymatgen/io/cif.py:1817: UserWarning: Issues encountered while parsing CIF: 4 fractional coordinates rounded to ideal values to avoid issues with finite precision.
  return parser.parse_structures(primitive=primitive)[0]

2026-08-17 22:00:12,264 - INFO - mp-862301, 12, T:4, 1.000, 0.030
2026-08-17 22:00:12,270 - INFO - mp-862301, 14, T:4, 1.000, 0.006
2026-08-17 22:00:13,183 - INFO - mp-859186, 4, O:6, 1.000, 0.611
2026-08-17 22:00:13,190 - INFO - mp-859186, 12, O:6, 1.000, 0.962
2026-08-17 22:00:13,856 - ERROR - No coordination environment symbols available for mp-866375 and index 4.
2026-08-17 22:00:13,881 - INFO - mp-865922, 0, O:6, 1.000, 0.010
2026-08-17 22:00:13,882 - WARNING - /Users/marius/Code/gitlab.esrf.fr/spectroscopy/xasml/src/xasml/datasets/fdmnes/io.py:29: RuntimeWarning: divide by zero encountered in divide
  a = np.pi * gamma_max * (f - 1 / f**2) / (3 * x_larg)

2026-08-17 22:00:14,854 - INFO - mp-865419, 2, T:4, 1.000, 0.141
2026-08-17 22:00:14,865 - INFO - mp-865419, 5, T:4, 1.000, 0.198
2026-08-17 22:00:14,871 - INFO - mp-865419, 8, T:4, 0.933, 0.457
2026-08-17 22:00:14,877 - ERROR - No coordination environment symbols available for mp-865419 and index 11.
2026-08-17 22:00:15,043 - INFO - mp-863293, 2, O:6, 1.000, 1.390
2026-08-17 22:00:15,049 - INFO - mp-863293, 6, O:6, 1.000, 0.553
2026-08-17 22:00:15,291 - INFO - mp-863003, 21, O:6, 0.992, 1.619
2026-08-17 22:00:15,476 - ERROR - No coordination environment symbols available for mp-866656 and index 4.
2026-08-17 22:00:15,491 - WARNING - /opt/miniforge/envs/sandbox/lib/python3.12/site-packages/pymatgen/io/cif.py:1817: UserWarning: Issues encountered while parsing CIF: 2 fractional coordinates rounded to ideal values to avoid issues with finite precision.
  return parser.parse_structures(primitive=primitive)[0]

2026-08-17 22:00:16,722 - ERROR - No coordination environment symbols available for mp-956096 and index 4.
2026-08-17 22:00:16,722 - ERROR - No coordination environment symbols available for mp-956096 and index 10.
2026-08-17 22:00:16,740 - INFO - mp-866783, 0, O:6, 1.000, 1.552
2026-08-17 22:00:16,837 - INFO - mp-880385, 4, O:6, 1.000, 0.313
2026-08-17 22:00:17,439 - INFO - mp-943462, 4, O:6, 1.000, 1.111
2026-08-17 22:00:17,932 - ERROR - No coordination environment symbols available for mp-961656 and index 4.
2026-08-17 22:00:18,153 - INFO - mp-943492, 2, O:6, 1.000, 0.538
2026-08-17 22:00:18,162 - INFO - mp-943492, 3, O:6, 1.000, 0.261
2026-08-17 22:00:18,372 - INFO - mp-863008, 0, T:6, 0.799, 4.213
2026-08-17 22:00:18,379 - INFO - mp-863008, 4, S:5, 0.522, 0.600
2026-08-17 22:00:18,400 - INFO - mp-971806, 4, T:5, 0.975, 6.352
2026-08-17 22:00:18,480 - INFO - mp-887746, 2, O:6, 1.000, 1.419
2026-08-17 22:00:19,096 - ERROR - No coordination environment symbols available for mp-973682 and index 0.
2026-08-17 22:00:19,096 - ERROR - No coordination environment symbols available for mp-973682 and index 8.
2026-08-17 22:00:19,158 - INFO - mp-972662, 6, T:5, 1.000, 5.928
2026-08-17 22:00:19,166 - INFO - mp-972662, 24, T:5, 1.000, 5.928
2026-08-17 22:00:19,173 - INFO - mp-972662, 42, T:5, 1.000, 5.928
2026-08-17 22:00:19,180 - INFO - mp-972662, 51, S:5, 1.000, 6.889
2026-08-17 22:00:19,289 - ERROR - No coordination environment symbols available for mp-972235 and index 12.
2026-08-17 22:00:19,623 - INFO - mp-973954, 4, T:5, 1.000, 6.471
2026-08-17 22:00:19,763 - INFO - mp-975359, 2, T:4, 1.000, 0.728
2026-08-17 22:00:19,790 - WARNING - /opt/miniforge/envs/sandbox/lib/python3.12/site-packages/pymatgen/io/cif.py:1817: UserWarning: Issues encountered while parsing CIF: 4 fractional coordinates rounded to ideal values to avoid issues with finite precision.
  return parser.parse_structures(primitive=primitive)[0]

2026-08-17 22:00:20,008 - ERROR - No coordination environment symbols available for mp-976187 and index 18.
2026-08-17 22:00:20,759 - INFO - mp-974000, 6, T:5, 1.000, 5.777
2026-08-17 22:00:20,767 - INFO - mp-974000, 24, T:5, 1.000, 5.777
2026-08-17 22:00:20,776 - INFO - mp-974000, 42, T:5, 1.000, 5.777
2026-08-17 22:00:20,789 - INFO - mp-974000, 51, S:5, 1.000, 6.481
2026-08-17 22:00:20,848 - ERROR - No coordination environment symbols available for mp-977054 and index 18.
2026-08-17 22:00:20,909 - INFO - mp-978695, 2, T:4, 1.000, 0.373
2026-08-17 22:00:20,909 - INFO - mp-978091, 6, T:5, 1.000, 5.983
2026-08-17 22:00:20,916 - INFO - mp-978091, 24, T:5, 1.000, 5.983
2026-08-17 22:00:20,931 - INFO - mp-978091, 42, T:5, 1.000, 5.983
2026-08-17 22:00:20,931 - INFO - mp-978101, 4, S:5, 0.566, 5.448
2026-08-17 22:00:20,942 - INFO - mp-978091, 51, S:5, 1.000, 7.001
2026-08-17 22:00:21,772 - ERROR - No coordination environment symbols available for mp-982188 and index 18.
2026-08-17 22:00:21,814 - ERROR - No coordination environment symbols available for mp-981356 and index 1.
2026-08-17 22:00:21,965 - INFO - mp-863290, 20, O:6, 1.000, 0.660
2026-08-17 22:00:21,973 - INFO - mp-863290, 24, O:6, 1.000, 0.497
2026-08-17 22:00:21,980 - INFO - mp-863290, 28, O:6, 1.000, 0.434
2026-08-17 22:00:22,151 - INFO - mp-998918, 2, T:4, 1.000, 0.180
2026-08-17 22:00:22,315 - ERROR - No coordination environment symbols available for mp-998971 and index 4.
2026-08-17 22:00:22,385 - ERROR - No coordination environment symbols available for mp-998970 and index 4.
2026-08-17 22:00:22,494 - ERROR - No coordination environment symbols available for mp-998964 and index 8.
2026-08-17 22:00:22,530 - ERROR - No coordination environment symbols available for mp-998965 and index 8.
2026-08-17 22:00:23,217 - ERROR - No coordination environment symbols available for mp-998980 and index 8.
2026-08-17 22:00:23,459 - ERROR - No coordination environment symbols available for mp-998974 and index 4.
2026-08-17 22:00:23,462 - ERROR - No coordination environment symbols available for mp-999059 and index 12.
2026-08-17 22:00:23,599 - ERROR - No coordination environment symbols available for mp-998973 and index 4.
2026-08-17 22:00:23,707 - ERROR - No coordination environment symbols available for mp-999002 and index 4.
2026-08-17 22:00:23,751 - INFO - mp-999122, 2, S:4, 1.000, 7.383
2026-08-17 22:00:23,883 - ERROR - No coordination environment symbols available for mp-999069 and index 12.
2026-08-17 22:00:23,899 - INFO - mp-999178, 2, S:4, 1.000, 7.499
2026-08-17 22:00:23,963 - ERROR - No coordination environment symbols available for mp-999189 and index 0.
2026-08-17 22:00:24,273 - INFO - mp-999391, 2, S:4, 1.000, 0.000
2026-08-17 22:00:24,279 - INFO - mp-999391, 6, S:4, 1.000, 0.000
2026-08-17 22:00:24,691 - ERROR - No coordination environment symbols available for mp-999389 and index 4.
2026-08-17 22:00:24,691 - ERROR - No coordination environment symbols available for mp-999389 and index 12.
2026-08-17 22:00:24,726 - ERROR - No coordination environment symbols available for mp-999440 and index 3.
2026-08-17 22:00:24,883 - ERROR - No coordination environment symbols available for mp-999542 and index 1.
2026-08-17 22:00:24,883 - ERROR - No coordination environment symbols available for mp-999542 and index 3.
2026-08-17 22:00:25,058 - ERROR - No coordination environment symbols available for mp-999395 and index 12.
2026-08-17 22:00:25,086 - INFO - mp-999438, 6, S:4, 1.000, 0.000
2026-08-17 22:00:25,251 - ERROR - No coordination environment symbols available for mp-999552 and index 8.
2026-08-17 22:00:25,295 - ERROR - No coordination environment symbols available for mp-999545 and index 3.
2026-08-17 22:00:25,310 - INFO - mp-1001606, 2, S:4, 1.000, 7.230
2026-08-17 22:00:25,626 - ERROR - No coordination environment symbols available for mp-1007852 and index 0.
2026-08-17 22:00:26,035 - ERROR - No coordination environment symbols available for mp-1006322 and index 2.
2026-08-17 22:00:26,053 - ERROR - No coordination environment symbols available for mp-1007862 and index 0.
2026-08-17 22:00:26,053 - ERROR - No coordination environment symbols available for mp-1007862 and index 4.
2026-08-17 22:00:26,166 - ERROR - No coordination environment symbols available for mp-1007853 and index 0.
2026-08-17 22:00:26,166 - ERROR - No coordination environment symbols available for mp-1007853 and index 8.
2026-08-17 22:00:26,266 - INFO - mp-1007881, 0, S:5, 0.961, 2.324
2026-08-17 22:00:26,428 - ERROR - No coordination environment symbols available for mp-1008225 and index 4.
2026-08-17 22:00:26,474 - ERROR - No coordination environment symbols available for mp-1007855 and index 0.
2026-08-17 22:00:26,592 - ERROR - No coordination environment symbols available for mp-1007854 and index 0.
2026-08-17 22:00:26,778 - ERROR - No coordination environment symbols available for mp-1008285 and index 3.
2026-08-17 22:00:26,819 - ERROR - No coordination environment symbols available for mp-1008226 and index 4.
2026-08-17 22:00:27,436 - INFO - mp-1008925, 2, S:4, 1.000, 4.828
2026-08-17 22:00:27,510 - ERROR - No coordination environment symbols available for mp-1008282 and index 12.
2026-08-17 22:00:27,525 - ERROR - No coordination environment symbols available for mp-1009019 and index 0.
2026-08-17 22:00:27,598 - ERROR - No coordination environment symbols available for mp-1008872 and index 4.
2026-08-17 22:00:27,629 - INFO - mp-1008929, 0, O:6, 1.000, 0.000
2026-08-17 22:00:27,772 - ERROR - No coordination environment symbols available for mp-1008530 and index 8.
2026-08-17 22:00:27,895 - ERROR - No coordination environment symbols available for mp-1008927 and index 2.
2026-08-17 22:00:27,913 - INFO - mp-1009077, 0, O:6, 1.000, 0.000
2026-08-17 22:00:28,159 - ERROR - No coordination environment symbols available for mp-1009134 and index 1.
2026-08-17 22:00:28,616 - INFO - mp-1017511, 6, S:4, 1.000, 0.000
2026-08-17 22:00:29,013 - ERROR - No coordination environment symbols available for mp-1009592 and index 4.
2026-08-17 22:00:29,045 - ERROR - No coordination environment symbols available for mp-1018061 and index 0.
2026-08-17 22:00:29,185 - ERROR - No coordination environment symbols available for mp-1018062 and index 0.
2026-08-17 22:00:29,229 - ERROR - No coordination environment symbols available for mp-1018012 and index 4.
2026-08-17 22:00:29,242 - INFO - mp-1018052, 2, S:4, 1.000, 7.311
2026-08-17 22:00:29,270 - ERROR - No coordination environment symbols available for mp-1018024 and index 4.
2026-08-17 22:00:29,293 - ERROR - No coordination environment symbols available for mp-1018046 and index 8.
2026-08-17 22:00:29,631 - INFO - mp-1018064, 2, S:4, 1.000, 7.303
2026-08-17 22:00:30,242 - ERROR - No coordination environment symbols available for mp-1018068 and index 4.
2026-08-17 22:00:30,256 - ERROR - No coordination environment symbols available for mp-1018067 and index 4.
2026-08-17 22:00:30,256 - ERROR - No coordination environment symbols available for mp-1018067 and index 12.
2026-08-17 22:00:30,268 - ERROR - No coordination environment symbols available for mp-1018075 and index 0.
2026-08-17 22:00:30,272 - WARNING - /opt/miniforge/envs/sandbox/lib/python3.12/site-packages/pymatgen/io/cif.py:1817: UserWarning: Issues encountered while parsing CIF: 4 fractional coordinates rounded to ideal values to avoid issues with finite precision.
  return parser.parse_structures(primitive=primitive)[0]

2026-08-17 22:00:30,369 - ERROR - No coordination environment symbols available for mp-1018081 and index 1.
2026-08-17 22:00:30,391 - INFO - mp-1018065, 2, S:4, 1.000, 7.334
2026-08-17 22:00:30,391 - WARNING - /Users/marius/Code/gitlab.esrf.fr/spectroscopy/xasml/src/xasml/datasets/fdmnes/io.py:29: RuntimeWarning: divide by zero encountered in divide
  a = np.pi * gamma_max * (f - 1 / f**2) / (3 * x_larg)

2026-08-17 22:00:30,667 - ERROR - No coordination environment symbols available for mp-1018071 and index 4.
2026-08-17 22:00:30,716 - ERROR - No coordination environment symbols available for mp-1018074 and index 4.
2026-08-17 22:00:30,855 - ERROR - No coordination environment symbols available for mp-1018070 and index 12.
2026-08-17 22:00:31,201 - INFO - mp-1018176, 2, S:4, 1.000, 7.472
2026-08-17 22:00:31,371 - INFO - mp-1018895, 2, T:4, 1.000, 1.463
2026-08-17 22:00:31,480 - INFO - mp-1018725, 2, T:4, 1.000, 0.970
2026-08-17 22:00:31,613 - ERROR - No coordination environment symbols available for mp-1018785 and index 2.
2026-08-17 22:00:31,746 - INFO - mp-1019100, 2, T:4, 1.000, 1.207
2026-08-17 22:00:32,097 - INFO - mp-1021509, 2, O:6, 1.000, 0.596
2026-08-17 22:00:32,139 - ERROR - No coordination environment symbols available for mp-1025010 and index 20.
2026-08-17 22:00:32,445 - INFO - mp-1025316, 4, T:4, 0.852, 0.997
2026-08-17 22:00:32,461 - INFO - mp-1025194, 4, T:4, 0.762, 1.258
2026-08-17 22:00:32,548 - INFO - mp-1025339, 4, T:4, 0.854, 0.992
2026-08-17 22:00:33,173 - INFO - mp-1025354, 4, T:4, 0.860, 0.981
2026-08-17 22:00:33,245 - INFO - mp-1025359, 0, O:6, 1.000, 0.115
2026-08-17 22:00:33,315 - INFO - mp-1062988, 2, S:4, 1.000, 0.000
2026-08-17 22:00:33,334 - INFO - mp-1025510, 0, T:4, 1.000, 0.059
2026-08-17 22:00:33,615 - INFO - mp-1025523, 4, T:5, 1.000, 7.613
2026-08-17 22:00:33,825 - INFO - mp-1045770, 2, O:6, 1.000, 0.035
2026-08-17 22:00:34,254 - ERROR - No coordination environment symbols available for mp-1065741 and index 1.
2026-08-17 22:00:34,296 - ERROR - No coordination environment symbols available for mp-1063914 and index 4.
2026-08-17 22:00:34,299 - WARNING - /opt/miniforge/envs/sandbox/lib/python3.12/site-packages/pymatgen/io/cif.py:1817: UserWarning: Issues encountered while parsing CIF: 2 fractional coordinates rounded to ideal values to avoid issues with finite precision.
  return parser.parse_structures(primitive=primitive)[0]

2026-08-17 22:00:34,329 - INFO - mp-1066497, 0, S:4, 0.998, 0.025
2026-08-17 22:00:34,574 - ERROR - No coordination environment symbols available for mp-1066006 and index 4.
2026-08-17 22:00:34,617 - ERROR - No coordination environment symbols available for mp-1065753 and index 2.
2026-08-17 22:00:35,077 - ERROR - No coordination environment symbols available for mp-1066609 and index 4.
2026-08-17 22:00:35,245 - ERROR - No coordination environment symbols available for mp-1066581 and index 8.
2026-08-17 22:00:35,591 - INFO - mp-1068296, 0, S:4, 1.000, 0.658
2026-08-17 22:00:35,614 - ERROR - No coordination environment symbols available for mp-1067840 and index 3.
2026-08-17 22:00:35,761 - INFO - mp-1068300, 2, T:4, 1.000, 0.152
2026-08-17 22:00:35,774 - INFO - mp-1068250, 2, T:4, 1.000, 0.691
2026-08-17 22:00:35,899 - ERROR - No coordination environment symbols available for mp-1066862 and index 4.
2026-08-17 22:00:36,030 - ERROR - No coordination environment symbols available for mp-1068789 and index 2.
2026-08-17 22:00:36,587 - INFO - mp-1069054, 0, O:6, 1.000, 1.946
2026-08-17 22:00:36,748 - INFO - mp-1069079, 0, O:6, 1.000, 3.144
2026-08-17 22:00:36,759 - WARNING - /opt/miniforge/envs/sandbox/lib/python3.12/site-packages/pymatgen/io/cif.py:1817: UserWarning: Issues encountered while parsing CIF: 4 fractional coordinates rounded to ideal values to avoid issues with finite precision.
  return parser.parse_structures(primitive=primitive)[0]

2026-08-17 22:00:36,825 - INFO - mp-1070333, 0, T:6, 1.000, 4.635
2026-08-17 22:00:36,834 - ERROR - No coordination environment symbols available for mp-1071283 and index 16.
2026-08-17 22:00:37,076 - INFO - mp-1070151, 2, T:4, 1.000, 0.213
2026-08-17 22:00:37,154 - INFO - mp-1069147, 2, O:6, 1.000, 3.476
2026-08-17 22:00:37,166 - ERROR - No coordination environment symbols available for mp-1070735 and index 2.
2026-08-17 22:00:37,629 - ERROR - No coordination environment symbols available for mp-1072076 and index 0.
2026-08-17 22:00:37,777 - INFO - mp-1071423, 2, T:5, 1.000, 0.051
2026-08-17 22:00:37,950 - ERROR - No coordination environment symbols available for mp-1071360 and index 0.
2026-08-17 22:00:38,064 - ERROR - No coordination environment symbols available for mp-1072181 and index 0.
2026-08-17 22:00:38,431 - INFO - mp-1071505, 4, S:4, 1.000, 0.018
2026-08-17 22:00:38,488 - INFO - mp-1043513, 4, O:6, 1.000, 0.468
2026-08-17 22:00:38,494 - INFO - mp-1043513, 6, O:6, 1.000, 0.498
2026-08-17 22:00:38,505 - WARNING - /opt/miniforge/envs/sandbox/lib/python3.12/site-packages/pymatgen/io/cif.py:1817: UserWarning: Issues encountered while parsing CIF: 4 fractional coordinates rounded to ideal values to avoid issues with finite precision.
  return parser.parse_structures(primitive=primitive)[0]

2026-08-17 22:00:38,596 - ERROR - No coordination environment symbols available for mp-1077708 and index 16.
2026-08-17 22:00:38,613 - INFO - mp-1077240, 4, T:4, 1.000, 0.148
2026-08-17 22:00:38,629 - INFO - mp-1077386, 4, T:4, 1.000, 0.209
2026-08-17 22:00:38,856 - INFO - mp-1072880, 12, T:5, 1.000, 2.613
2026-08-17 22:00:38,995 - ERROR - No coordination environment symbols available for mp-1077745 and index 0.
2026-08-17 22:00:39,460 - ERROR - No coordination environment symbols available for mp-1077790 and index 8.
2026-08-17 22:00:39,473 - ERROR - No coordination environment symbols available for mp-1077746 and index 2.
2026-08-17 22:00:39,800 - INFO - mp-1077874, 3, T:5, 1.000, 0.261
2026-08-17 22:00:39,886 - ERROR - No coordination environment symbols available for mp-1077808 and index 2.
2026-08-17 22:00:39,982 - INFO - mp-1077982, 4, S:4, 1.000, 7.963
2026-08-17 22:00:40,041 - INFO - mp-1077893, 2, T:4, 1.000, 0.002
2026-08-17 22:00:40,196 - INFO - mp-1078053, 2, T:4, 1.000, 0.045
2026-08-17 22:00:40,593 - ERROR - No coordination environment symbols available for mp-1078098 and index 6.
2026-08-17 22:00:41,050 - INFO - mp-1078104, 0, O:6, 1.000, 0.578
2026-08-17 22:00:41,076 - INFO - mp-1078132, 4, O:6, 1.000, 2.573
2026-08-17 22:00:41,116 - INFO - mp-1078162, 0, O:6, 1.000, 0.169
2026-08-17 22:00:41,220 - INFO - mp-1078113, 2, O:6, 1.000, 0.691
2026-08-17 22:00:41,383 - INFO - mp-1078159, 4, O:6, 1.000, 2.226
2026-08-17 22:00:41,752 - INFO - mp-1078209, 9, O:6, 1.000, 0.003
2026-08-17 22:00:41,899 - INFO - mp-1078182, 4, O:6, 1.000, 1.948
2026-08-17 22:00:42,278 - INFO - mp-1078217, 4, O:6, 1.000, 0.504
2026-08-17 22:00:42,367 - INFO - mp-1078299, 0, S:4, 1.000, 0.000
2026-08-17 22:00:42,378 - WARNING - /opt/miniforge/envs/sandbox/lib/python3.12/site-packages/pymatgen/io/cif.py:1817: UserWarning: Issues encountered while parsing CIF: 4 fractional coordinates rounded to ideal values to avoid issues with finite precision.
  return parser.parse_structures(primitive=primitive)[0]

2026-08-17 22:00:42,677 - INFO - mp-1078283, 4, O:6, 1.000, 1.962
2026-08-17 22:00:42,683 - INFO - mp-1078247, 4, O:6, 1.000, 0.108
2026-08-17 22:00:42,731 - INFO - mp-1078277, 6, O:6, 1.000, 0.217
2026-08-17 22:00:43,295 - INFO - mp-1078361, 0, O:6, 1.000, 0.170
2026-08-17 22:00:43,302 - INFO - mp-1078361, 4, O:6, 1.000, 0.170
2026-08-17 22:00:43,404 - INFO - mp-1078332, 2, T:4, 1.000, 0.411
2026-08-17 22:00:43,717 - INFO - mp-1078458, 6, O:6, 1.000, 0.812
2026-08-17 22:00:43,823 - INFO - mp-1078379, 0, O:6, 1.000, 1.058
2026-08-17 22:00:43,830 - INFO - mp-1078379, 2, O:6, 1.000, 1.058
2026-08-17 22:00:43,832 - INFO - mp-1078387, 0, T:4, 1.000, 0.000
2026-08-17 22:00:43,903 - INFO - mp-1078517, 4, T:4, 1.000, 0.135
2026-08-17 22:00:44,080 - INFO - mp-1078415, 2, T:4, 1.000, 0.317
2026-08-17 22:00:44,302 - INFO - mp-1078538, 0, O:6, 1.000, 0.956
2026-08-17 22:00:44,312 - WARNING - /opt/miniforge/envs/sandbox/lib/python3.12/site-packages/pymatgen/io/cif.py:1817: UserWarning: Issues encountered while parsing CIF: 2 fractional coordinates rounded to ideal values to avoid issues with finite precision.
  return parser.parse_structures(primitive=primitive)[0]

2026-08-17 22:00:44,391 - INFO - mp-1078491, 4, T:4, 1.000, 0.918
2026-08-17 22:00:45,149 - INFO - mp-1078707, 4, T:5, 0.689, 5.479
2026-08-17 22:00:45,238 - INFO - mp-1078634, 2, O:6, 1.000, 0.028
2026-08-17 22:00:45,244 - INFO - mp-1078634, 3, O:6, 1.000, 0.046
2026-08-17 22:00:45,270 - ERROR - No coordination environment symbols available for mp-1078766 and index 2.
2026-08-17 22:00:45,294 - INFO - mp-1078579, 0, T:6, 1.000, 5.411
2026-08-17 22:00:45,308 - INFO - mp-1078579, 2, T:6, 1.000, 3.645
2026-08-17 22:00:45,318 - ERROR - No coordination environment symbols available for mp-1078579 and index 4.
2026-08-17 22:00:45,318 - ERROR - No coordination environment symbols available for mp-1078579 and index 6.
2026-08-17 22:00:45,383 - INFO - mp-1078679, 2, T:4, 1.000, 0.630
2026-08-17 22:00:45,445 - INFO - mp-1078705, 2, T:4, 1.000, 0.410
2026-08-17 22:00:45,663 - INFO - mp-1078746, 8, O:6, 1.000, 0.000
2026-08-17 22:00:45,900 - INFO - mp-1078945, 0, O:6, 1.000, 0.952
2026-08-17 22:00:46,347 - INFO - mp-1078912, 6, O:6, 1.000, 0.007
2026-08-17 22:00:46,631 - INFO - mp-1078984, 4, O:6, 1.000, 1.918
2026-08-17 22:00:46,785 - INFO - mp-1078997, 4, S:5, 0.703, 5.068
2026-08-17 22:00:46,795 - INFO - mp-1079126, 8, O:6, 1.000, 0.000
2026-08-17 22:00:46,886 - INFO - mp-1079119, 2, T:4, 1.000, 0.655
2026-08-17 22:00:46,893 - INFO - mp-1079106, 2, T:6, 1.000, 4.114
2026-08-17 22:00:47,593 - INFO - mp-1079306, 6, S:4, 0.977, 0.001
2026-08-17 22:00:47,622 - INFO - mp-1079176, 4, O:6, 1.000, 1.984
2026-08-17 22:00:47,708 - ERROR - No coordination environment symbols available for mp-1079337 and index 0.
2026-08-17 22:00:47,799 - ERROR - No coordination environment symbols available for mp-1079399 and index 6.
2026-08-17 22:00:47,890 - INFO - mp-1079380, 2, T:4, 1.000, 0.001
2026-08-17 22:00:48,178 - INFO - mp-1079437, 0, O:6, 1.000, 0.315
2026-08-17 22:00:48,202 - WARNING - /opt/miniforge/envs/sandbox/lib/python3.12/site-packages/pymatgen/io/cif.py:1817: UserWarning: Issues encountered while parsing CIF: 8 fractional coordinates rounded to ideal values to avoid issues with finite precision.
  return parser.parse_structures(primitive=primitive)[0]

2026-08-17 22:00:48,733 - INFO - mp-1079507, 2, T:4, 1.000, 0.290
2026-08-17 22:00:48,749 - WARNING - /opt/miniforge/envs/sandbox/lib/python3.12/site-packages/pymatgen/io/cif.py:1817: UserWarning: Issues encountered while parsing CIF: 2 fractional coordinates rounded to ideal values to avoid issues with finite precision.
  return parser.parse_structures(primitive=primitive)[0]

2026-08-17 22:00:48,757 - INFO - mp-1079562, 4, O:6, 1.000, 0.360
2026-08-17 22:00:48,891 - INFO - mp-1079439, 0, O:6, 1.000, 0.141
2026-08-17 22:00:48,946 - INFO - mp-1079680, 2, S:4, 1.000, 5.338
2026-08-17 22:00:49,238 - INFO - mp-1079633, 0, O:6, 1.000, 2.950
2026-08-17 22:00:49,482 - ERROR - No coordination environment symbols available for mp-1079570 and index 2.
2026-08-17 22:00:50,183 - INFO - mp-1079573, 4, O:6, 1.000, 1.938
2026-08-17 22:00:50,194 - INFO - mp-1079848, 2, T:4, 1.000, 0.211
2026-08-17 22:00:50,205 - WARNING - /opt/miniforge/envs/sandbox/lib/python3.12/site-packages/pymatgen/io/cif.py:1817: UserWarning: Issues encountered while parsing CIF: 2 fractional coordinates rounded to ideal values to avoid issues with finite precision.
  return parser.parse_structures(primitive=primitive)[0]

2026-08-17 22:00:50,207 - WARNING - /opt/miniforge/envs/sandbox/lib/python3.12/site-packages/pymatgen/io/cif.py:1817: UserWarning: Issues encountered while parsing CIF: 2 fractional coordinates rounded to ideal values to avoid issues with finite precision.
  return parser.parse_structures(primitive=primitive)[0]

2026-08-17 22:00:50,383 - INFO - mp-1079847, 2, O:6, 1.000, 0.312
2026-08-17 22:00:50,437 - INFO - mp-1079872, 2, T:4, 1.000, 0.546
2026-08-17 22:00:50,564 - INFO - mp-1079795, 2, O:6, 1.000, 0.229
2026-08-17 22:00:50,576 - WARNING - /opt/miniforge/envs/sandbox/lib/python3.12/site-packages/pymatgen/io/cif.py:1817: UserWarning: Issues encountered while parsing CIF: 2 fractional coordinates rounded to ideal values to avoid issues with finite precision.
  return parser.parse_structures(primitive=primitive)[0]

2026-08-17 22:00:50,892 - INFO - mp-1079859, 2, T:4, 1.000, 0.566
2026-08-17 22:00:51,180 - INFO - mp-1080120, 0, T:5, 0.750, 3.918
2026-08-17 22:00:51,190 - WARNING - /opt/miniforge/envs/sandbox/lib/python3.12/site-packages/pymatgen/io/cif.py:1817: UserWarning: Issues encountered while parsing CIF: 2 fractional coordinates rounded to ideal values to avoid issues with finite precision.
  return parser.parse_structures(primitive=primitive)[0]

2026-08-17 22:00:51,204 - ERROR - No coordination environment symbols available for mp-1079887 and index 2.
2026-08-17 22:00:51,353 - INFO - mp-1080089, 3, T:4, 1.000, 1.557
2026-08-17 22:00:51,354 - WARNING - /Users/marius/Code/gitlab.esrf.fr/spectroscopy/xasml/src/xasml/datasets/fdmnes/io.py:29: RuntimeWarning: divide by zero encountered in divide
  a = np.pi * gamma_max * (f - 1 / f**2) / (3 * x_larg)

2026-08-17 22:00:51,364 - WARNING - /opt/miniforge/envs/sandbox/lib/python3.12/site-packages/pymatgen/io/cif.py:1817: UserWarning: Issues encountered while parsing CIF: 2 fractional coordinates rounded to ideal values to avoid issues with finite precision.
  return parser.parse_structures(primitive=primitive)[0]

2026-08-17 22:00:51,390 - ERROR - No coordination environment symbols available for mp-1079939 and index 0.
2026-08-17 22:00:51,691 - ERROR - No coordination environment symbols available for mp-1079968 and index 6.
2026-08-17 22:00:51,691 - ERROR - No coordination environment symbols available for mp-1079968 and index 8.
2026-08-17 22:00:51,862 - INFO - mp-1080474, 0, O:6, 1.000, 0.276
2026-08-17 22:00:51,867 - INFO - mp-1080113, 2, T:4, 1.000, 0.027
2026-08-17 22:00:51,933 - ERROR - No coordination environment symbols available for mp-1080476 and index 0.
2026-08-17 22:00:51,937 - WARNING - /opt/miniforge/envs/sandbox/lib/python3.12/site-packages/pymatgen/io/cif.py:1817: UserWarning: Issues encountered while parsing CIF: 2 fractional coordinates rounded to ideal values to avoid issues with finite precision.
  return parser.parse_structures(primitive=primitive)[0]

2026-08-17 22:00:52,161 - INFO - mp-1080525, 0, S:5, 0.950, 2.572
2026-08-17 22:00:52,184 - WARNING - /opt/miniforge/envs/sandbox/lib/python3.12/site-packages/pymatgen/io/cif.py:1817: UserWarning: Issues encountered while parsing CIF: 2 fractional coordinates rounded to ideal values to avoid issues with finite precision.
  return parser.parse_structures(primitive=primitive)[0]

2026-08-17 22:00:52,455 - INFO - mp-1080486, 3, T:4, 1.000, 0.812
2026-08-17 22:00:52,455 - WARNING - /Users/marius/Code/gitlab.esrf.fr/spectroscopy/xasml/src/xasml/datasets/fdmnes/io.py:29: RuntimeWarning: divide by zero encountered in divide
  a = np.pi * gamma_max * (f - 1 / f**2) / (3 * x_larg)

2026-08-17 22:00:52,564 - INFO - mp-1080526, 8, T:6, 1.000, 0.003
2026-08-17 22:00:52,810 - INFO - mp-1080591, 2, T:4, 1.000, 0.212
2026-08-17 22:00:52,826 - ERROR - No coordination environment symbols available for mp-1080603 and index 0.
2026-08-17 22:00:52,826 - ERROR - No coordination environment symbols available for mp-1080603 and index 8.
2026-08-17 22:00:52,834 - WARNING - /opt/miniforge/envs/sandbox/lib/python3.12/site-packages/pymatgen/io/cif.py:1817: UserWarning: Issues encountered while parsing CIF: 2 fractional coordinates rounded to ideal values to avoid issues with finite precision.
  return parser.parse_structures(primitive=primitive)[0]

2026-08-17 22:00:53,193 - INFO - mp-1080698, 0, O:6, 1.000, 6.068
2026-08-17 22:00:53,282 - INFO - mp-1080643, 4, O:6, 1.000, 3.414
2026-08-17 22:00:53,487 - INFO - mp-1080749, 8, T:4, 1.000, 0.000
2026-08-17 22:00:53,623 - INFO - mp-1080645, 4, T:5, 0.668, 5.501
2026-08-17 22:00:53,638 - WARNING - /opt/miniforge/envs/sandbox/lib/python3.12/site-packages/pymatgen/io/cif.py:1817: UserWarning: Issues encountered while parsing CIF: 2 fractional coordinates rounded to ideal values to avoid issues with finite precision.
  return parser.parse_structures(primitive=primitive)[0]

2026-08-17 22:00:53,650 - INFO - mp-1080653, 0, S:5, 0.994, 1.239
2026-08-17 22:00:54,021 - INFO - mp-1080777, 4, O:6, 1.000, 1.931
2026-08-17 22:00:54,390 - ERROR - No coordination environment symbols available for mp-1084832 and index 0.
2026-08-17 22:00:54,390 - ERROR - No coordination environment symbols available for mp-1084832 and index 8.
2026-08-17 22:00:54,447 - INFO - mp-1080783, 4, T:5, 0.793, 6.236
2026-08-17 22:00:54,514 - WARNING - /opt/miniforge/envs/sandbox/lib/python3.12/site-packages/pymatgen/io/cif.py:1817: UserWarning: Issues encountered while parsing CIF: 2 fractional coordinates rounded to ideal values to avoid issues with finite precision.
  return parser.parse_structures(primitive=primitive)[0]

2026-08-17 22:00:54,551 - INFO - mp-1080817, 3, T:4, 1.000, 1.561
2026-08-17 22:00:54,636 - INFO - mp-1086660, 4, S:4, 1.000, 0.000
2026-08-17 22:00:54,730 - INFO - mp-1087471, 0, T:4, 1.000, 0.024
2026-08-17 22:00:55,222 - INFO - mp-1087511, 2, T:4, 1.000, 0.251
2026-08-17 22:00:55,272 - ERROR - No coordination environment symbols available for mp-1087505 and index 2.
2026-08-17 22:00:55,276 - WARNING - /opt/miniforge/envs/sandbox/lib/python3.12/site-packages/pymatgen/io/cif.py:1817: UserWarning: Issues encountered while parsing CIF: 2 fractional coordinates rounded to ideal values to avoid issues with finite precision.
  return parser.parse_structures(primitive=primitive)[0]

2026-08-17 22:00:55,285 - INFO - mp-1087487, 8, T:6, 1.000, 0.021
2026-08-17 22:00:55,285 - WARNING - /Users/marius/Code/gitlab.esrf.fr/spectroscopy/xasml/src/xasml/datasets/fdmnes/io.py:29: RuntimeWarning: divide by zero encountered in divide
  a = np.pi * gamma_max * (f - 1 / f**2) / (3 * x_larg)

2026-08-17 22:00:55,739 - INFO - mp-1095076, 4, S:4, 1.000, 0.000
2026-08-17 22:00:56,047 - INFO - mp-1095040, 3, T:4, 1.000, 0.791
2026-08-17 22:00:56,056 - INFO - mp-1087539, 4, T:5, 0.700, 6.463
2026-08-17 22:00:56,249 - INFO - mp-1095063, 4, T:5, 0.505, 5.557
2026-08-17 22:00:56,495 - INFO - mp-1095137, 2, T:4, 1.000, 0.074
2026-08-17 22:00:56,835 - INFO - mp-1095148, 3, T:4, 1.000, 1.414
2026-08-17 22:00:56,852 - WARNING - /opt/miniforge/envs/sandbox/lib/python3.12/site-packages/pymatgen/io/cif.py:1817: UserWarning: Issues encountered while parsing CIF: 2 fractional coordinates rounded to ideal values to avoid issues with finite precision.
  return parser.parse_structures(primitive=primitive)[0]

2026-08-17 22:00:56,905 - INFO - mp-1095213, 2, T:4, 1.000, 1.581
2026-08-17 22:00:56,915 - WARNING - /opt/miniforge/envs/sandbox/lib/python3.12/site-packages/pymatgen/io/cif.py:1817: UserWarning: Issues encountered while parsing CIF: 4 fractional coordinates rounded to ideal values to avoid issues with finite precision.
  return parser.parse_structures(primitive=primitive)[0]

2026-08-17 22:00:57,323 - INFO - mp-1095170, 4, O:6, 1.000, 0.004
2026-08-17 22:00:58,004 - INFO - mp-1095280, 2, T:4, 1.000, 1.064
2026-08-17 22:00:58,014 - INFO - mp-1095280, 4, T:4, 1.000, 1.053
2026-08-17 22:00:58,032 - INFO - mp-1095055, 0, O:6, 1.000, 2.765
2026-08-17 22:00:58,063 - ERROR - No coordination environment symbols available for mp-1095443 and index 4.
2026-08-17 22:00:58,063 - ERROR - No coordination environment symbols available for mp-1095443 and index 10.
2026-08-17 22:00:58,329 - INFO - mp-1095445, 1, O:6, 1.000, 0.020
2026-08-17 22:00:58,420 - INFO - mp-1095382, 0, O:6, 1.000, 0.200
2026-08-17 22:00:58,426 - INFO - mp-1095382, 4, O:6, 1.000, 0.314
2026-08-17 22:00:58,432 - INFO - mp-1095382, 8, S:5, 1.000, 0.985
2026-08-17 22:00:58,750 - INFO - mp-1095303, 0, O:6, 1.000, 1.381
2026-08-17 22:00:59,316 - INFO - mp-1095664, 0, S:5, 0.995, 1.279
2026-08-17 22:00:59,344 - INFO - mp-1095668, 4, T:4, 1.000, 0.409
2026-08-17 22:00:59,345 - WARNING - /Users/marius/Code/gitlab.esrf.fr/spectroscopy/xasml/src/xasml/datasets/fdmnes/io.py:29: RuntimeWarning: divide by zero encountered in divide
  a = np.pi * gamma_max * (f - 1 / f**2) / (3 * x_larg)

2026-08-17 22:00:59,567 - ERROR - No coordination environment symbols available for mp-1095682 and index 0.
2026-08-17 22:00:59,567 - ERROR - No coordination environment symbols available for mp-1095682 and index 8.
2026-08-17 22:00:59,567 - ERROR - No coordination environment symbols available for mp-1095682 and index 12.
2026-08-17 22:00:59,627 - INFO - mp-1095516, 4, T:4, 1.000, 0.037
2026-08-17 22:00:59,667 - WARNING - /opt/miniforge/envs/sandbox/lib/python3.12/site-packages/pymatgen/io/cif.py:1817: UserWarning: Issues encountered while parsing CIF: 4 fractional coordinates rounded to ideal values to avoid issues with finite precision.
  return parser.parse_structures(primitive=primitive)[0]

2026-08-17 22:00:59,674 - WARNING - /opt/miniforge/envs/sandbox/lib/python3.12/site-packages/pymatgen/io/cif.py:1817: UserWarning: Issues encountered while parsing CIF: 4 fractional coordinates rounded to ideal values to avoid issues with finite precision.
  return parser.parse_structures(primitive=primitive)[0]

2026-08-17 22:00:59,858 - ERROR - No coordination environment symbols available for mp-1095585 and index 10.
2026-08-17 22:00:59,904 - ERROR - No coordination environment symbols available for mp-1095452 and index 6.
2026-08-17 22:01:00,046 - INFO - mp-1095252, 2, T:4, 1.000, 1.205
2026-08-17 22:01:00,053 - INFO - mp-1095252, 3, T:4, 1.000, 1.211
2026-08-17 22:01:00,059 - INFO - mp-1095252, 4, T:4, 1.000, 1.091
2026-08-17 22:01:00,068 - INFO - mp-1095252, 5, T:4, 1.000, 1.117
2026-08-17 22:01:00,089 - INFO - mp-1097017, 4, T:5, 1.000, 6.441
2026-08-17 22:01:00,099 - WARNING - /opt/miniforge/envs/sandbox/lib/python3.12/site-packages/pymatgen/io/cif.py:1817: UserWarning: Issues encountered while parsing CIF: 2 fractional coordinates rounded to ideal values to avoid issues with finite precision.
  return parser.parse_structures(primitive=primitive)[0]

2026-08-17 22:01:00,517 - INFO - mp-1095685, 6, T:5, 1.000, 7.064
2026-08-17 22:01:00,680 - INFO - mp-1097003, 0, O:6, 1.000, 1.523
2026-08-17 22:01:00,697 - WARNING - /opt/miniforge/envs/sandbox/lib/python3.12/site-packages/pymatgen/io/cif.py:1817: UserWarning: Issues encountered while parsing CIF: 2 fractional coordinates rounded to ideal values to avoid issues with finite precision.
  return parser.parse_structures(primitive=primitive)[0]

2026-08-17 22:01:01,019 - ERROR - No coordination environment symbols available for mp-1101907 and index 4.
2026-08-17 22:01:01,019 - ERROR - No coordination environment symbols available for mp-1101907 and index 10.
2026-08-17 22:01:01,048 - INFO - mp-1101759, 2, S:4, 1.000, 1.163
2026-08-17 22:01:01,055 - INFO - mp-1101759, 8, T:6, 1.000, 5.307
2026-08-17 22:01:01,063 - INFO - mp-1101870, 4, T:4, 1.000, 0.584
2026-08-17 22:01:01,129 - INFO - mp-1101894, 0, O:6, 1.000, 0.710
2026-08-17 22:01:01,357 - INFO - mp-1101797, 2, T:6, 1.000, 4.641
2026-08-17 22:01:01,375 - WARNING - /opt/miniforge/envs/sandbox/lib/python3.12/site-packages/pymatgen/io/cif.py:1817: UserWarning: Issues encountered while parsing CIF: 8 fractional coordinates rounded to ideal values to avoid issues with finite precision.
  return parser.parse_structures(primitive=primitive)[0]

2026-08-17 22:01:01,502 - ERROR - No coordination environment symbols available for mp-1101819 and index 9.
2026-08-17 22:01:01,502 - ERROR - No coordination environment symbols available for mp-1101819 and index 27.
2026-08-17 22:01:01,502 - INFO - mp-1101819, 33, T:6, 1.000, 4.186
2026-08-17 22:01:01,636 - ERROR - No coordination environment symbols available for mp-1101922 and index 4.
2026-08-17 22:01:01,636 - ERROR - No coordination environment symbols available for mp-1101922 and index 10.
2026-08-17 22:01:01,641 - WARNING - /opt/miniforge/envs/sandbox/lib/python3.12/site-packages/pymatgen/io/cif.py:1817: UserWarning: Issues encountered while parsing CIF: 2 fractional coordinates rounded to ideal values to avoid issues with finite precision.
  return parser.parse_structures(primitive=primitive)[0]

2026-08-17 22:01:01,934 - INFO - mp-1101938, 0, T:6, 1.000, 7.427
2026-08-17 22:01:01,954 - INFO - mp-1101916, 4, T:5, 1.000, 2.988
2026-08-17 22:01:02,232 - INFO - mp-1101971, 0, O:6, 1.000, 0.723
2026-08-17 22:01:02,263 - INFO - mp-1101988, 4, T:4, 0.920, 0.569
2026-08-17 22:01:02,264 - INFO - mp-1101943, 4, T:4, 1.000, 0.441
2026-08-17 22:01:02,396 - INFO - mp-1102002, 0, O:6, 1.000, 0.554
2026-08-17 22:01:02,414 - WARNING - /opt/miniforge/envs/sandbox/lib/python3.12/site-packages/pymatgen/io/cif.py:1817: UserWarning: Issues encountered while parsing CIF: 4 fractional coordinates rounded to ideal values to avoid issues with finite precision.
  return parser.parse_structures(primitive=primitive)[0]

2026-08-17 22:01:02,810 - INFO - mp-1102059, 6, T:4, 1.000, 7.741
2026-08-17 22:01:03,294 - ERROR - No coordination environment symbols available for mp-1102099 and index 8.
2026-08-17 22:01:03,294 - ERROR - No coordination environment symbols available for mp-1102099 and index 16.
2026-08-17 22:01:03,294 - ERROR - No coordination environment symbols available for mp-1102099 and index 20.
2026-08-17 22:01:03,307 - WARNING - /opt/miniforge/envs/sandbox/lib/python3.12/site-packages/pymatgen/io/cif.py:1817: UserWarning: Issues encountered while parsing CIF: 2 fractional coordinates rounded to ideal values to avoid issues with finite precision.
  return parser.parse_structures(primitive=primitive)[0]

2026-08-17 22:01:03,364 - INFO - mp-1101998, 4, T:5, 1.000, 0.651
2026-08-17 22:01:03,371 - ERROR - No coordination environment symbols available for mp-1101998 and index 6.
2026-08-17 22:01:03,371 - ERROR - No coordination environment symbols available for mp-1101998 and index 7.
2026-08-17 22:01:03,709 - INFO - mp-1102153, 4, T:4, 1.000, 0.461
2026-08-17 22:01:03,841 - ERROR - No coordination environment symbols available for mp-1102187 and index 9.
2026-08-17 22:01:03,841 - ERROR - No coordination environment symbols available for mp-1102187 and index 27.
2026-08-17 22:01:03,841 - INFO - mp-1102187, 33, T:6, 1.000, 4.232
2026-08-17 22:01:03,925 - ERROR - No coordination environment symbols available for mp-1102177 and index 10.
2026-08-17 22:01:03,936 - INFO - mp-1102205, 2, S:4, 1.000, 1.133
2026-08-17 22:01:03,951 - INFO - mp-1102205, 8, T:6, 1.000, 5.252
2026-08-17 22:01:03,965 - WARNING - /opt/miniforge/envs/sandbox/lib/python3.12/site-packages/pymatgen/io/cif.py:1817: UserWarning: Issues encountered while parsing CIF: 4 fractional coordinates rounded to ideal values to avoid issues with finite precision.
  return parser.parse_structures(primitive=primitive)[0]

2026-08-17 22:01:04,144 - INFO - mp-1102092, 1, O:6, 1.000, 0.126
2026-08-17 22:01:04,241 - ERROR - No coordination environment symbols available for mp-1102236 and index 4.
2026-08-17 22:01:04,241 - ERROR - No coordination environment symbols available for mp-1102236 and index 10.
2026-08-17 22:01:04,483 - ERROR - No coordination environment symbols available for mp-1102211 and index 10.
2026-08-17 22:01:04,954 - ERROR - No coordination environment symbols available for mp-1102237 and index 10.
2026-08-17 22:01:04,964 - WARNING - /opt/miniforge/envs/sandbox/lib/python3.12/site-packages/pymatgen/io/cif.py:1817: UserWarning: Issues encountered while parsing CIF: 2 fractional coordinates rounded to ideal values to avoid issues with finite precision.
  return parser.parse_structures(primitive=primitive)[0]

2026-08-17 22:01:05,008 - INFO - mp-1102288, 0, O:6, 1.000, 0.378
2026-08-17 22:01:05,122 - INFO - mp-1102314, 4, T:4, 0.954, 0.586
2026-08-17 22:01:05,132 - WARNING - /opt/miniforge/envs/sandbox/lib/python3.12/site-packages/pymatgen/io/cif.py:1817: UserWarning: Issues encountered while parsing CIF: 2 fractional coordinates rounded to ideal values to avoid issues with finite precision.
  return parser.parse_structures(primitive=primitive)[0]

2026-08-17 22:01:05,332 - ERROR - No coordination environment symbols available for mp-1102259 and index 10.
2026-08-17 22:01:05,446 - INFO - mp-1102349, 2, S:4, 1.000, 1.017
2026-08-17 22:01:05,452 - INFO - mp-1102349, 8, T:6, 1.000, 4.949
2026-08-17 22:01:05,792 - ERROR - No coordination environment symbols available for mp-1102392 and index 9.
2026-08-17 22:01:05,792 - ERROR - No coordination environment symbols available for mp-1102392 and index 27.
2026-08-17 22:01:05,792 - INFO - mp-1102392, 33, T:6, 1.000, 4.363
2026-08-17 22:01:05,809 - INFO - mp-1102363, 0, T:4, 1.000, 2.009
2026-08-17 22:01:05,968 - ERROR - No coordination environment symbols available for mp-1102431 and index 4.
2026-08-17 22:01:05,968 - ERROR - No coordination environment symbols available for mp-1102431 and index 10.
2026-08-17 22:01:05,972 - WARNING - /opt/miniforge/envs/sandbox/lib/python3.12/site-packages/pymatgen/io/cif.py:1817: UserWarning: Issues encountered while parsing CIF: 2 fractional coordinates rounded to ideal values to avoid issues with finite precision.
  return parser.parse_structures(primitive=primitive)[0]

2026-08-17 22:01:06,296 - INFO - mp-1102452, 4, T:4, 1.000, 0.499
2026-08-17 22:01:06,370 - INFO - mp-1102564, 4, T:4, 1.000, 7.727
2026-08-17 22:01:06,534 - INFO - mp-1102580, 0, O:6, 1.000, 0.535
2026-08-17 22:01:06,671 - INFO - mp-1102584, 8, T:4, 1.000, 6.654
2026-08-17 22:01:06,928 - ERROR - No coordination environment symbols available for mp-1102680 and index 4.
2026-08-17 22:01:06,928 - ERROR - No coordination environment symbols available for mp-1102680 and index 10.
2026-08-17 22:01:06,935 - ERROR - No coordination environment symbols available for mp-1102664 and index 8.
2026-08-17 22:01:06,940 - WARNING - /opt/miniforge/envs/sandbox/lib/python3.12/site-packages/pymatgen/io/cif.py:1817: UserWarning: Issues encountered while parsing CIF: 2 fractional coordinates rounded to ideal values to avoid issues with finite precision.
  return parser.parse_structures(primitive=primitive)[0]

2026-08-17 22:01:06,943 - ERROR - No coordination environment symbols available for mp-1102660 and index 0.
2026-08-17 22:01:07,545 - ERROR - No coordination environment symbols available for mp-1102707 and index 0.
2026-08-17 22:01:07,572 - INFO - mp-1102399, 0, O:6, 0.817, 4.255
2026-08-17 22:01:07,578 - INFO - mp-1102399, 1, O:6, 1.000, 3.390
2026-08-17 22:01:07,776 - INFO - mp-1102779, 0, S:4, 1.000, 2.185
2026-08-17 22:01:07,782 - ERROR - No coordination environment symbols available for mp-1102779 and index 4.
2026-08-17 22:01:08,254 - ERROR - No coordination environment symbols available for mp-1102936 and index 8.
2026-08-17 22:01:08,292 - INFO - mp-1102843, 0, T:4, 1.000, 0.404
2026-08-17 22:01:08,408 - INFO - mp-1102754, 6, T:4, 1.000, 0.147
2026-08-17 22:01:08,435 - INFO - mp-1102704, 4, T:6, 1.000, 4.452
2026-08-17 22:01:08,776 - INFO - mp-1102980, 4, T:4, 1.000, 0.465
2026-08-17 22:01:09,104 - INFO - mp-1103030, 0, O:6, 0.944, 1.949
2026-08-17 22:01:09,114 - INFO - mp-1103030, 9, O:6, 0.944, 1.949
2026-08-17 22:01:09,326 - ERROR - No coordination environment symbols available for mp-1103015 and index 9.
2026-08-17 22:01:09,326 - ERROR - No coordination environment symbols available for mp-1103015 and index 27.
2026-08-17 22:01:09,326 - INFO - mp-1103015, 33, T:6, 1.000, 4.703
2026-08-17 22:01:09,397 - INFO - mp-1102979, 0, O:6, 1.000, 0.020
2026-08-17 22:01:09,459 - INFO - mp-1103067, 0, O:6, 1.000, 0.964
2026-08-17 22:01:09,608 - ERROR - No coordination environment symbols available for mp-1103173 and index 8.
2026-08-17 22:01:09,726 - INFO - mp-1103093, 0, T:4, 1.000, 1.236
2026-08-17 22:01:09,738 - WARNING - /opt/miniforge/envs/sandbox/lib/python3.12/site-packages/pymatgen/io/cif.py:1817: UserWarning: Issues encountered while parsing CIF: 6 fractional coordinates rounded to ideal values to avoid issues with finite precision.
  return parser.parse_structures(primitive=primitive)[0]

2026-08-17 22:01:10,036 - INFO - mp-1103177, 0, O:6, 1.000, 0.401
2026-08-17 22:01:10,383 - INFO - mp-1103080, 8, T:4, 1.000, 0.323
2026-08-17 22:01:10,428 - INFO - mp-1103174, 4, T:4, 1.000, 0.082
2026-08-17 22:01:10,513 - INFO - mp-1103256, 0, O:6, 1.000, 0.577
2026-08-17 22:01:10,525 - INFO - mp-1103196, 4, T:4, 1.000, 0.475
2026-08-17 22:01:11,121 - INFO - mp-1103214, 6, S:4, 0.504, 0.012
2026-08-17 22:01:11,584 - INFO - mp-1103452, 3, O:6, 1.000, 0.004
2026-08-17 22:01:11,656 - INFO - mp-1103481, 6, O:6, 1.000, 7.245
2026-08-17 22:01:11,695 - INFO - mp-1103568, 2, T:4, 1.000, 2.425
2026-08-17 22:01:11,863 - ERROR - No coordination environment symbols available for mp-1103361 and index 6.
2026-08-17 22:01:11,919 - INFO - mp-1103537, 8, T:4, 1.000, 4.613
2026-08-17 22:01:12,291 - ERROR - No coordination environment symbols available for mp-1103553 and index 14.
2026-08-17 22:01:12,291 - ERROR - No coordination environment symbols available for mp-1103553 and index 22.
2026-08-17 22:01:12,295 - WARNING - /opt/miniforge/envs/sandbox/lib/python3.12/site-packages/pymatgen/io/cif.py:1817: UserWarning: Issues encountered while parsing CIF: 6 fractional coordinates rounded to ideal values to avoid issues with finite precision.
  return parser.parse_structures(primitive=primitive)[0]

2026-08-17 22:01:12,407 - INFO - mp-1103543, 4, T:4, 1.000, 0.716
2026-08-17 22:01:12,816 - INFO - mp-1103605, 4, T:4, 1.000, 0.575
2026-08-17 22:01:12,982 - ERROR - No coordination environment symbols available for mp-1103635 and index 10.
2026-08-17 22:01:12,982 - ERROR - No coordination environment symbols available for mp-1103635 and index 18.
2026-08-17 22:01:12,987 - INFO - mp-1103705, 0, O:6, 1.000, 7.965
2026-08-17 22:01:13,038 - INFO - mp-1103591, 4, T:4, 1.000, 0.523
2026-08-17 22:01:13,651 - INFO - mp-1103684, 0, O:6, 1.000, 1.798
2026-08-17 22:01:13,658 - INFO - mp-1103684, 4, O:6, 1.000, 1.798
2026-08-17 22:01:14,203 - INFO - mp-1103811, 3, O:6, 1.000, 0.013
2026-08-17 22:01:14,220 - WARNING - /opt/miniforge/envs/sandbox/lib/python3.12/site-packages/pymatgen/io/cif.py:1817: UserWarning: Issues encountered while parsing CIF: 4 fractional coordinates rounded to ideal values to avoid issues with finite precision.
  return parser.parse_structures(primitive=primitive)[0]

2026-08-17 22:01:14,295 - ERROR - No coordination environment symbols available for mp-1103826 and index 21.
2026-08-17 22:01:14,428 - ERROR - No coordination environment symbols available for mp-1103885 and index 18.
2026-08-17 22:01:14,428 - ERROR - No coordination environment symbols available for mp-1103885 and index 36.
2026-08-17 22:01:14,477 - INFO - mp-1103601, 0, O:6, 1.000, 0.818
2026-08-17 22:01:15,149 - INFO - mp-1103886, 2, O:6, 1.000, 0.748
2026-08-17 22:01:15,502 - INFO - mp-1103895, 10, T:4, 1.000, 0.187
2026-08-17 22:01:15,568 - ERROR - No coordination environment symbols available for mp-1103910 and index 14.
2026-08-17 22:01:15,568 - ERROR - No coordination environment symbols available for mp-1103910 and index 22.
2026-08-17 22:01:15,832 - INFO - mp-1103948, 8, T:4, 1.000, 4.419
2026-08-17 22:01:16,055 - ERROR - No coordination environment symbols available for mp-1103938 and index 1.
2026-08-17 22:01:16,295 - INFO - mp-1103970, 0, O:6, 1.000, 0.027
2026-08-17 22:01:17,030 - ERROR - No coordination environment symbols available for mp-1103998 and index 0.
2026-08-17 22:01:17,209 - INFO - mp-1103957, 0, O:6, 1.000, 0.575
2026-08-17 22:01:17,219 - INFO - mp-1103986, 4, T:4, 1.000, 0.502
2026-08-17 22:01:17,353 - ERROR - No coordination environment symbols available for mp-1104104 and index 24.
2026-08-17 22:01:17,625 - INFO - mp-1104152, 8, T:4, 1.000, 4.436
2026-08-17 22:01:18,083 - INFO - mp-1103995, 6, O:6, 1.000, 0.072
2026-08-17 22:01:18,441 - INFO - mp-1104176, 4, T:4, 1.000, 0.715
2026-08-17 22:01:18,510 - ERROR - No coordination environment symbols available for mp-1104222 and index 2.
2026-08-17 22:01:18,510 - ERROR - No coordination environment symbols available for mp-1104222 and index 10.
2026-08-17 22:01:18,510 - ERROR - No coordination environment symbols available for mp-1104222 and index 18.
2026-08-17 22:01:18,642 - ERROR - No coordination environment symbols available for mp-1104217 and index 10.
2026-08-17 22:01:18,644 - ERROR - No coordination environment symbols available for mp-1104217 and index 18.
2026-08-17 22:01:18,993 - INFO - mp-1104205, 4, T:4, 1.000, 0.728
2026-08-17 22:01:19,035 - INFO - mp-1104227, 0, O:6, 1.000, 0.478
2026-08-17 22:01:19,655 - INFO - mp-1104250, 8, T:4, 1.000, 4.524
2026-08-17 22:01:19,806 - ERROR - No coordination environment symbols available for mp-1104258 and index 10.
2026-08-17 22:01:19,806 - ERROR - No coordination environment symbols available for mp-1104258 and index 18.
2026-08-17 22:01:19,944 - INFO - mp-1104267, 2, T:4, 1.000, 1.678
2026-08-17 22:01:19,954 - INFO - mp-1104267, 6, T:4, 1.000, 3.424
2026-08-17 22:01:19,965 - INFO - mp-1104229, 4, O:6, 1.000, 1.946
2026-08-17 22:01:19,971 - INFO - mp-1104229, 6, O:6, 1.000, 1.946
2026-08-17 22:01:20,589 - ERROR - No coordination environment symbols available for mp-1104273 and index 18.
2026-08-17 22:01:20,603 - ERROR - No coordination environment symbols available for mp-1104274 and index 12.
2026-08-17 22:01:20,603 - ERROR - No coordination environment symbols available for mp-1104274 and index 18.
2026-08-17 22:01:20,614 - INFO - mp-1103865, 2, O:6, 1.000, 0.535
2026-08-17 22:01:20,621 - INFO - mp-1103865, 3, O:6, 1.000, 0.556
2026-08-17 22:01:20,627 - INFO - mp-1103865, 4, O:6, 1.000, 0.540
2026-08-17 22:01:20,633 - INFO - mp-1103865, 5, O:6, 1.000, 0.561
2026-08-17 22:01:20,712 - INFO - mp-1104283, 2, T:4, 1.000, 2.371
2026-08-17 22:01:20,891 - INFO - mp-1104261, 2, S:4, 0.985, 0.093
2026-08-17 22:01:20,902 - INFO - mp-1104261, 3, S:4, 0.969, 0.067
2026-08-17 22:01:21,342 - INFO - mp-1104308, 2, T:4, 1.000, 1.698
2026-08-17 22:01:21,349 - INFO - mp-1104308, 6, T:4, 1.000, 3.386
2026-08-17 22:01:21,573 - ERROR - No coordination environment symbols available for mp-1104305 and index 12.
2026-08-17 22:01:21,573 - ERROR - No coordination environment symbols available for mp-1104305 and index 18.
2026-08-17 22:01:21,699 - ERROR - No coordination environment symbols available for mp-1104284 and index 14.
2026-08-17 22:01:21,699 - ERROR - No coordination environment symbols available for mp-1104284 and index 22.
2026-08-17 22:01:22,536 - ERROR - No coordination environment symbols available for mp-1104317 and index 14.
2026-08-17 22:01:22,536 - ERROR - No coordination environment symbols available for mp-1104317 and index 22.
2026-08-17 22:01:22,605 - INFO - mp-1104355, 0, O:6, 1.000, 0.004
2026-08-17 22:01:22,618 - INFO - mp-1104355, 4, O:6, 1.000, 0.004
2026-08-17 22:01:22,651 - INFO - mp-1104410, 8, T:4, 1.000, 0.020
2026-08-17 22:01:22,775 - ERROR - No coordination environment symbols available for mp-1104438 and index 14.
2026-08-17 22:01:22,775 - ERROR - No coordination environment symbols available for mp-1104438 and index 22.
2026-08-17 22:01:22,940 - INFO - mp-1104448, 0, O:6, 1.000, 0.958
2026-08-17 22:01:23,227 - ERROR - No coordination environment symbols available for mp-1104452 and index 12.
2026-08-17 22:01:23,228 - ERROR - No coordination environment symbols available for mp-1104452 and index 18.
2026-08-17 22:01:23,326 - ERROR - No coordination environment symbols available for mp-1104462 and index 18.
2026-08-17 22:01:23,333 - WARNING - /opt/miniforge/envs/sandbox/lib/python3.12/site-packages/pymatgen/io/cif.py:1817: UserWarning: Issues encountered while parsing CIF: 4 fractional coordinates rounded to ideal values to avoid issues with finite precision.
  return parser.parse_structures(primitive=primitive)[0]

2026-08-17 22:01:23,394 - INFO - mp-1104343, 0, O:6, 1.000, 0.399
2026-08-17 22:01:24,127 - INFO - mp-1104494, 2, T:4, 1.000, 2.440
2026-08-17 22:01:24,250 - ERROR - No coordination environment symbols available for mp-1104491 and index 12.
2026-08-17 22:01:24,251 - ERROR - No coordination environment symbols available for mp-1104491 and index 18.
2026-08-17 22:01:24,499 - ERROR - No coordination environment symbols available for mp-1104485 and index 14.
2026-08-17 22:01:24,500 - ERROR - No coordination environment symbols available for mp-1104485 and index 22.
2026-08-17 22:01:24,560 - INFO - mp-1104515, 8, T:4, 1.000, 4.964
2026-08-17 22:01:25,024 - ERROR - No coordination environment symbols available for mp-1104561 and index 18.
2026-08-17 22:01:25,083 - INFO - mp-1104492, 0, O:6, 1.000, 0.034
2026-08-17 22:01:25,091 - INFO - mp-1104492, 1, O:6, 1.000, 0.065
2026-08-17 22:01:25,105 - INFO - mp-1104530, 0, O:6, 1.000, 0.296
2026-08-17 22:01:25,131 - ERROR - No coordination environment symbols available for mp-1104538 and index 1.
2026-08-17 22:01:25,259 - INFO - mp-1104575, 2, T:4, 1.000, 2.386
2026-08-17 22:01:25,754 - ERROR - No coordination environment symbols available for mp-1104580 and index 12.
2026-08-17 22:01:25,755 - ERROR - No coordination environment symbols available for mp-1104580 and index 18.
2026-08-17 22:01:26,014 - INFO - mp-1104614, 4, T:4, 1.000, 1.269
2026-08-17 22:01:26,094 - INFO - mp-1104628, 0, S:4, 1.000, 7.957
2026-08-17 22:01:26,102 - INFO - mp-1104628, 4, S:4, 1.000, 6.512
2026-08-17 22:01:26,634 - ERROR - No coordination environment symbols available for mp-1104685 and index 12.
2026-08-17 22:01:26,634 - ERROR - No coordination environment symbols available for mp-1104685 and index 18.
2026-08-17 22:01:26,753 - INFO - mp-1104653, 12, S:4, 1.000, 2.562
2026-08-17 22:01:26,823 - ERROR - No coordination environment symbols available for mp-1104719 and index 18.
2026-08-17 22:01:27,245 - INFO - mp-1104680, 8, T:4, 1.000, 0.074
2026-08-17 22:01:27,264 - ERROR - No coordination environment symbols available for mp-1104766 and index 2.
2026-08-17 22:01:27,353 - INFO - mp-1104716, 6, O:6, 1.000, 0.072
2026-08-17 22:01:27,742 - ERROR - No coordination environment symbols available for mp-1104739 and index 14.
2026-08-17 22:01:27,742 - ERROR - No coordination environment symbols available for mp-1104739 and index 22.
2026-08-17 22:01:27,903 - INFO - mp-1104799, 2, T:4, 1.000, 2.362
2026-08-17 22:01:28,427 - ERROR - No coordination environment symbols available for mp-1104873 and index 18.
2026-08-17 22:01:28,434 - WARNING - /opt/miniforge/envs/sandbox/lib/python3.12/site-packages/pymatgen/io/cif.py:1817: UserWarning: Issues encountered while parsing CIF: 4 fractional coordinates rounded to ideal values to avoid issues with finite precision.
  return parser.parse_structures(primitive=primitive)[0]

2026-08-17 22:01:28,559 - INFO - mp-1104929, 2, T:4, 1.000, 2.392
2026-08-17 22:01:28,565 - INFO - mp-1104802, 8, T:6, 1.000, 0.366
2026-08-17 22:01:28,578 - WARNING - /opt/miniforge/envs/sandbox/lib/python3.12/site-packages/pymatgen/io/cif.py:1817: UserWarning: Issues encountered while parsing CIF: 4 fractional coordinates rounded to ideal values to avoid issues with finite precision.
  return parser.parse_structures(primitive=primitive)[0]

2026-08-17 22:01:28,578 - ERROR - No coordination environment symbols available for mp-1104899 and index 2.
2026-08-17 22:01:28,578 - ERROR - No coordination environment symbols available for mp-1104899 and index 10.
2026-08-17 22:01:28,578 - ERROR - No coordination environment symbols available for mp-1104899 and index 18.
2026-08-17 22:01:28,584 - WARNING - /opt/miniforge/envs/sandbox/lib/python3.12/site-packages/pymatgen/io/cif.py:1817: UserWarning: Issues encountered while parsing CIF: 4 fractional coordinates rounded to ideal values to avoid issues with finite precision.
  return parser.parse_structures(primitive=primitive)[0]

2026-08-17 22:01:28,714 - INFO - mp-1104756, 10, O:6, 1.000, 0.338
2026-08-17 22:01:29,304 - ERROR - No coordination environment symbols available for mp-1104956 and index 18.
2026-08-17 22:01:29,304 - ERROR - No coordination environment symbols available for mp-1104956 and index 36.
2026-08-17 22:01:29,501 - INFO - mp-1104887, 2, O:6, 1.000, 0.881
2026-08-17 22:01:29,728 - ERROR - No coordination environment symbols available for mp-1104959 and index 14.
2026-08-17 22:01:29,728 - ERROR - No coordination environment symbols available for mp-1104959 and index 22.
2026-08-17 22:01:30,071 - ERROR - No coordination environment symbols available for mp-1104984 and index 18.
2026-08-17 22:01:30,268 - ERROR - No coordination environment symbols available for mp-1104975 and index 1.
2026-08-17 22:01:30,363 - INFO - mp-1104989, 1, O:6, 1.000, 0.030
2026-08-17 22:01:30,366 - ERROR - No coordination environment symbols available for mp-1104963 and index 1.
2026-08-17 22:01:30,385 - INFO - mp-1105054, 0, O:6, 1.000, 0.216
2026-08-17 22:01:30,566 - INFO - mp-1105063, 2, T:5, 1.000, 7.742
2026-08-17 22:01:31,259 - ERROR - No coordination environment symbols available for mp-1105065 and index 12.
2026-08-17 22:01:31,259 - ERROR - No coordination environment symbols available for mp-1105065 and index 18.
2026-08-17 22:01:31,635 - ERROR - No coordination environment symbols available for mp-1105077 and index 18.
2026-08-17 22:01:31,825 - INFO - mp-1105068, 4, T:4, 0.952, 0.819
2026-08-17 22:01:31,852 - WARNING - /opt/miniforge/envs/sandbox/lib/python3.12/site-packages/pymatgen/io/cif.py:1347: UserWarning: Incorrect stoichiometry:
  CIF={'Ca': 4.0, 'Fe': 2.0, 'Cu': 2.0, 'S': 2.0, 'O': 6.0}
  PMG={'Ca': 16.0, 'Fe': 2.0, 'Cu': 16.0, 'S': 16.0, 'O': 6.0}
  ratios={'Fe': 1.0, 'Cu': 8.0, 'O': 1.0, 'Ca': 4.0, 'S': 8.0}
  if struct := self._get_structure(data, primitive, symmetrized, check_occu=check_occu):

2026-08-17 22:01:31,860 - ERROR - Error processing material mp-1105354.
concurrent.futures.process._RemoteTraceback: 
"""
Traceback (most recent call last):
  File "/Users/marius/Code/gitlab.esrf.fr/spectroscopy/xasml/src/xasml/datasets/fdmnes/material.py", line 38, in get_unique_sites
    spa = SpacegroupAnalyzer(self.structure, symprec=0.01, angle_tolerance=5)
          ^^^^^^^^^^^^^^^^^^^^^^^^^^^^^^^^^^^^^^^^^^^^^^^^^^^^^^^^^^^^^^^^^^^
  File "/opt/miniforge/envs/sandbox/lib/python3.12/site-packages/pymatgen/symmetry/analyzer.py", line 156, in __init__
    self._space_group_data = _get_symmetry_dataset(self._cell, symprec, angle_tolerance)
                             ^^^^^^^^^^^^^^^^^^^^^^^^^^^^^^^^^^^^^^^^^^^^^^^^^^^^^^^^^^^
  File "/opt/miniforge/envs/sandbox/lib/python3.12/site-packages/pymatgen/symmetry/analyzer.py", line 81, in _get_symmetry_dataset
    raise SymmetryUndeterminedError("Unable to determine symmetry")
pymatgen.symmetry.analyzer.SymmetryUndeterminedError: Unable to determine symmetry

The above exception was the direct cause of the following exception:

Traceback (most recent call last):
  File "/opt/miniforge/envs/sandbox/lib/python3.12/concurrent/futures/process.py", line 264, in _process_worker
    r = call_item.fn(*call_item.args, **call_item.kwargs)
        ^^^^^^^^^^^^^^^^^^^^^^^^^^^^^^^^^^^^^^^^^^^^^^^^^
  File "/Users/marius/Code/gitlab.esrf.fr/spectroscopy/xasml/scripts/datasets/fdmnes/build_materials_database.py", line 80, in process_material
    unique_sites = material.get_unique_sites(ELEMENT)
                   ^^^^^^^^^^^^^^^^^^^^^^^^^^^^^^^^^^
  File "/Users/marius/Code/gitlab.esrf.fr/spectroscopy/xasml/src/xasml/datasets/fdmnes/material.py", line 40, in get_unique_sites
    raise ValueError(f"The space group analyzer failed: {str(e)}") from e
ValueError: The space group analyzer failed: Unable to determine symmetry
"""

The above exception was the direct cause of the following exception:

Traceback (most recent call last):
  File "/Users/marius/Code/gitlab.esrf.fr/spectroscopy/xasml/scripts/datasets/fdmnes/build_materials_database.py", line 201, in process_materials
    result = future.result()
             ^^^^^^^^^^^^^^^
  File "/opt/miniforge/envs/sandbox/lib/python3.12/concurrent/futures/_base.py", line 449, in result
    return self.__get_result()
           ^^^^^^^^^^^^^^^^^^^
  File "/opt/miniforge/envs/sandbox/lib/python3.12/concurrent/futures/_base.py", line 401, in __get_result
    raise self._exception
ValueError: The space group analyzer failed: Unable to determine symmetry
2026-08-17 22:01:32,197 - ERROR - No coordination environment symbols available for mp-1105171 and index 15.
2026-08-17 22:01:32,217 - INFO - mp-1105138, 3, O:6, 1.000, 0.024
2026-08-17 22:01:32,226 - INFO - mp-1105138, 12, O:6, 1.000, 0.024
2026-08-17 22:01:32,818 - INFO - mp-1105173, 4, T:4, 0.949, 0.026
2026-08-17 22:01:32,898 - INFO - mp-1105236, 0, T:4, 1.000, 0.478
2026-08-17 22:01:33,094 - INFO - mp-1105304, 4, O:6, 1.000, 0.024
2026-08-17 22:01:33,207 - INFO - mp-1105372, 0, S:5, 1.000, 5.029
2026-08-17 22:01:33,219 - INFO - mp-1105372, 16, S:5, 1.000, 5.029
2026-08-17 22:01:33,307 - INFO - mp-1105352, 2, O:6, 1.000, 0.079
2026-08-17 22:01:33,737 - INFO - mp-1105388, 4, S:5, 1.000, 5.165
2026-08-17 22:01:33,774 - INFO - mp-1105179, 4, O:6, 1.000, 0.576
2026-08-17 22:01:33,780 - INFO - mp-1105179, 5, O:6, 1.000, 0.572
2026-08-17 22:01:34,233 - INFO - mp-1105397, 4, S:5, 1.000, 5.062
2026-08-17 22:01:34,514 - INFO - mp-1105426, 0, S:5, 1.000, 4.894
2026-08-17 22:01:34,712 - ERROR - No coordination environment symbols available for mp-1105464 and index 24.
2026-08-17 22:01:34,905 - INFO - mp-1105387, 4, T:4, 1.000, 0.036
2026-08-17 22:01:34,940 - INFO - mp-1105437, 4, S:4, 1.000, 0.066
2026-08-17 22:01:35,502 - INFO - mp-1105487, 0, S:5, 1.000, 4.855
2026-08-17 22:01:36,100 - INFO - mp-1105435, 2, T:4, 1.000, 0.347
2026-08-17 22:01:36,109 - INFO - mp-1105435, 4, T:4, 0.738, 0.696
2026-08-17 22:01:36,114 - INFO - mp-1105435, 6, S:5, 0.999, 0.827
2026-08-17 22:01:36,120 - ERROR - No coordination environment symbols available for mp-1105435 and index 8.
2026-08-17 22:01:36,120 - INFO - mp-1105435, 10, T:4, 1.000, 0.299
2026-08-17 22:01:36,164 - INFO - mp-1105546, 2, O:6, 1.000, 0.001
2026-08-17 22:01:36,189 - INFO - mp-1105484, 12, T:4, 1.000, 1.046
2026-08-17 22:01:36,189 - WARNING - /Users/marius/Code/gitlab.esrf.fr/spectroscopy/xasml/src/xasml/datasets/fdmnes/io.py:29: RuntimeWarning: divide by zero encountered in divide
  a = np.pi * gamma_max * (f - 1 / f**2) / (3 * x_larg)

2026-08-17 22:01:36,533 - ERROR - No coordination environment symbols available for mp-1105569 and index 6.
2026-08-17 22:01:36,533 - ERROR - No coordination environment symbols available for mp-1105569 and index 24.
2026-08-17 22:01:36,533 - ERROR - No coordination environment symbols available for mp-1105569 and index 42.
2026-08-17 22:01:36,533 - ERROR - No coordination environment symbols available for mp-1105569 and index 51.
2026-08-17 22:01:36,538 - WARNING - /opt/miniforge/envs/sandbox/lib/python3.12/site-packages/pymatgen/io/cif.py:1817: UserWarning: Issues encountered while parsing CIF: 1 fractional coordinates rounded to ideal values to avoid issues with finite precision.
  return parser.parse_structures(primitive=primitive)[0]

2026-08-17 22:01:36,707 - INFO - mp-1105542, 4, O:6, 1.000, 0.000
2026-08-17 22:01:36,948 - INFO - mp-1105605, 21, O:6, 1.000, 0.025
2026-08-17 22:01:37,290 - INFO - mp-1105639, 8, T:6, 1.000, 4.819
2026-08-17 22:01:37,297 - INFO - mp-1105639, 16, T:6, 1.000, 4.819
2026-08-17 22:01:37,391 - INFO - mp-1105642, 2, O:6, 1.000, 0.028
2026-08-17 22:01:37,391 - WARNING - /Users/marius/Code/gitlab.esrf.fr/spectroscopy/xasml/src/xasml/datasets/fdmnes/io.py:29: RuntimeWarning: divide by zero encountered in divide
  a = np.pi * gamma_max * (f - 1 / f**2) / (3 * x_larg)

2026-08-17 22:01:37,801 - INFO - mp-1105690, 2, O:6, 1.000, 0.003
2026-08-17 22:01:38,093 - INFO - mp-1105732, 4, O:6, 1.000, 0.134
2026-08-17 22:01:38,243 - ERROR - No coordination environment symbols available for mp-1105860 and index 0.
2026-08-17 22:01:38,277 - INFO - mp-1105701, 12, T:4, 1.000, 0.669
2026-08-17 22:01:38,558 - INFO - mp-1105799, 12, T:4, 0.999, 0.707
2026-08-17 22:01:39,090 - INFO - mp-1105927, 2, O:6, 1.000, 0.982
2026-08-17 22:01:39,757 - INFO - mp-1105916, 0, O:6, 1.000, 1.180
2026-08-17 22:01:39,836 - INFO - mp-1106004, 2, O:6, 1.000, 0.046
2026-08-17 22:01:40,052 - INFO - mp-1105823, 4, O:6, 1.000, 0.282
2026-08-17 22:01:40,109 - ERROR - No coordination environment symbols available for mp-1105876 and index 12.
2026-08-17 22:01:40,109 - ERROR - No coordination environment symbols available for mp-1105876 and index 14.
2026-08-17 22:01:40,175 - INFO - mp-1106008, 2, O:6, 1.000, 0.016
2026-08-17 22:01:40,235 - INFO - mp-1105952, 4, O:6, 1.000, 0.295
2026-08-17 22:01:40,684 - INFO - mp-1105960, 6, T:4, 1.000, 0.221
2026-08-17 22:01:40,849 - INFO - mp-1106026, 32, O:6, 1.000, 0.000
2026-08-17 22:01:41,584 - ERROR - No coordination environment symbols available for mp-1106052 and index 15.
2026-08-17 22:01:41,584 - ERROR - No coordination environment symbols available for mp-1106052 and index 33.
2026-08-17 22:01:41,584 - ERROR - No coordination environment symbols available for mp-1106052 and index 51.
2026-08-17 22:01:41,695 - ERROR - No coordination environment symbols available for mp-1106107 and index 6.
2026-08-17 22:01:41,696 - ERROR - No coordination environment symbols available for mp-1106107 and index 24.
2026-08-17 22:01:41,696 - ERROR - No coordination environment symbols available for mp-1106107 and index 42.
2026-08-17 22:01:41,696 - ERROR - No coordination environment symbols available for mp-1106107 and index 51.
2026-08-17 22:01:41,797 - ERROR - No coordination environment symbols available for mp-1106126 and index 12.
2026-08-17 22:01:41,797 - ERROR - No coordination environment symbols available for mp-1106126 and index 30.
2026-08-17 22:01:41,797 - ERROR - No coordination environment symbols available for mp-1106126 and index 48.
2026-08-17 22:01:42,037 - INFO - mp-1106108, 12, T:4, 1.000, 1.385
2026-08-17 22:01:42,078 - INFO - mp-1106187, 21, O:6, 1.000, 0.093
2026-08-17 22:01:42,213 - INFO - mp-1106297, 32, O:6, 1.000, 0.000
2026-08-17 22:01:42,568 - INFO - mp-1106332, 12, T:4, 1.000, 0.095
2026-08-17 22:01:42,622 - INFO - mp-1106248, 6, T:4, 1.000, 0.545
2026-08-17 22:01:42,935 - ERROR - No coordination environment symbols available for mp-1106404 and index 2.
2026-08-17 22:01:42,948 - WARNING - /opt/miniforge/envs/sandbox/lib/python3.12/site-packages/pymatgen/io/cif.py:1817: UserWarning: Issues encountered while parsing CIF: 2 fractional coordinates rounded to ideal values to avoid issues with finite precision.
  return parser.parse_structures(primitive=primitive)[0]

2026-08-17 22:01:43,651 - INFO - mp-1178920, 6, T:4, 1.000, 0.001
2026-08-17 22:01:43,800 - INFO - mp-1180433, 4, S:4, 0.984, 1.268
2026-08-17 22:01:43,858 - ERROR - No coordination environment symbols available for mp-1181137 and index 1.
2026-08-17 22:01:43,858 - INFO - mp-1181137, 4, T:6, 1.000, 4.193
2026-08-17 22:01:43,858 - WARNING - /Users/marius/Code/gitlab.esrf.fr/spectroscopy/xasml/src/xasml/datasets/fdmnes/io.py:29: RuntimeWarning: divide by zero encountered in divide
  a = np.pi * gamma_max * (f - 1 / f**2) / (3 * x_larg)

2026-08-17 22:01:43,945 - ERROR - No coordination environment symbols available for mp-1179971 and index 12.
2026-08-17 22:01:43,945 - ERROR - No coordination environment symbols available for mp-1179971 and index 30.
2026-08-17 22:01:43,945 - ERROR - No coordination environment symbols available for mp-1179971 and index 48.
2026-08-17 22:01:45,083 - INFO - mp-1180667, 12, T:4, 1.000, 0.830
2026-08-17 22:01:45,281 - INFO - mp-1181327, 0, T:4, 1.000, 4.304
2026-08-17 22:01:45,288 - INFO - mp-1181327, 8, T:4, 1.000, 3.009
2026-08-17 22:01:45,301 - INFO - mp-1181327, 16, T:4, 1.000, 0.751
2026-08-17 22:01:45,314 - ERROR - No coordination environment symbols available for mp-1178773 and index 20.
2026-08-17 22:01:45,314 - ERROR - No coordination environment symbols available for mp-1178773 and index 28.
2026-08-17 22:01:45,315 - ERROR - No coordination environment symbols available for mp-1178773 and index 36.
2026-08-17 22:01:45,315 - ERROR - No coordination environment symbols available for mp-1178773 and index 44.
2026-08-17 22:01:45,315 - ERROR - No coordination environment symbols available for mp-1178773 and index 52.
2026-08-17 22:01:45,576 - INFO - mp-1180571, 8, O:6, 1.000, 2.178
2026-08-17 22:01:45,590 - INFO - mp-1180571, 10, O:6, 1.000, 2.753
2026-08-17 22:01:46,120 - ERROR - No coordination environment symbols available for mp-1172877 and index 6.
2026-08-17 22:01:46,121 - ERROR - No coordination environment symbols available for mp-1172877 and index 22.
2026-08-17 22:01:46,121 - ERROR - No coordination environment symbols available for mp-1172877 and index 30.
2026-08-17 22:01:46,121 - ERROR - No coordination environment symbols available for mp-1172877 and index 38.
2026-08-17 22:01:46,124 - WARNING - /opt/miniforge/envs/sandbox/lib/python3.12/site-packages/pymatgen/io/cif.py:1817: UserWarning: Issues encountered while parsing CIF: 2 fractional coordinates rounded to ideal values to avoid issues with finite precision.
  return parser.parse_structures(primitive=primitive)[0]

2026-08-17 22:01:46,333 - INFO - mp-1181316, 0, O:6, 1.000, 0.931
2026-08-17 22:01:46,347 - INFO - mp-1181316, 4, O:6, 1.000, 0.931
2026-08-17 22:01:47,029 - INFO - mp-1181394, 0, O:6, 1.000, 0.757
2026-08-17 22:01:47,388 - INFO - mp-1181398, 0, O:6, 1.000, 0.165
2026-08-17 22:01:47,395 - INFO - mp-1181398, 2, T:6, 0.709, 3.991
2026-08-17 22:01:47,413 - INFO - mp-1181336, 0, O:6, 1.000, 0.127
2026-08-17 22:01:47,981 - INFO - mp-1181366, 0, O:6, 1.000, 1.374
2026-08-17 22:01:47,988 - INFO - mp-1181366, 4, O:6, 1.000, 0.720
2026-08-17 22:01:48,662 - INFO - mp-1181338, 0, O:6, 1.000, 0.863
2026-08-17 22:01:48,835 - INFO - mp-1181396, 0, O:6, 1.000, 0.065
2026-08-17 22:01:48,884 - INFO - mp-1181400, 0, O:6, 1.000, 2.163
2026-08-17 22:01:48,893 - INFO - mp-1181400, 4, O:6, 1.000, 2.163
2026-08-17 22:01:49,008 - INFO - mp-1181411, 0, O:6, 1.000, 0.151
2026-08-17 22:01:50,079 - INFO - mp-1181682, 2, O:6, 1.000, 0.369
2026-08-17 22:01:50,082 - WARNING - /Users/marius/Code/gitlab.esrf.fr/spectroscopy/xasml/src/xasml/datasets/fdmnes/io.py:29: RuntimeWarning: divide by zero encountered in divide
  a = np.pi * gamma_max * (f - 1 / f**2) / (3 * x_larg)

2026-08-17 22:01:50,832 - INFO - mp-1181479, 0, S:4, 0.612, 0.057
2026-08-17 22:01:50,866 - WARNING - /opt/miniforge/envs/sandbox/lib/python3.12/site-packages/pymatgen/io/cif.py:1817: UserWarning: Issues encountered while parsing CIF: 1 fractional coordinates rounded to ideal values to avoid issues with finite precision.
  return parser.parse_structures(primitive=primitive)[0]

2026-08-17 22:01:50,885 - ERROR - No coordination environment symbols available for mp-1182265 and index 12.
2026-08-17 22:01:50,885 - ERROR - No coordination environment symbols available for mp-1182265 and index 30.
2026-08-17 22:01:50,885 - INFO - mp-1182265, 48, T:6, 1.000, 6.559
2026-08-17 22:01:51,779 - INFO - mp-1182187, 4, S:5, 0.829, 0.882
2026-08-17 22:01:51,786 - INFO - mp-1182187, 6, S:5, 0.824, 0.864
2026-08-17 22:01:52,019 - INFO - mp-1181787, 0, O:6, 1.000, 0.624
2026-08-17 22:01:52,202 - INFO - mp-1181488, 0, O:6, 1.000, 0.124
2026-08-17 22:01:54,425 - INFO - mp-1181596, 0, O:6, 1.000, 0.673
2026-08-17 22:01:54,435 - INFO - mp-1181596, 1, O:6, 1.000, 1.023
2026-08-17 22:01:54,445 - INFO - mp-1181596, 2, O:6, 1.000, 0.535
2026-08-17 22:01:54,896 - INFO - mp-1182448, 8, T:4, 1.000, 0.102
2026-08-17 22:01:54,907 - INFO - mp-1182448, 12, O:6, 1.000, 0.262
2026-08-17 22:01:54,915 - INFO - mp-1182448, 16, O:6, 1.000, 0.007
2026-08-17 22:01:54,929 - INFO - mp-1182448, 20, O:6, 1.000, 0.231
2026-08-17 22:01:54,935 - INFO - mp-1182448, 22, O:6, 1.000, 0.262
2026-08-17 22:01:54,942 - INFO - mp-1182448, 24, O:6, 1.000, 0.388
2026-08-17 22:01:55,782 - INFO - mp-1184343, 0, T:4, 1.000, 4.280
2026-08-17 22:01:55,788 - INFO - mp-1184343, 8, T:4, 1.000, 4.280
2026-08-17 22:01:55,826 - INFO - mp-1182551, 0, O:6, 1.000, 1.369
2026-08-17 22:01:55,833 - INFO - mp-1182551, 8, O:6, 1.000, 1.638
2026-08-17 22:01:57,382 - INFO - mp-1186277, 12, T:4, 1.000, 0.966
2026-08-17 22:01:57,442 - INFO - mp-1188097, 2, O:6, 1.000, 0.019
2026-08-17 22:01:57,442 - WARNING - /Users/marius/Code/gitlab.esrf.fr/spectroscopy/xasml/src/xasml/datasets/fdmnes/io.py:29: RuntimeWarning: divide by zero encountered in divide
  a = np.pi * gamma_max * (f - 1 / f**2) / (3 * x_larg)

2026-08-17 22:01:57,987 - INFO - mp-1188169, 4, O:6, 1.000, 1.637
2026-08-17 22:01:57,995 - INFO - mp-1182655, 12, O:6, 1.000, 0.358
2026-08-17 22:01:58,005 - INFO - mp-1182655, 16, T:5, 1.000, 0.911
2026-08-17 22:01:59,071 - ERROR - No coordination environment symbols available for mp-1188192 and index 12.
2026-08-17 22:01:59,071 - ERROR - No coordination environment symbols available for mp-1188192 and index 30.
2026-08-17 22:01:59,071 - ERROR - No coordination environment symbols available for mp-1188192 and index 48.
2026-08-17 22:01:59,144 - INFO - mp-1188182, 0, O:6, 1.000, 0.000
2026-08-17 22:01:59,178 - INFO - mp-1182519, 8, O:6, 1.000, 0.221
2026-08-17 22:01:59,191 - INFO - mp-1182519, 12, O:6, 1.000, 0.184
2026-08-17 22:01:59,615 - ERROR - No coordination environment symbols available for mp-1188210 and index 6.
2026-08-17 22:01:59,615 - ERROR - No coordination environment symbols available for mp-1188210 and index 24.
2026-08-17 22:01:59,744 - ERROR - No coordination environment symbols available for mp-1188243 and index 4.
2026-08-17 22:02:00,236 - INFO - mp-1188282, 0, T:4, 1.000, 6.103
2026-08-17 22:02:00,241 - INFO - mp-1188353, 0, T:5, 1.000, 7.949
2026-08-17 22:02:00,247 - ERROR - No coordination environment symbols available for mp-1188353 and index 8.
2026-08-17 22:02:01,201 - INFO - mp-1188385, 0, O:6, 1.000, 0.051
2026-08-17 22:02:01,226 - INFO - mp-1188385, 4, O:6, 1.000, 0.051
2026-08-17 22:02:01,227 - WARNING - /Users/marius/Code/gitlab.esrf.fr/spectroscopy/xasml/src/xasml/datasets/fdmnes/io.py:29: RuntimeWarning: divide by zero encountered in divide
  a = np.pi * gamma_max * (f - 1 / f**2) / (3 * x_larg)

2026-08-17 22:02:01,856 - INFO - mp-1188386, 0, O:6, 1.000, 0.008
2026-08-17 22:02:01,963 - INFO - mp-1188463, 8, O:6, 1.000, 0.257
2026-08-17 22:02:02,083 - ERROR - No coordination environment symbols available for mp-1188423 and index 12.
2026-08-17 22:02:02,083 - ERROR - No coordination environment symbols available for mp-1188423 and index 30.
2026-08-17 22:02:02,083 - ERROR - No coordination environment symbols available for mp-1188423 and index 48.
2026-08-17 22:02:02,241 - INFO - mp-1188376, 2, O:6, 1.000, 0.438
2026-08-17 22:02:02,255 - WARNING - /opt/miniforge/envs/sandbox/lib/python3.12/site-packages/pymatgen/io/cif.py:1817: UserWarning: Issues encountered while parsing CIF: 2 fractional coordinates rounded to ideal values to avoid issues with finite precision.
  return parser.parse_structures(primitive=primitive)[0]

2026-08-17 22:02:03,151 - INFO - mp-1188509, 2, O:6, 1.000, 0.409
2026-08-17 22:02:03,334 - INFO - mp-1188542, 2, O:6, 1.000, 0.449
2026-08-17 22:02:03,578 - INFO - mp-1188475, 8, O:6, 1.000, 0.930
2026-08-17 22:02:03,691 - INFO - mp-1182833, 0, O:6, 1.000, 2.519
2026-08-17 22:02:03,708 - INFO - mp-1182833, 8, O:6, 1.000, 1.910
2026-08-17 22:02:03,725 - INFO - mp-1182833, 16, O:6, 1.000, 2.519
2026-08-17 22:02:03,735 - INFO - mp-1182833, 24, O:6, 1.000, 1.910
2026-08-17 22:02:03,743 - INFO - mp-1182833, 28, O:6, 1.000, 2.145
2026-08-17 22:02:03,904 - INFO - mp-1188583, 10, O:6, 1.000, 0.383
2026-08-17 22:02:03,904 - WARNING - /Users/marius/Code/gitlab.esrf.fr/spectroscopy/xasml/src/xasml/datasets/fdmnes/io.py:29: RuntimeWarning: divide by zero encountered in divide
  a = np.pi * gamma_max * (f - 1 / f**2) / (3 * x_larg)

2026-08-17 22:02:04,188 - INFO - mp-1188558, 0, T:4, 1.000, 0.019
2026-08-17 22:02:04,576 - INFO - mp-1188610, 0, O:6, 1.000, 6.068
2026-08-17 22:02:04,582 - INFO - mp-1188610, 16, O:6, 1.000, 6.068
2026-08-17 22:02:04,990 - INFO - mp-1188611, 2, O:6, 1.000, 0.054
2026-08-17 22:02:05,151 - INFO - mp-1182503, 0, O:6, 1.000, 0.838
2026-08-17 22:02:05,158 - INFO - mp-1182503, 1, O:6, 1.000, 1.631
2026-08-17 22:02:05,164 - INFO - mp-1182503, 2, O:6, 1.000, 0.657
2026-08-17 22:02:05,171 - INFO - mp-1182503, 3, O:6, 1.000, 0.944
2026-08-17 22:02:05,177 - INFO - mp-1182503, 4, O:6, 1.000, 1.404
2026-08-17 22:02:05,184 - INFO - mp-1182503, 5, O:6, 1.000, 0.949
2026-08-17 22:02:05,190 - INFO - mp-1182503, 6, O:6, 1.000, 1.345
2026-08-17 22:02:05,196 - INFO - mp-1182503, 7, O:6, 1.000, 0.641
2026-08-17 22:02:05,203 - INFO - mp-1182503, 8, O:6, 1.000, 1.675
2026-08-17 22:02:05,210 - INFO - mp-1182503, 9, O:6, 1.000, 0.816
2026-08-17 22:02:05,216 - INFO - mp-1182503, 10, O:6, 1.000, 1.315
2026-08-17 22:02:05,223 - INFO - mp-1188625, 2, O:6, 1.000, 0.063
2026-08-17 22:02:05,225 - INFO - mp-1182503, 11, O:6, 1.000, 1.524
2026-08-17 22:02:05,231 - INFO - mp-1182503, 12, O:6, 1.000, 1.037
2026-08-17 22:02:05,238 - INFO - mp-1182503, 13, O:6, 1.000, 0.779
2026-08-17 22:02:05,244 - INFO - mp-1182503, 14, O:6, 1.000, 1.983
2026-08-17 22:02:05,251 - INFO - mp-1182503, 15, O:6, 1.000, 1.320
2026-08-17 22:02:05,939 - INFO - mp-1188676, 8, O:6, 1.000, 0.265
2026-08-17 22:02:06,164 - INFO - mp-1188668, 0, O:6, 1.000, 0.436
2026-08-17 22:02:06,369 - INFO - mp-1188678, 0, O:6, 1.000, 0.832
2026-08-17 22:02:06,378 - INFO - mp-1188678, 8, O:6, 1.000, 0.832
2026-08-17 22:02:06,394 - INFO - mp-1188678, 12, O:6, 1.000, 0.109
2026-08-17 22:02:06,459 - INFO - mp-1188724, 0, O:6, 0.864, 6.979
2026-08-17 22:02:06,475 - ERROR - No coordination environment symbols available for mp-1188724 and index 8.
2026-08-17 22:02:06,659 - INFO - mp-1188709, 0, O:6, 1.000, 0.924
2026-08-17 22:02:06,896 - ERROR - No coordination environment symbols available for mp-1188725 and index 12.
2026-08-17 22:02:06,896 - ERROR - No coordination environment symbols available for mp-1188725 and index 30.
2026-08-17 22:02:06,896 - ERROR - No coordination environment symbols available for mp-1188725 and index 48.
2026-08-17 22:02:07,383 - ERROR - No coordination environment symbols available for mp-1188734 and index 2.
2026-08-17 22:02:07,915 - INFO - mp-1188789, 32, O:6, 1.000, 0.000
2026-08-17 22:02:08,073 - INFO - mp-1188975, 3, T:4, 1.000, 3.938
2026-08-17 22:02:08,080 - ERROR - No coordination environment symbols available for mp-1188975 and index 21.
2026-08-17 22:02:08,227 - ERROR - No coordination environment symbols available for mp-1188910 and index 12.
2026-08-17 22:02:08,228 - ERROR - No coordination environment symbols available for mp-1188910 and index 30.
2026-08-17 22:02:08,228 - ERROR - No coordination environment symbols available for mp-1188910 and index 48.
2026-08-17 22:02:08,373 - ERROR - No coordination environment symbols available for mp-1188924 and index 6.
2026-08-17 22:02:08,374 - ERROR - No coordination environment symbols available for mp-1188924 and index 24.
2026-08-17 22:02:08,374 - ERROR - No coordination environment symbols available for mp-1188924 and index 42.
2026-08-17 22:02:08,469 - INFO - mp-1189032, 0, S:5, 1.000, 5.696
2026-08-17 22:02:08,481 - ERROR - No coordination environment symbols available for mp-1189032 and index 8.
2026-08-17 22:02:08,586 - INFO - mp-1188722, 0, O:6, 1.000, 0.499
2026-08-17 22:02:08,784 - INFO - mp-1188970, 12, O:6, 1.000, 0.000
2026-08-17 22:02:09,274 - ERROR - No coordination environment symbols available for mp-1189053 and index 0.
2026-08-17 22:02:09,958 - INFO - mp-1189105, 4, O:6, 1.000, 0.161
2026-08-17 22:02:10,479 - INFO - mp-1181219, 12, O:6, 1.000, 0.033
2026-08-17 22:02:10,485 - INFO - mp-1181219, 13, O:6, 1.000, 0.024
2026-08-17 22:02:10,486 - INFO - mp-1189224, 2, O:6, 1.000, 0.041
2026-08-17 22:02:10,489 - WARNING - /Users/marius/Code/gitlab.esrf.fr/spectroscopy/xasml/src/xasml/datasets/fdmnes/io.py:29: RuntimeWarning: divide by zero encountered in divide
  a = np.pi * gamma_max * (f - 1 / f**2) / (3 * x_larg)

2026-08-17 22:02:10,492 - INFO - mp-1181219, 14, O:6, 1.000, 0.026
2026-08-17 22:02:10,503 - INFO - mp-1181219, 15, O:6, 1.000, 0.030
2026-08-17 22:02:10,760 - INFO - mp-1189114, 6, T:4, 1.000, 0.018
2026-08-17 22:02:10,882 - ERROR - No coordination environment symbols available for mp-1189139 and index 12.
2026-08-17 22:02:10,883 - ERROR - No coordination environment symbols available for mp-1189139 and index 30.
2026-08-17 22:02:10,883 - ERROR - No coordination environment symbols available for mp-1189139 and index 39.
2026-08-17 22:02:10,883 - ERROR - No coordination environment symbols available for mp-1189139 and index 45.
2026-08-17 22:02:10,883 - INFO - mp-1189139, 51, T:6, 1.000, 5.048
2026-08-17 22:02:11,191 - INFO - mp-1189159, 12, T:4, 1.000, 0.996
2026-08-17 22:02:11,192 - WARNING - /Users/marius/Code/gitlab.esrf.fr/spectroscopy/xasml/src/xasml/datasets/fdmnes/io.py:29: RuntimeWarning: divide by zero encountered in divide
  a = np.pi * gamma_max * (f - 1 / f**2) / (3 * x_larg)

2026-08-17 22:02:11,742 - INFO - mp-1189319, 6, T:4, 1.000, 0.115
2026-08-17 22:02:11,753 - WARNING - /opt/miniforge/envs/sandbox/lib/python3.12/site-packages/pymatgen/io/cif.py:1817: UserWarning: Issues encountered while parsing CIF: 4 fractional coordinates rounded to ideal values to avoid issues with finite precision.
  return parser.parse_structures(primitive=primitive)[0]

2026-08-17 22:02:11,814 - INFO - mp-1189143, 4, O:6, 1.000, 0.284
2026-08-17 22:02:11,898 - INFO - mp-1189324, 0, O:6, 1.000, 0.718
2026-08-17 22:02:11,919 - INFO - mp-1189397, 2, O:6, 1.000, 0.625
2026-08-17 22:02:12,379 - ERROR - No coordination environment symbols available for mp-1189517 and index 0.
2026-08-17 22:02:12,387 - WARNING - /opt/miniforge/envs/sandbox/lib/python3.12/site-packages/pymatgen/io/cif.py:1817: UserWarning: Issues encountered while parsing CIF: 2 fractional coordinates rounded to ideal values to avoid issues with finite precision.
  return parser.parse_structures(primitive=primitive)[0]

2026-08-17 22:02:12,550 - INFO - mp-1189338, 12, O:6, 1.000, 0.000
2026-08-17 22:02:12,859 - INFO - mp-1189647, 2, O:6, 1.000, 0.556
2026-08-17 22:02:13,075 - INFO - mp-1189473, 0, O:6, 1.000, 0.858
2026-08-17 22:02:13,093 - INFO - mp-1189477, 8, O:6, 1.000, 0.297
2026-08-17 22:02:13,177 - INFO - mp-1189616, 6, O:6, 1.000, 0.044
2026-08-17 22:02:13,588 - INFO - mp-1189627, 8, O:6, 1.000, 0.252
2026-08-17 22:02:13,996 - INFO - mp-1189764, 10, O:6, 1.000, 0.133
2026-08-17 22:02:14,208 - INFO - mp-1189845, 0, T:5, 1.000, 4.851
2026-08-17 22:02:14,242 - INFO - mp-1189790, 2, O:6, 1.000, 0.007
2026-08-17 22:02:14,468 - INFO - mp-1189650, 3, O:6, 1.000, 1.080
2026-08-17 22:02:14,487 - ERROR - No coordination environment symbols available for mp-1189775 and index 4.
2026-08-17 22:02:15,377 - INFO - mp-1189973, 2, O:6, 1.000, 0.062
2026-08-17 22:02:15,602 - INFO - mp-1189987, 32, O:6, 1.000, 0.000
2026-08-17 22:02:15,625 - INFO - mp-1189831, 12, T:4, 1.000, 1.110
2026-08-17 22:02:15,625 - WARNING - /Users/marius/Code/gitlab.esrf.fr/spectroscopy/xasml/src/xasml/datasets/fdmnes/io.py:29: RuntimeWarning: divide by zero encountered in divide
  a = np.pi * gamma_max * (f - 1 / f**2) / (3 * x_larg)

2026-08-17 22:02:15,832 - INFO - mp-1189794, 0, T:4, 1.000, 0.187
2026-08-17 22:02:15,845 - WARNING - /opt/miniforge/envs/sandbox/lib/python3.12/site-packages/pymatgen/io/cif.py:1817: UserWarning: Issues encountered while parsing CIF: 4 fractional coordinates rounded to ideal values to avoid issues with finite precision.
  return parser.parse_structures(primitive=primitive)[0]

2026-08-17 22:02:16,075 - INFO - mp-1190091, 2, O:6, 1.000, 0.001
2026-08-17 22:02:16,128 - ERROR - No coordination environment symbols available for mp-1190010 and index 12.
2026-08-17 22:02:16,128 - ERROR - No coordination environment symbols available for mp-1190010 and index 30.
2026-08-17 22:02:16,128 - ERROR - No coordination environment symbols available for mp-1190010 and index 48.
2026-08-17 22:02:16,136 - WARNING - /opt/miniforge/envs/sandbox/lib/python3.12/site-packages/pymatgen/io/cif.py:1817: UserWarning: Issues encountered while parsing CIF: 4 fractional coordinates rounded to ideal values to avoid issues with finite precision.
  return parser.parse_structures(primitive=primitive)[0]

2026-08-17 22:02:16,282 - ERROR - No coordination environment symbols available for mp-1190182 and index 6.
2026-08-17 22:02:16,282 - ERROR - No coordination environment symbols available for mp-1190182 and index 24.
2026-08-17 22:02:16,282 - ERROR - No coordination environment symbols available for mp-1190182 and index 42.
2026-08-17 22:02:17,039 - INFO - mp-1190037, 12, O:6, 1.000, 0.116
2026-08-17 22:02:17,377 - INFO - mp-1190259, 24, O:6, 1.000, 0.108
2026-08-17 22:02:17,502 - INFO - mp-1190200, 6, T:5, 1.000, 5.805
2026-08-17 22:02:17,509 - INFO - mp-1190200, 24, T:5, 1.000, 5.805
2026-08-17 22:02:17,516 - INFO - mp-1190200, 42, T:5, 1.000, 5.805
2026-08-17 22:02:17,523 - ERROR - No coordination environment symbols available for mp-1190200 and index 51.
2026-08-17 22:02:17,706 - INFO - mp-1190207, 12, T:4, 0.991, 1.752
2026-08-17 22:02:17,720 - INFO - mp-1190207, 20, T:4, 0.991, 1.752
2026-08-17 22:02:17,756 - INFO - mp-1190371, 0, O:6, 1.000, 0.737
2026-08-17 22:02:17,763 - INFO - mp-1190371, 4, O:6, 1.000, 0.737
2026-08-17 22:02:18,113 - INFO - mp-1190340, 4, T:4, 0.969, 0.827
2026-08-17 22:02:18,181 - INFO - mp-1190395, 0, T:4, 1.000, 0.000
2026-08-17 22:02:18,219 - INFO - mp-1190394, 8, O:6, 1.000, 0.765
2026-08-17 22:02:18,767 - INFO - mp-1190442, 0, O:6, 1.000, 1.163
2026-08-17 22:02:19,465 - INFO - mp-1190569, 24, O:6, 1.000, 0.164
2026-08-17 22:02:19,479 - WARNING - /opt/miniforge/envs/sandbox/lib/python3.12/site-packages/pymatgen/io/cif.py:1817: UserWarning: Issues encountered while parsing CIF: 4 fractional coordinates rounded to ideal values to avoid issues with finite precision.
  return parser.parse_structures(primitive=primitive)[0]

2026-08-17 22:02:19,684 - INFO - mp-1190514, 6, T:5, 1.000, 6.043
2026-08-17 22:02:19,691 - INFO - mp-1190514, 24, T:5, 1.000, 6.043
2026-08-17 22:02:19,703 - INFO - mp-1190514, 42, T:5, 1.000, 6.043
2026-08-17 22:02:19,710 - ERROR - No coordination environment symbols available for mp-1190514 and index 51.
2026-08-17 22:02:20,041 - INFO - mp-1190513, 0, O:6, 1.000, 0.667
2026-08-17 22:02:20,055 - WARNING - /opt/miniforge/envs/sandbox/lib/python3.12/site-packages/pymatgen/io/cif.py:1817: UserWarning: Issues encountered while parsing CIF: 4 fractional coordinates rounded to ideal values to avoid issues with finite precision.
  return parser.parse_structures(primitive=primitive)[0]

2026-08-17 22:02:20,272 - INFO - mp-1190608, 6, T:5, 1.000, 5.865
2026-08-17 22:02:20,272 - WARNING - /Users/marius/Code/gitlab.esrf.fr/spectroscopy/xasml/src/xasml/datasets/fdmnes/io.py:29: RuntimeWarning: divide by zero encountered in divide
  a = np.pi * gamma_max * (f - 1 / f**2) / (3 * x_larg)

2026-08-17 22:02:20,281 - INFO - mp-1190608, 24, T:5, 1.000, 5.865
2026-08-17 22:02:20,288 - INFO - mp-1190608, 42, T:5, 1.000, 5.865
2026-08-17 22:02:20,296 - INFO - mp-1190608, 51, S:5, 1.000, 6.633
2026-08-17 22:02:20,409 - INFO - mp-1190611, 6, T:5, 1.000, 5.990
2026-08-17 22:02:20,418 - INFO - mp-1190611, 24, T:5, 1.000, 5.990
2026-08-17 22:02:20,430 - INFO - mp-1190611, 42, T:5, 1.000, 5.990
2026-08-17 22:02:20,444 - ERROR - No coordination environment symbols available for mp-1190611 and index 51.
2026-08-17 22:02:20,462 - WARNING - /opt/miniforge/envs/sandbox/lib/python3.12/site-packages/pymatgen/io/cif.py:1817: UserWarning: Issues encountered while parsing CIF: 4 fractional coordinates rounded to ideal values to avoid issues with finite precision.
  return parser.parse_structures(primitive=primitive)[0]

2026-08-17 22:02:20,752 - INFO - mp-1190551, 4, O:6, 1.000, 0.104
2026-08-17 22:02:21,108 - ERROR - No coordination environment symbols available for mp-1190681 and index 8.
2026-08-17 22:02:21,108 - ERROR - No coordination environment symbols available for mp-1190681 and index 14.
2026-08-17 22:02:21,109 - ERROR - No coordination environment symbols available for mp-1190681 and index 20.
2026-08-17 22:02:21,112 - WARNING - /opt/miniforge/envs/sandbox/lib/python3.12/site-packages/pymatgen/io/cif.py:1817: UserWarning: Issues encountered while parsing CIF: 4 fractional coordinates rounded to ideal values to avoid issues with finite precision.
  return parser.parse_structures(primitive=primitive)[0]

2026-08-17 22:02:21,864 - INFO - mp-1190690, 6, T:5, 1.000, 5.742
2026-08-17 22:02:21,871 - INFO - mp-1190690, 24, T:5, 1.000, 5.742
2026-08-17 22:02:21,879 - INFO - mp-1190690, 42, T:5, 1.000, 5.742
2026-08-17 22:02:21,885 - ERROR - No coordination environment symbols available for mp-1190697 and index 8.
2026-08-17 22:02:21,885 - ERROR - No coordination environment symbols available for mp-1190697 and index 14.
2026-08-17 22:02:21,885 - ERROR - No coordination environment symbols available for mp-1190697 and index 20.
2026-08-17 22:02:21,886 - INFO - mp-1190690, 51, S:5, 1.000, 6.656
2026-08-17 22:02:22,351 - INFO - mp-1190708, 48, T:6, 1.000, 2.814
2026-08-17 22:02:22,363 - WARNING - /opt/miniforge/envs/sandbox/lib/python3.12/site-packages/pymatgen/io/cif.py:1817: UserWarning: Issues encountered while parsing CIF: 4 fractional coordinates rounded to ideal values to avoid issues with finite precision.
  return parser.parse_structures(primitive=primitive)[0]

2026-08-17 22:02:22,424 - INFO - mp-1190639, 3, S:5, 0.568, 3.026
2026-08-17 22:02:22,431 - INFO - mp-1190639, 5, O:6, 0.977, 1.507
2026-08-17 22:02:22,480 - INFO - mp-1190701, 6, T:5, 1.000, 5.921
2026-08-17 22:02:22,489 - INFO - mp-1190701, 24, T:5, 1.000, 5.921
2026-08-17 22:02:22,496 - INFO - mp-1190701, 42, T:5, 1.000, 5.921
2026-08-17 22:02:22,503 - INFO - mp-1190701, 51, S:5, 1.000, 6.360
2026-08-17 22:02:23,256 - INFO - mp-1190713, 6, T:4, 0.879, 0.008
2026-08-17 22:02:23,269 - WARNING - /opt/miniforge/envs/sandbox/lib/python3.12/site-packages/pymatgen/io/cif.py:1817: UserWarning: Issues encountered while parsing CIF: 4 fractional coordinates rounded to ideal values to avoid issues with finite precision.
  return parser.parse_structures(primitive=primitive)[0]

2026-08-17 22:02:23,464 - INFO - mp-1190707, 2, T:4, 1.000, 0.360
2026-08-17 22:02:23,470 - INFO - mp-1190707, 5, T:4, 0.995, 0.366
2026-08-17 22:02:23,476 - ERROR - No coordination environment symbols available for mp-1190707 and index 8.
2026-08-17 22:02:23,476 - INFO - mp-1190707, 11, T:4, 0.944, 0.473
2026-08-17 22:02:24,319 - INFO - mp-1190747, 8, O:6, 1.000, 0.000
2026-08-17 22:02:24,334 - WARNING - /opt/miniforge/envs/sandbox/lib/python3.12/site-packages/pymatgen/io/cif.py:1817: UserWarning: Issues encountered while parsing CIF: 4 fractional coordinates rounded to ideal values to avoid issues with finite precision.
  return parser.parse_structures(primitive=primitive)[0]

2026-08-17 22:02:24,342 - INFO - mp-1190642, 2, T:4, 1.000, 0.051
2026-08-17 22:02:24,349 - INFO - mp-1190642, 3, T:4, 0.962, 0.523
2026-08-17 22:02:24,354 - INFO - mp-1190642, 4, T:4, 0.963, 0.541
2026-08-17 22:02:24,361 - INFO - mp-1190642, 5, S:5, 0.998, 1.031
2026-08-17 22:02:24,368 - INFO - mp-1190642, 6, T:4, 1.000, 0.051
2026-08-17 22:02:24,374 - INFO - mp-1190642, 7, T:4, 1.000, 0.041
2026-08-17 22:02:24,380 - INFO - mp-1190642, 8, T:4, 1.000, 0.048
2026-08-17 22:02:24,386 - INFO - mp-1190642, 9, T:4, 1.000, 0.039
2026-08-17 22:02:24,392 - ERROR - No coordination environment symbols available for mp-1190715 and index 12.
2026-08-17 22:02:24,392 - INFO - mp-1190642, 10, T:4, 0.963, 0.563
2026-08-17 22:02:24,398 - INFO - mp-1190642, 11, S:5, 0.998, 1.031
2026-08-17 22:02:24,404 - INFO - mp-1190642, 12, S:5, 0.998, 1.043
2026-08-17 22:02:24,410 - INFO - mp-1190642, 13, T:4, 1.000, 0.036
2026-08-17 22:02:24,455 - INFO - mp-1190721, 8, O:6, 1.000, 0.997
2026-08-17 22:02:24,598 - INFO - mp-1190738, 6, T:5, 1.000, 5.790
2026-08-17 22:02:24,599 - WARNING - /Users/marius/Code/gitlab.esrf.fr/spectroscopy/xasml/src/xasml/datasets/fdmnes/io.py:29: RuntimeWarning: divide by zero encountered in divide
  a = np.pi * gamma_max * (f - 1 / f**2) / (3 * x_larg)

2026-08-17 22:02:24,607 - INFO - mp-1190738, 24, T:5, 1.000, 5.790
2026-08-17 22:02:24,616 - INFO - mp-1190738, 42, T:5, 1.000, 5.790
2026-08-17 22:02:24,627 - INFO - mp-1190738, 51, S:5, 1.000, 6.657
2026-08-17 22:02:25,271 - INFO - mp-1190757, 8, O:6, 1.000, 0.173
2026-08-17 22:02:25,296 - INFO - mp-1190714, 0, O:6, 1.000, 6.731
2026-08-17 22:02:25,305 - INFO - mp-1190714, 2, S:4, 1.000, 0.366
2026-08-17 22:02:25,674 - INFO - mp-1190790, 6, T:5, 1.000, 5.791
2026-08-17 22:02:25,682 - INFO - mp-1190790, 24, T:5, 1.000, 5.791
2026-08-17 22:02:25,689 - INFO - mp-1190790, 42, T:5, 1.000, 5.791
2026-08-17 22:02:25,696 - INFO - mp-1190790, 51, S:5, 1.000, 6.792
2026-08-17 22:02:25,718 - WARNING - /opt/miniforge/envs/sandbox/lib/python3.12/site-packages/pymatgen/io/cif.py:1817: UserWarning: Issues encountered while parsing CIF: 4 fractional coordinates rounded to ideal values to avoid issues with finite precision.
  return parser.parse_structures(primitive=primitive)[0]

2026-08-17 22:02:26,236 - INFO - mp-1190821, 6, T:5, 1.000, 5.879
2026-08-17 22:02:26,244 - INFO - mp-1190821, 24, T:5, 1.000, 5.879
2026-08-17 22:02:26,251 - INFO - mp-1190821, 42, T:5, 1.000, 5.879
2026-08-17 22:02:26,259 - INFO - mp-1190821, 51, S:5, 1.000, 6.640
2026-08-17 22:02:26,433 - INFO - mp-1190820, 4, T:4, 1.000, 1.137
2026-08-17 22:02:27,013 - INFO - mp-1190844, 6, T:5, 1.000, 5.920
2026-08-17 22:02:27,021 - INFO - mp-1190844, 24, T:5, 1.000, 5.920
2026-08-17 22:02:27,028 - INFO - mp-1190844, 42, T:5, 1.000, 5.920
2026-08-17 22:02:27,035 - INFO - mp-1190844, 51, S:5, 1.000, 6.960
2026-08-17 22:02:27,049 - WARNING - /opt/miniforge/envs/sandbox/lib/python3.12/site-packages/pymatgen/io/cif.py:1817: UserWarning: Issues encountered while parsing CIF: 4 fractional coordinates rounded to ideal values to avoid issues with finite precision.
  return parser.parse_structures(primitive=primitive)[0]

2026-08-17 22:02:27,084 - INFO - mp-1190829, 3, O:6, 1.000, 0.645
2026-08-17 22:02:27,337 - INFO - mp-1190791, 2, S:5, 0.998, 1.044
2026-08-17 22:02:27,346 - INFO - mp-1190791, 5, T:4, 0.965, 0.536
2026-08-17 22:02:27,353 - INFO - mp-1190791, 8, T:4, 1.000, 0.059
2026-08-17 22:02:27,364 - INFO - mp-1190791, 11, T:4, 1.000, 0.037
2026-08-17 22:02:27,797 - INFO - mp-1190874, 0, O:6, 1.000, 0.507
2026-08-17 22:02:27,989 - INFO - mp-1190927, 8, O:6, 1.000, 0.504
2026-08-17 22:02:28,229 - INFO - mp-1190931, 4, O:6, 1.000, 0.067
2026-08-17 22:02:28,636 - INFO - mp-1190963, 6, T:5, 1.000, 5.839
2026-08-17 22:02:28,644 - INFO - mp-1190963, 24, T:5, 1.000, 5.839
2026-08-17 22:02:28,662 - INFO - mp-1190963, 42, T:5, 1.000, 5.839
2026-08-17 22:02:28,682 - INFO - mp-1190963, 51, S:5, 1.000, 6.970
2026-08-17 22:02:28,918 - INFO - mp-1190858, 1, O:6, 1.000, 0.245
2026-08-17 22:02:29,209 - INFO - mp-1191008, 8, O:6, 1.000, 1.013
2026-08-17 22:02:29,219 - WARNING - /opt/miniforge/envs/sandbox/lib/python3.12/site-packages/pymatgen/io/cif.py:1817: UserWarning: Issues encountered while parsing CIF: 4 fractional coordinates rounded to ideal values to avoid issues with finite precision.
  return parser.parse_structures(primitive=primitive)[0]

2026-08-17 22:02:29,236 - ERROR - No coordination environment symbols available for mp-1191051 and index 4.
2026-08-17 22:02:29,242 - WARNING - /opt/miniforge/envs/sandbox/lib/python3.12/site-packages/pymatgen/io/cif.py:1817: UserWarning: Issues encountered while parsing CIF: 4 fractional coordinates rounded to ideal values to avoid issues with finite precision.
  return parser.parse_structures(primitive=primitive)[0]

2026-08-17 22:02:29,988 - ERROR - No coordination environment symbols available for mp-1191106 and index 4.
2026-08-17 22:02:29,992 - WARNING - /opt/miniforge/envs/sandbox/lib/python3.12/site-packages/pymatgen/io/cif.py:1817: UserWarning: Issues encountered while parsing CIF: 4 fractional coordinates rounded to ideal values to avoid issues with finite precision.
  return parser.parse_structures(primitive=primitive)[0]

2026-08-17 22:02:30,003 - INFO - mp-1191093, 6, T:5, 1.000, 6.033
2026-08-17 22:02:30,010 - INFO - mp-1191093, 24, T:5, 1.000, 6.033
2026-08-17 22:02:30,017 - INFO - mp-1191093, 42, T:5, 1.000, 6.033
2026-08-17 22:02:30,024 - ERROR - No coordination environment symbols available for mp-1191093 and index 51.
2026-08-17 22:02:30,152 - INFO - mp-1191073, 6, T:5, 1.000, 5.993
2026-08-17 22:02:30,160 - INFO - mp-1191073, 24, T:5, 1.000, 5.993
2026-08-17 22:02:30,166 - INFO - mp-1191073, 42, T:5, 1.000, 5.993
2026-08-17 22:02:30,174 - ERROR - No coordination environment symbols available for mp-1191073 and index 51.
2026-08-17 22:02:30,178 - WARNING - /opt/miniforge/envs/sandbox/lib/python3.12/site-packages/pymatgen/io/cif.py:1817: UserWarning: Issues encountered while parsing CIF: 3 fractional coordinates rounded to ideal values to avoid issues with finite precision.
  return parser.parse_structures(primitive=primitive)[0]

2026-08-17 22:02:30,723 - INFO - mp-1191064, 0, O:6, 1.000, 1.007
2026-08-17 22:02:30,730 - INFO - mp-1191064, 2, O:6, 1.000, 0.949
2026-08-17 22:02:30,745 - WARNING - /opt/miniforge/envs/sandbox/lib/python3.12/site-packages/pymatgen/io/cif.py:1817: UserWarning: Issues encountered while parsing CIF: 4 fractional coordinates rounded to ideal values to avoid issues with finite precision.
  return parser.parse_structures(primitive=primitive)[0]

2026-08-17 22:02:31,032 - INFO - mp-1191191, 6, T:5, 1.000, 1.976
2026-08-17 22:02:31,033 - INFO - mp-1191175, 4, O:6, 1.000, 0.491
2026-08-17 22:02:31,039 - INFO - mp-1191191, 8, T:4, 0.909, 0.063
2026-08-17 22:02:31,697 - INFO - mp-1191215, 8, O:6, 1.000, 0.484
2026-08-17 22:02:32,025 - INFO - mp-1191181, 2, T:4, 1.000, 0.052
2026-08-17 22:02:32,035 - INFO - mp-1191181, 5, T:4, 1.000, 0.041
2026-08-17 22:02:32,041 - INFO - mp-1191181, 8, T:4, 0.963, 0.545
2026-08-17 22:02:32,047 - INFO - mp-1191181, 11, S:5, 0.997, 1.057
2026-08-17 22:02:32,065 - WARNING - /opt/miniforge/envs/sandbox/lib/python3.12/site-packages/pymatgen/io/cif.py:1817: UserWarning: Issues encountered while parsing CIF: 4 fractional coordinates rounded to ideal values to avoid issues with finite precision.
  return parser.parse_structures(primitive=primitive)[0]

2026-08-17 22:02:32,439 - INFO - mp-1191216, 16, T:4, 0.995, 0.943
2026-08-17 22:02:32,902 - INFO - mp-1191233, 8, O:6, 1.000, 0.320
2026-08-17 22:02:33,150 - INFO - mp-1191346, 6, T:5, 1.000, 5.912
2026-08-17 22:02:33,171 - INFO - mp-1191346, 24, T:5, 1.000, 5.912
2026-08-17 22:02:33,172 - WARNING - /Users/marius/Code/gitlab.esrf.fr/spectroscopy/xasml/src/xasml/datasets/fdmnes/io.py:29: RuntimeWarning: divide by zero encountered in divide
  a = np.pi * gamma_max * (f - 1 / f**2) / (3 * x_larg)

2026-08-17 22:02:33,186 - INFO - mp-1191346, 42, T:5, 1.000, 5.912
2026-08-17 22:02:33,193 - INFO - mp-1191346, 51, S:5, 1.000, 6.634
2026-08-17 22:02:33,523 - INFO - mp-1191264, 4, O:6, 1.000, 0.202
2026-08-17 22:02:33,735 - ERROR - No coordination environment symbols available for mp-1191401 and index 8.
2026-08-17 22:02:33,735 - ERROR - No coordination environment symbols available for mp-1191401 and index 14.
2026-08-17 22:02:33,735 - ERROR - No coordination environment symbols available for mp-1191401 and index 20.
2026-08-17 22:02:33,983 - INFO - mp-1191229, 8, O:6, 1.000, 0.392
2026-08-17 22:02:34,011 - WARNING - /opt/miniforge/envs/sandbox/lib/python3.12/site-packages/pymatgen/io/cif.py:1817: UserWarning: Issues encountered while parsing CIF: 4 fractional coordinates rounded to ideal values to avoid issues with finite precision.
  return parser.parse_structures(primitive=primitive)[0]

2026-08-17 22:02:34,478 - INFO - mp-1191404, 6, T:5, 1.000, 5.913
2026-08-17 22:02:34,485 - INFO - mp-1191404, 24, T:5, 1.000, 5.913
2026-08-17 22:02:34,492 - INFO - mp-1191404, 42, T:5, 1.000, 5.913
2026-08-17 22:02:34,499 - INFO - mp-1191404, 51, S:5, 1.000, 6.631
2026-08-17 22:02:35,048 - ERROR - No coordination environment symbols available for mp-1191434 and index 4.
2026-08-17 22:02:35,054 - WARNING - /opt/miniforge/envs/sandbox/lib/python3.12/site-packages/pymatgen/io/cif.py:1817: UserWarning: Issues encountered while parsing CIF: 8 fractional coordinates rounded to ideal values to avoid issues with finite precision.
  return parser.parse_structures(primitive=primitive)[0]

2026-08-17 22:02:35,426 - INFO - mp-1191470, 6, T:5, 1.000, 5.895
2026-08-17 22:02:35,435 - INFO - mp-1191470, 24, T:5, 1.000, 5.895
2026-08-17 22:02:35,441 - INFO - mp-1191470, 42, T:5, 1.000, 5.895
2026-08-17 22:02:35,448 - ERROR - No coordination environment symbols available for mp-1191470 and index 51.
2026-08-17 22:02:35,669 - INFO - mp-1191147, 2, T:4, 1.000, 0.106
2026-08-17 22:02:35,672 - INFO - mp-1191478, 6, T:5, 1.000, 5.820
2026-08-17 22:02:35,675 - INFO - mp-1191147, 3, T:4, 0.971, 0.515
2026-08-17 22:02:35,680 - INFO - mp-1191478, 24, T:5, 1.000, 5.820
2026-08-17 22:02:35,684 - INFO - mp-1191147, 4, T:4, 0.973, 0.548
2026-08-17 22:02:35,686 - INFO - mp-1191478, 42, T:5, 1.000, 5.820
2026-08-17 22:02:35,693 - INFO - mp-1191478, 51, S:5, 1.000, 6.570
2026-08-17 22:02:35,696 - INFO - mp-1191147, 5, S:5, 0.998, 1.070
2026-08-17 22:02:35,696 - WARNING - /Users/marius/Code/gitlab.esrf.fr/spectroscopy/xasml/src/xasml/datasets/fdmnes/io.py:29: RuntimeWarning: divide by zero encountered in divide
  a = np.pi * gamma_max * (f - 1 / f**2) / (3 * x_larg)

2026-08-17 22:02:35,702 - INFO - mp-1191147, 6, T:4, 1.000, 0.099
2026-08-17 22:02:35,716 - INFO - mp-1191147, 7, T:4, 1.000, 0.036
2026-08-17 22:02:35,721 - INFO - mp-1191147, 8, T:4, 1.000, 0.097
2026-08-17 22:02:35,727 - INFO - mp-1191147, 9, T:4, 1.000, 0.036
2026-08-17 22:02:35,733 - INFO - mp-1191147, 10, T:4, 0.972, 0.572
2026-08-17 22:02:35,742 - INFO - mp-1191147, 11, S:5, 0.997, 1.078
2026-08-17 22:02:35,748 - INFO - mp-1191147, 12, S:5, 0.997, 1.083
2026-08-17 22:02:35,757 - INFO - mp-1191147, 13, T:4, 1.000, 0.038
2026-08-17 22:02:35,786 - WARNING - /opt/miniforge/envs/sandbox/lib/python3.12/site-packages/pymatgen/io/cif.py:1817: UserWarning: Issues encountered while parsing CIF: 2 fractional coordinates rounded to ideal values to avoid issues with finite precision.
  return parser.parse_structures(primitive=primitive)[0]

2026-08-17 22:02:35,859 - INFO - mp-1191482, 6, T:5, 1.000, 5.688
2026-08-17 22:02:35,866 - INFO - mp-1191482, 24, S:5, 1.000, 7.036
2026-08-17 22:02:35,907 - WARNING - /opt/miniforge/envs/sandbox/lib/python3.12/site-packages/pymatgen/io/cif.py:1817: UserWarning: Issues encountered while parsing CIF: 4 fractional coordinates rounded to ideal values to avoid issues with finite precision.
  return parser.parse_structures(primitive=primitive)[0]

2026-08-17 22:02:36,111 - INFO - mp-1191486, 8, O:6, 1.000, 0.039
2026-08-17 22:02:36,121 - WARNING - /opt/miniforge/envs/sandbox/lib/python3.12/site-packages/pymatgen/io/cif.py:1817: UserWarning: Issues encountered while parsing CIF: 4 fractional coordinates rounded to ideal values to avoid issues with finite precision.
  return parser.parse_structures(primitive=primitive)[0]

2026-08-17 22:02:37,339 - INFO - mp-1191380, 0, S:5, 0.947, 2.646
2026-08-17 22:02:37,346 - INFO - mp-1191380, 2, S:5, 0.949, 2.599
2026-08-17 22:02:37,535 - INFO - mp-1191539, 6, T:5, 1.000, 5.840
2026-08-17 22:02:37,535 - WARNING - /Users/marius/Code/gitlab.esrf.fr/spectroscopy/xasml/src/xasml/datasets/fdmnes/io.py:29: RuntimeWarning: divide by zero encountered in divide
  a = np.pi * gamma_max * (f - 1 / f**2) / (3 * x_larg)

2026-08-17 22:02:37,542 - INFO - mp-1191539, 24, T:5, 1.000, 5.840
2026-08-17 22:02:37,549 - INFO - mp-1191539, 42, T:5, 1.000, 5.840
2026-08-17 22:02:37,556 - INFO - mp-1191539, 51, S:5, 1.000, 6.714
2026-08-17 22:02:37,662 - INFO - mp-1191552, 0, T:4, 1.000, 0.066
2026-08-17 22:02:37,670 - INFO - mp-1191552, 4, T:4, 1.000, 0.332
2026-08-17 22:02:37,705 - INFO - mp-1191504, 0, O:6, 1.000, 0.045
2026-08-17 22:02:37,988 - INFO - mp-1191574, 8, O:6, 1.000, 0.119
2026-08-17 22:02:38,006 - WARNING - /opt/miniforge/envs/sandbox/lib/python3.12/site-packages/pymatgen/io/cif.py:1817: UserWarning: Issues encountered while parsing CIF: 4 fractional coordinates rounded to ideal values to avoid issues with finite precision.
  return parser.parse_structures(primitive=primitive)[0]

2026-08-17 22:02:38,286 - INFO - mp-1191594, 6, T:4, 0.889, 0.015
2026-08-17 22:02:38,660 - INFO - mp-1191501, 0, O:6, 1.000, 0.160
2026-08-17 22:02:38,686 - WARNING - /opt/miniforge/envs/sandbox/lib/python3.12/site-packages/pymatgen/io/cif.py:1817: UserWarning: Issues encountered while parsing CIF: 4 fractional coordinates rounded to ideal values to avoid issues with finite precision.
  return parser.parse_structures(primitive=primitive)[0]

2026-08-17 22:02:39,708 - INFO - mp-1191671, 6, T:5, 1.000, 5.792
2026-08-17 22:02:39,715 - INFO - mp-1191671, 24, T:5, 1.000, 5.792
2026-08-17 22:02:39,726 - INFO - mp-1191671, 42, T:5, 1.000, 5.792
2026-08-17 22:02:39,736 - INFO - mp-1191671, 51, S:5, 1.000, 6.585
2026-08-17 22:02:39,868 - ERROR - No coordination environment symbols available for mp-1191710 and index 4.
2026-08-17 22:02:40,085 - INFO - mp-1191750, 8, O:6, 1.000, 0.180
2026-08-17 22:02:40,099 - INFO - mp-1191756, 0, T:4, 1.000, 1.914
2026-08-17 22:02:40,110 - WARNING - /opt/miniforge/envs/sandbox/lib/python3.12/site-packages/pymatgen/io/cif.py:1817: UserWarning: Issues encountered while parsing CIF: 4 fractional coordinates rounded to ideal values to avoid issues with finite precision.
  return parser.parse_structures(primitive=primitive)[0]

2026-08-17 22:02:40,360 - INFO - mp-1191609, 4, O:6, 1.000, 0.213
2026-08-17 22:02:40,714 - INFO - mp-1191762, 8, O:6, 1.000, 0.036
2026-08-17 22:02:40,982 - ERROR - No coordination environment symbols available for mp-1191712 and index 4.
2026-08-17 22:02:40,982 - ERROR - No coordination environment symbols available for mp-1191712 and index 12.
2026-08-17 22:02:40,982 - ERROR - No coordination environment symbols available for mp-1191712 and index 20.
2026-08-17 22:02:40,982 - ERROR - No coordination environment symbols available for mp-1191712 and index 24.
2026-08-17 22:02:40,986 - WARNING - /opt/miniforge/envs/sandbox/lib/python3.12/site-packages/pymatgen/io/cif.py:1817: UserWarning: Issues encountered while parsing CIF: 4 fractional coordinates rounded to ideal values to avoid issues with finite precision.
  return parser.parse_structures(primitive=primitive)[0]

2026-08-17 22:02:41,964 - INFO - mp-1191783, 12, T:5, 1.000, 5.917
2026-08-17 22:02:41,982 - INFO - mp-1191783, 30, T:5, 1.000, 5.917
2026-08-17 22:02:41,989 - INFO - mp-1191783, 48, S:5, 1.000, 6.604
2026-08-17 22:02:42,002 - ERROR - No coordination environment symbols available for mp-1191778 and index 18.
2026-08-17 22:02:42,689 - INFO - mp-1191561, 2, T:4, 1.000, 0.035
2026-08-17 22:02:42,710 - INFO - mp-1191561, 3, S:5, 0.997, 1.063
2026-08-17 22:02:42,711 - WARNING - /Users/marius/Code/gitlab.esrf.fr/spectroscopy/xasml/src/xasml/datasets/fdmnes/io.py:29: RuntimeWarning: divide by zero encountered in divide
  a = np.pi * gamma_max * (f - 1 / f**2) / (3 * x_larg)

2026-08-17 22:02:42,726 - INFO - mp-1191561, 4, S:5, 0.997, 1.065
2026-08-17 22:02:42,732 - INFO - mp-1191561, 5, T:4, 0.966, 0.539
2026-08-17 22:02:42,738 - INFO - mp-1191561, 6, T:4, 1.000, 0.036
2026-08-17 22:02:42,745 - INFO - mp-1191561, 7, T:4, 1.000, 0.065
2026-08-17 22:02:42,751 - INFO - mp-1191561, 8, T:4, 1.000, 0.034
2026-08-17 22:02:42,757 - INFO - mp-1191561, 9, T:4, 1.000, 0.062
2026-08-17 22:02:42,770 - INFO - mp-1191561, 10, S:5, 0.997, 1.072
2026-08-17 22:02:42,775 - INFO - mp-1191561, 11, T:4, 0.967, 0.562
2026-08-17 22:02:42,782 - INFO - mp-1191561, 12, T:4, 0.968, 0.556
2026-08-17 22:02:42,788 - INFO - mp-1191561, 13, T:4, 1.000, 0.062
2026-08-17 22:02:42,858 - INFO - mp-1191874, 8, T:4, 0.870, 2.190
2026-08-17 22:02:42,877 - WARNING - /opt/miniforge/envs/sandbox/lib/python3.12/site-packages/pymatgen/io/cif.py:1817: UserWarning: Issues encountered while parsing CIF: 4 fractional coordinates rounded to ideal values to avoid issues with finite precision.
  return parser.parse_structures(primitive=primitive)[0]

2026-08-17 22:02:42,895 - INFO - mp-1191833, 2, T:4, 1.000, 0.037
2026-08-17 22:02:42,908 - INFO - mp-1191833, 5, T:4, 1.000, 0.077
2026-08-17 22:02:42,915 - INFO - mp-1191833, 8, S:5, 0.997, 1.079
2026-08-17 22:02:42,921 - INFO - mp-1191833, 11, T:4, 0.968, 0.547
2026-08-17 22:02:43,066 - INFO - mp-1191911, 8, O:6, 1.000, 0.518
2026-08-17 22:02:43,416 - INFO - mp-1191800, 8, T:4, 1.000, 0.266
2026-08-17 22:02:43,423 - INFO - mp-1191800, 10, T:4, 1.000, 0.216
2026-08-17 22:02:44,111 - INFO - mp-1191945, 6, T:5, 1.000, 5.743
2026-08-17 22:02:44,118 - INFO - mp-1191945, 24, T:5, 1.000, 5.743
2026-08-17 22:02:44,119 - WARNING - /Users/marius/Code/gitlab.esrf.fr/spectroscopy/xasml/src/xasml/datasets/fdmnes/io.py:29: RuntimeWarning: divide by zero encountered in divide
  a = np.pi * gamma_max * (f - 1 / f**2) / (3 * x_larg)

2026-08-17 22:02:44,127 - INFO - mp-1191945, 42, T:5, 1.000, 5.743
2026-08-17 22:02:44,131 - INFO - mp-1191973, 8, T:4, 0.998, 0.637
2026-08-17 22:02:44,138 - INFO - mp-1191945, 51, S:5, 1.000, 6.723
2026-08-17 22:02:44,162 - WARNING - /opt/miniforge/envs/sandbox/lib/python3.12/site-packages/pymatgen/io/cif.py:1817: UserWarning: Issues encountered while parsing CIF: 4 fractional coordinates rounded to ideal values to avoid issues with finite precision.
  return parser.parse_structures(primitive=primitive)[0]

2026-08-17 22:02:44,890 - ERROR - No coordination environment symbols available for mp-1191987 and index 4.
2026-08-17 22:02:44,932 - INFO - mp-1192112, 12, O:6, 1.000, 0.000
2026-08-17 22:02:44,942 - WARNING - /opt/miniforge/envs/sandbox/lib/python3.12/site-packages/pymatgen/io/cif.py:1817: UserWarning: Issues encountered while parsing CIF: 4 fractional coordinates rounded to ideal values to avoid issues with finite precision.
  return parser.parse_structures(primitive=primitive)[0]

2026-08-17 22:02:45,252 - INFO - mp-1192103, 0, T:4, 0.996, 2.052
2026-08-17 22:02:45,387 - ERROR - No coordination environment symbols available for mp-1192098 and index 12.
2026-08-17 22:02:45,393 - WARNING - /opt/miniforge/envs/sandbox/lib/python3.12/site-packages/pymatgen/io/cif.py:1817: UserWarning: Issues encountered while parsing CIF: 4 fractional coordinates rounded to ideal values to avoid issues with finite precision.
  return parser.parse_structures(primitive=primitive)[0]

2026-08-17 22:02:45,700 - INFO - mp-1192008, 2, S:5, 0.997, 1.023
2026-08-17 22:02:45,706 - INFO - mp-1192008, 5, T:4, 0.960, 0.543
2026-08-17 22:02:45,712 - INFO - mp-1192008, 8, T:4, 1.000, 0.046
2026-08-17 22:02:45,718 - INFO - mp-1192008, 11, T:4, 1.000, 0.051
2026-08-17 22:02:45,731 - WARNING - /opt/miniforge/envs/sandbox/lib/python3.12/site-packages/pymatgen/io/cif.py:1817: UserWarning: Issues encountered while parsing CIF: 6 fractional coordinates rounded to ideal values to avoid issues with finite precision.
  return parser.parse_structures(primitive=primitive)[0]

2026-08-17 22:02:45,905 - INFO - mp-1191863, 2, T:4, 1.000, 0.172
2026-08-17 22:02:45,911 - INFO - mp-1191863, 3, T:4, 0.970, 0.464
2026-08-17 22:02:45,917 - INFO - mp-1191863, 4, T:4, 0.972, 0.491
2026-08-17 22:02:45,923 - INFO - mp-1191863, 5, S:5, 0.997, 1.101
2026-08-17 22:02:45,929 - INFO - mp-1191863, 6, T:4, 1.000, 0.162
2026-08-17 22:02:45,935 - INFO - mp-1191863, 7, T:4, 1.000, 0.052
2026-08-17 22:02:45,936 - WARNING - /Users/marius/Code/gitlab.esrf.fr/spectroscopy/xasml/src/xasml/datasets/fdmnes/io.py:29: RuntimeWarning: divide by zero encountered in divide
  a = np.pi * gamma_max * (f - 1 / f**2) / (3 * x_larg)

2026-08-17 22:02:45,941 - INFO - mp-1191863, 8, T:4, 1.000, 0.146
2026-08-17 22:02:45,947 - INFO - mp-1191863, 9, T:4, 1.000, 0.058
2026-08-17 22:02:45,954 - INFO - mp-1191863, 10, T:4, 0.971, 0.538
2026-08-17 22:02:45,960 - ERROR - No coordination environment symbols available for mp-1191863 and index 11.
2026-08-17 22:02:45,960 - INFO - mp-1191863, 12, S:5, 0.997, 1.113
2026-08-17 22:02:45,966 - INFO - mp-1191863, 13, T:4, 1.000, 0.060
2026-08-17 22:02:45,981 - WARNING - /opt/miniforge/envs/sandbox/lib/python3.12/site-packages/pymatgen/io/cif.py:1817: UserWarning: Issues encountered while parsing CIF: 4 fractional coordinates rounded to ideal values to avoid issues with finite precision.
  return parser.parse_structures(primitive=primitive)[0]

2026-08-17 22:02:46,270 - INFO - mp-1192184, 8, O:6, 1.000, 0.869
2026-08-17 22:02:46,300 - INFO - mp-1192216, 64, T:6, 1.000, 2.879
2026-08-17 22:02:46,992 - INFO - mp-1192254, 8, O:6, 1.000, 0.010
2026-08-17 22:02:47,383 - INFO - mp-1192118, 0, O:6, 1.000, 0.737
2026-08-17 22:02:47,390 - INFO - mp-1192118, 2, O:6, 0.891, 2.203
2026-08-17 22:02:47,471 - ERROR - No coordination environment symbols available for mp-1192350 and index 8.
2026-08-17 22:02:47,471 - INFO - mp-1192350, 14, T:4, 1.000, 7.688
2026-08-17 22:02:47,478 - ERROR - No coordination environment symbols available for mp-1192350 and index 20.
2026-08-17 22:02:47,507 - INFO - mp-1192315, 8, O:6, 1.000, 0.026
2026-08-17 22:02:47,729 - ERROR - No coordination environment symbols available for mp-1192321 and index 6.
2026-08-17 22:02:47,729 - ERROR - No coordination environment symbols available for mp-1192321 and index 18.
2026-08-17 22:02:47,729 - INFO - mp-1192321, 20, T:6, 1.000, 4.035
2026-08-17 22:02:47,736 - INFO - mp-1192321, 22, T:6, 1.000, 3.891
2026-08-17 22:02:47,887 - ERROR - No coordination environment symbols available for mp-1192262 and index 12.
2026-08-17 22:02:48,614 - INFO - mp-1192456, 6, T:5, 1.000, 5.888
2026-08-17 22:02:48,623 - INFO - mp-1192456, 24, T:5, 1.000, 5.888
2026-08-17 22:02:48,643 - INFO - mp-1192456, 42, S:5, 1.000, 6.598
2026-08-17 22:02:49,257 - INFO - mp-1192353, 4, O:6, 1.000, 0.229
2026-08-17 22:02:49,277 - WARNING - /opt/miniforge/envs/sandbox/lib/python3.12/site-packages/pymatgen/io/cif.py:1817: UserWarning: Issues encountered while parsing CIF: 4 fractional coordinates rounded to ideal values to avoid issues with finite precision.
  return parser.parse_structures(primitive=primitive)[0]

2026-08-17 22:02:50,256 - INFO - mp-1192570, 4, T:4, 1.000, 0.496
2026-08-17 22:02:50,461 - INFO - mp-1192473, 28, T:5, 1.000, 2.244
2026-08-17 22:02:50,471 - INFO - mp-1192473, 36, T:5, 1.000, 2.244
2026-08-17 22:02:50,679 - INFO - mp-1192618, 16, O:6, 1.000, 3.928
2026-08-17 22:02:51,152 - INFO - mp-1192499, 8, O:6, 1.000, 0.433
2026-08-17 22:02:51,317 - INFO - mp-1192651, 6, O:6, 1.000, 0.411
2026-08-17 22:02:51,323 - INFO - mp-1192651, 10, O:6, 1.000, 0.042
2026-08-17 22:02:51,683 - INFO - mp-1192650, 8, O:6, 1.000, 0.061
2026-08-17 22:02:51,792 - INFO - mp-1192577, 0, O:6, 1.000, 0.430
2026-08-17 22:02:51,805 - WARNING - /opt/miniforge/envs/sandbox/lib/python3.12/site-packages/pymatgen/io/cif.py:1817: UserWarning: Issues encountered while parsing CIF: 4 fractional coordinates rounded to ideal values to avoid issues with finite precision.
  return parser.parse_structures(primitive=primitive)[0]

2026-08-17 22:02:52,597 - INFO - mp-1192775, 0, O:6, 1.000, 0.225
2026-08-17 22:02:52,848 - INFO - mp-1192494, 0, O:6, 1.000, 1.721
2026-08-17 22:02:52,856 - INFO - mp-1192494, 2, O:6, 1.000, 1.689
2026-08-17 22:02:52,863 - INFO - mp-1192494, 4, O:6, 1.000, 1.740
2026-08-17 22:02:52,869 - INFO - mp-1192494, 5, O:6, 1.000, 1.544
2026-08-17 22:02:52,874 - INFO - mp-1192494, 6, O:6, 1.000, 1.619
2026-08-17 22:02:52,880 - INFO - mp-1192494, 7, O:6, 1.000, 1.766
2026-08-17 22:02:53,156 - INFO - mp-1192780, 8, T:5, 1.000, 7.204
2026-08-17 22:02:53,549 - INFO - mp-1192819, 4, O:6, 1.000, 1.476
2026-08-17 22:02:53,853 - INFO - mp-1192825, 4, O:6, 1.000, 1.721
2026-08-17 22:02:53,867 - WARNING - /opt/miniforge/envs/sandbox/lib/python3.12/site-packages/pymatgen/io/cif.py:1817: UserWarning: Issues encountered while parsing CIF: 4 fractional coordinates rounded to ideal values to avoid issues with finite precision.
  return parser.parse_structures(primitive=primitive)[0]

2026-08-17 22:02:53,954 - INFO - mp-1192804, 2, O:6, 1.000, 0.075
2026-08-17 22:02:54,014 - INFO - mp-1192755, 8, O:6, 1.000, 0.172
2026-08-17 22:02:54,371 - INFO - mp-1192831, 8, O:6, 1.000, 0.026
2026-08-17 22:02:54,378 - INFO - mp-1192831, 11, O:6, 1.000, 0.008
2026-08-17 22:02:54,897 - INFO - mp-1192859, 4, T:4, 1.000, 3.602
2026-08-17 22:02:55,314 - INFO - mp-1192851, 3, O:6, 1.000, 0.052
2026-08-17 22:02:55,483 - INFO - mp-1192884, 0, S:4, 1.000, 1.764
2026-08-17 22:02:55,499 - INFO - mp-1192884, 48, S:4, 1.000, 1.764
2026-08-17 22:02:55,514 - INFO - mp-1192884, 80, S:4, 1.000, 1.764
2026-08-17 22:02:55,525 - INFO - mp-1192884, 88, T:4, 1.000, 0.673
2026-08-17 22:02:56,040 - INFO - mp-1192911, 8, O:6, 1.000, 1.176
2026-08-17 22:02:56,118 - INFO - mp-1192960, 24, T:4, 1.000, 0.010
2026-08-17 22:02:56,125 - INFO - mp-1192960, 56, T:4, 1.000, 0.010
2026-08-17 22:02:56,954 - INFO - mp-1192985, 0, O:6, 1.000, 0.890
2026-08-17 22:02:56,954 - WARNING - /Users/marius/Code/gitlab.esrf.fr/spectroscopy/xasml/src/xasml/datasets/fdmnes/io.py:29: RuntimeWarning: divide by zero encountered in divide
  a = np.pi * gamma_max * (f - 1 / f**2) / (3 * x_larg)

2026-08-17 22:02:57,097 - INFO - mp-1192925, 8, O:6, 1.000, 0.030
2026-08-17 22:02:57,578 - INFO - mp-1192895, 4, T:4, 1.000, 0.637
2026-08-17 22:02:57,589 - INFO - mp-1192895, 6, T:4, 1.000, 1.584
2026-08-17 22:02:57,595 - INFO - mp-1192895, 8, T:4, 0.990, 0.491
2026-08-17 22:02:57,595 - WARNING - /Users/marius/Code/gitlab.esrf.fr/spectroscopy/xasml/src/xasml/datasets/fdmnes/io.py:29: RuntimeWarning: divide by zero encountered in divide
  a = np.pi * gamma_max * (f - 1 / f**2) / (3 * x_larg)

2026-08-17 22:02:57,601 - INFO - mp-1192895, 10, T:4, 1.000, 0.543
2026-08-17 22:02:57,641 - INFO - mp-1193024, 8, O:6, 1.000, 0.340
2026-08-17 22:02:57,700 - ERROR - No coordination environment symbols available for mp-1193060 and index 0.
2026-08-17 22:02:57,701 - ERROR - No coordination environment symbols available for mp-1193060 and index 32.
2026-08-17 22:02:58,611 - INFO - mp-1193073, 64, T:6, 1.000, 2.884
2026-08-17 22:02:58,612 - WARNING - /Users/marius/Code/gitlab.esrf.fr/spectroscopy/xasml/src/xasml/datasets/fdmnes/io.py:29: RuntimeWarning: divide by zero encountered in divide
  a = np.pi * gamma_max * (f - 1 / f**2) / (3 * x_larg)

2026-08-17 22:02:59,070 - INFO - mp-1193035, 0, O:6, 1.000, 0.932
2026-08-17 22:02:59,083 - INFO - mp-1193035, 8, O:6, 1.000, 0.932
2026-08-17 22:02:59,365 - INFO - mp-1193065, 4, O:6, 1.000, 0.669
2026-08-17 22:02:59,373 - INFO - mp-1193065, 8, T:6, 1.000, 0.053
2026-08-17 22:02:59,380 - INFO - mp-1193065, 10, T:6, 1.000, 0.771
2026-08-17 22:02:59,435 - INFO - mp-1193066, 12, T:4, 0.999, 1.246
2026-08-17 22:02:59,555 - INFO - mp-1193097, 64, T:6, 1.000, 3.115
2026-08-17 22:02:59,743 - INFO - mp-1192997, 2, O:6, 1.000, 0.008
2026-08-17 22:03:00,417 - ERROR - No coordination environment symbols available for mp-1193259 and index 32.
2026-08-17 22:03:00,417 - ERROR - No coordination environment symbols available for mp-1193259 and index 44.
2026-08-17 22:03:01,166 - INFO - mp-1193262, 4, T:5, 1.000, 7.681
2026-08-17 22:03:01,173 - ERROR - No coordination environment symbols available for mp-1193262 and index 20.
2026-08-17 22:03:01,173 - INFO - mp-1193262, 36, T:4, 1.000, 1.129
2026-08-17 22:03:01,560 - INFO - mp-1193282, 24, T:4, 1.000, 0.457
2026-08-17 22:03:01,991 - INFO - mp-1193219, 0, O:6, 1.000, 0.418
2026-08-17 22:03:01,998 - INFO - mp-1193219, 4, O:6, 1.000, 0.418
2026-08-17 22:03:02,012 - INFO - mp-1193145, 0, O:6, 1.000, 0.804
2026-08-17 22:03:02,249 - INFO - mp-1193185, 2, O:6, 1.000, 1.148
2026-08-17 22:03:02,461 - INFO - mp-1193286, 16, O:6, 1.000, 0.011
2026-08-17 22:03:02,467 - INFO - mp-1193286, 20, O:6, 1.000, 0.011
2026-08-17 22:03:03,382 - INFO - mp-1193313, 48, T:6, 1.000, 3.271
2026-08-17 22:03:03,390 - ERROR - No coordination environment symbols available for mp-1193313 and index 80.
2026-08-17 22:03:03,395 - WARNING - /opt/miniforge/envs/sandbox/lib/python3.12/site-packages/pymatgen/io/cif.py:1817: UserWarning: Issues encountered while parsing CIF: 4 fractional coordinates rounded to ideal values to avoid issues with finite precision.
  return parser.parse_structures(primitive=primitive)[0]

2026-08-17 22:03:03,534 - INFO - mp-1193263, 12, S:5, 0.972, 2.122
2026-08-17 22:03:03,896 - INFO - mp-1193308, 24, T:4, 1.000, 0.016
2026-08-17 22:03:03,898 - WARNING - /Users/marius/Code/gitlab.esrf.fr/spectroscopy/xasml/src/xasml/datasets/fdmnes/io.py:29: RuntimeWarning: divide by zero encountered in divide
  a = np.pi * gamma_max * (f - 1 / f**2) / (3 * x_larg)

2026-08-17 22:03:03,912 - ERROR - No coordination environment symbols available for mp-1193308 and index 56.
2026-08-17 22:03:03,912 - ERROR - No coordination environment symbols available for mp-1193308 and index 88.
2026-08-17 22:03:03,912 - ERROR - No coordination environment symbols available for mp-1193308 and index 112.
2026-08-17 22:03:04,268 - INFO - mp-1193267, 0, O:6, 1.000, 1.070
2026-08-17 22:03:04,274 - INFO - mp-1193267, 2, O:6, 1.000, 0.913
2026-08-17 22:03:04,421 - INFO - mp-1193316, 24, T:4, 1.000, 0.015
2026-08-17 22:03:04,436 - ERROR - No coordination environment symbols available for mp-1193316 and index 56.
2026-08-17 22:03:04,436 - ERROR - No coordination environment symbols available for mp-1193316 and index 88.
2026-08-17 22:03:04,436 - ERROR - No coordination environment symbols available for mp-1193316 and index 112.
2026-08-17 22:03:04,681 - INFO - mp-1193386, 12, O:6, 1.000, 0.147
2026-08-17 22:03:04,711 - ERROR - No coordination environment symbols available for mp-1193332 and index 20.
2026-08-17 22:03:04,711 - ERROR - No coordination environment symbols available for mp-1193332 and index 28.
2026-08-17 22:03:04,721 - WARNING - /opt/miniforge/envs/sandbox/lib/python3.12/site-packages/pymatgen/io/cif.py:1817: UserWarning: Issues encountered while parsing CIF: 2 fractional coordinates rounded to ideal values to avoid issues with finite precision.
  return parser.parse_structures(primitive=primitive)[0]

2026-08-17 22:03:05,243 - INFO - mp-1193395, 6, T:5, 1.000, 0.253
2026-08-17 22:03:05,506 - INFO - mp-1193426, 0, O:6, 1.000, 7.852
2026-08-17 22:03:05,526 - ERROR - No coordination environment symbols available for mp-1193426 and index 24.
2026-08-17 22:03:05,527 - INFO - mp-1193426, 48, T:4, 1.000, 7.983
2026-08-17 22:03:05,589 - INFO - mp-1193301, 2, T:4, 1.000, 0.746
2026-08-17 22:03:05,602 - INFO - mp-1193301, 4, T:4, 0.709, 1.156
2026-08-17 22:03:06,326 - INFO - mp-1193555, 24, T:4, 1.000, 0.010
2026-08-17 22:03:06,334 - ERROR - No coordination environment symbols available for mp-1193555 and index 56.
2026-08-17 22:03:06,334 - ERROR - No coordination environment symbols available for mp-1193555 and index 88.
2026-08-17 22:03:06,334 - ERROR - No coordination environment symbols available for mp-1193555 and index 112.
2026-08-17 22:03:06,501 - INFO - mp-1193500, 0, O:6, 1.000, 0.306
2026-08-17 22:03:06,686 - INFO - mp-1193558, 18, T:6, 1.000, 0.063
2026-08-17 22:03:06,962 - INFO - mp-1193401, 28, T:4, 0.828, 0.734
2026-08-17 22:03:06,969 - INFO - mp-1193401, 36, T:4, 0.828, 0.734
2026-08-17 22:03:07,133 - INFO - mp-1193501, 4, O:6, 1.000, 0.457
2026-08-17 22:03:07,157 - ERROR - No coordination environment symbols available for mp-1193564 and index 44.
2026-08-17 22:03:07,907 - INFO - mp-1193589, 0, T:4, 1.000, 0.000
2026-08-17 22:03:07,914 - ERROR - No coordination environment symbols available for mp-1193589 and index 8.
2026-08-17 22:03:07,928 - WARNING - /opt/miniforge/envs/sandbox/lib/python3.12/site-packages/pymatgen/io/cif.py:1817: UserWarning: Issues encountered while parsing CIF: 2 fractional coordinates rounded to ideal values to avoid issues with finite precision.
  return parser.parse_structures(primitive=primitive)[0]

2026-08-17 22:03:08,601 - INFO - mp-1193685, 24, T:4, 1.000, 0.496
2026-08-17 22:03:08,681 - ERROR - No coordination environment symbols available for mp-1193628 and index 4.
2026-08-17 22:03:08,681 - ERROR - No coordination environment symbols available for mp-1193628 and index 12.
2026-08-17 22:03:08,681 - ERROR - No coordination environment symbols available for mp-1193628 and index 20.
2026-08-17 22:03:08,979 - INFO - mp-1193644, 24, T:4, 1.000, 0.021
2026-08-17 22:03:09,000 - ERROR - No coordination environment symbols available for mp-1193644 and index 56.
2026-08-17 22:03:09,000 - ERROR - No coordination environment symbols available for mp-1193644 and index 88.
2026-08-17 22:03:09,000 - ERROR - No coordination environment symbols available for mp-1193644 and index 112.
2026-08-17 22:03:09,143 - ERROR - No coordination environment symbols available for mp-1193646 and index 80.
2026-08-17 22:03:09,143 - ERROR - No coordination environment symbols available for mp-1193646 and index 112.
2026-08-17 22:03:09,256 - INFO - mp-1193638, 16, O:6, 1.000, 0.169
2026-08-17 22:03:09,270 - WARNING - /opt/miniforge/envs/sandbox/lib/python3.12/site-packages/pymatgen/io/cif.py:1817: UserWarning: Issues encountered while parsing CIF: 2 fractional coordinates rounded to ideal values to avoid issues with finite precision.
  return parser.parse_structures(primitive=primitive)[0]

2026-08-17 22:03:09,389 - INFO - mp-1193584, 16, O:6, 1.000, 0.503
2026-08-17 22:03:09,429 - WARNING - /opt/miniforge/envs/sandbox/lib/python3.12/site-packages/pymatgen/io/cif.py:1817: UserWarning: Issues encountered while parsing CIF: 2 fractional coordinates rounded to ideal values to avoid issues with finite precision.
  return parser.parse_structures(primitive=primitive)[0]

2026-08-17 22:03:09,888 - INFO - mp-1193686, 8, O:6, 1.000, 0.086
2026-08-17 22:03:09,983 - ERROR - No coordination environment symbols available for mp-1193698 and index 48.
2026-08-17 22:03:09,983 - ERROR - No coordination environment symbols available for mp-1193698 and index 80.
2026-08-17 22:03:10,856 - INFO - mp-1193684, 0, O:6, 1.000, 1.595
2026-08-17 22:03:10,870 - INFO - mp-1193684, 4, O:6, 1.000, 0.418
2026-08-17 22:03:10,878 - INFO - mp-1193684, 8, O:6, 1.000, 0.759
2026-08-17 22:03:10,886 - INFO - mp-1193684, 10, O:6, 1.000, 0.418
2026-08-17 22:03:11,160 - INFO - mp-1193798, 6, O:6, 1.000, 0.002
2026-08-17 22:03:11,425 - INFO - mp-1193832, 18, T:6, 1.000, 0.131
2026-08-17 22:03:11,425 - WARNING - /Users/marius/Code/gitlab.esrf.fr/spectroscopy/xasml/src/xasml/datasets/fdmnes/io.py:29: RuntimeWarning: divide by zero encountered in divide
  a = np.pi * gamma_max * (f - 1 / f**2) / (3 * x_larg)

2026-08-17 22:03:11,574 - INFO - mp-1193761, 12, T:4, 0.780, 0.548
2026-08-17 22:03:12,090 - INFO - mp-1193721, 0, O:6, 1.000, 1.053
2026-08-17 22:03:12,195 - ERROR - No coordination environment symbols available for mp-1193865 and index 4.
2026-08-17 22:03:12,196 - ERROR - No coordination environment symbols available for mp-1193865 and index 12.
2026-08-17 22:03:12,196 - ERROR - No coordination environment symbols available for mp-1193865 and index 20.
2026-08-17 22:03:13,356 - INFO - mp-1194030, 0, S:4, 1.000, 7.139
2026-08-17 22:03:13,356 - WARNING - /Users/marius/Code/gitlab.esrf.fr/spectroscopy/xasml/src/xasml/datasets/fdmnes/io.py:29: RuntimeWarning: divide by zero encountered in divide
  a = np.pi * gamma_max * (f - 1 / f**2) / (3 * x_larg)

2026-08-17 22:03:13,362 - ERROR - No coordination environment symbols available for mp-1194030 and index 8.
2026-08-17 22:03:13,362 - ERROR - No coordination environment symbols available for mp-1194030 and index 16.
2026-08-17 22:03:13,362 - ERROR - No coordination environment symbols available for mp-1194030 and index 24.
2026-08-17 22:03:13,528 - INFO - mp-1193931, 12, T:4, 0.752, 0.506
2026-08-17 22:03:13,542 - WARNING - /opt/miniforge/envs/sandbox/lib/python3.12/site-packages/pymatgen/io/cif.py:1817: UserWarning: Issues encountered while parsing CIF: 4 fractional coordinates rounded to ideal values to avoid issues with finite precision.
  return parser.parse_structures(primitive=primitive)[0]

2026-08-17 22:03:13,594 - INFO - mp-1193899, 16, O:6, 1.000, 3.974
2026-08-17 22:03:13,925 - INFO - mp-1193765, 0, T:4, 0.972, 0.061
2026-08-17 22:03:14,005 - INFO - mp-1193958, 8, S:5, 1.000, 0.897
2026-08-17 22:03:14,021 - ERROR - No coordination environment symbols available for mp-1193938 and index 44.
2026-08-17 22:03:14,581 - INFO - mp-1193859, 2, O:6, 1.000, 0.262
2026-08-17 22:03:14,588 - INFO - mp-1193859, 3, O:6, 1.000, 0.235
2026-08-17 22:03:15,259 - ERROR - mp-1194083, the turning point is beyond the atomic radius
2026-08-17 22:03:15,391 - INFO - mp-1194007, 0, T:4, 1.000, 0.099
2026-08-17 22:03:15,403 - WARNING - /opt/miniforge/envs/sandbox/lib/python3.12/site-packages/pymatgen/io/cif.py:1817: UserWarning: Issues encountered while parsing CIF: 2 fractional coordinates rounded to ideal values to avoid issues with finite precision.
  return parser.parse_structures(primitive=primitive)[0]

2026-08-17 22:03:15,498 - INFO - mp-1194167, 6, O:6, 1.000, 0.629
2026-08-17 22:03:15,911 - INFO - mp-1194188, 64, T:6, 1.000, 3.296
2026-08-17 22:03:16,050 - INFO - mp-1194186, 24, T:4, 1.000, 0.014
2026-08-17 22:03:16,058 - ERROR - No coordination environment symbols available for mp-1194186 and index 56.
2026-08-17 22:03:16,058 - ERROR - No coordination environment symbols available for mp-1194186 and index 88.
2026-08-17 22:03:16,058 - ERROR - No coordination environment symbols available for mp-1194186 and index 112.
2026-08-17 22:03:16,352 - ERROR - No coordination environment symbols available for mp-1194201 and index 48.
2026-08-17 22:03:16,352 - ERROR - No coordination environment symbols available for mp-1194201 and index 80.
2026-08-17 22:03:16,391 - ERROR - No coordination environment symbols available for mp-1194198 and index 4.
2026-08-17 22:03:16,391 - INFO - mp-1194198, 12, T:4, 1.000, 1.890
2026-08-17 22:03:16,409 - INFO - mp-1194198, 20, T:5, 1.000, 2.316
2026-08-17 22:03:16,801 - INFO - mp-1194204, 18, T:6, 1.000, 0.087
2026-08-17 22:03:16,906 - INFO - mp-1194174, 18, T:5, 0.860, 5.010
2026-08-17 22:03:16,915 - INFO - mp-1194174, 34, T:5, 0.860, 5.010
2026-08-17 22:03:16,947 - WARNING - /opt/miniforge/envs/sandbox/lib/python3.12/site-packages/pymatgen/io/cif.py:1817: UserWarning: Issues encountered while parsing CIF: 2 fractional coordinates rounded to ideal values to avoid issues with finite precision.
  return parser.parse_structures(primitive=primitive)[0]

2026-08-17 22:03:18,079 - INFO - mp-1194302, 24, T:4, 1.000, 0.415
2026-08-17 22:03:18,254 - INFO - mp-1194229, 0, O:6, 1.000, 1.049
2026-08-17 22:03:18,262 - INFO - mp-1194229, 4, O:6, 1.000, 1.436
2026-08-17 22:03:18,453 - INFO - mp-1194202, 4, T:4, 1.000, 0.530
2026-08-17 22:03:18,459 - INFO - mp-1194202, 6, T:4, 1.000, 1.399
2026-08-17 22:03:18,469 - INFO - mp-1194202, 8, T:4, 0.989, 0.617
2026-08-17 22:03:18,475 - INFO - mp-1194202, 10, T:4, 1.000, 0.659
2026-08-17 22:03:18,478 - INFO - mp-1194355, 0, O:6, 0.986, 5.869
2026-08-17 22:03:18,484 - INFO - mp-1194355, 4, O:6, 1.000, 2.583
2026-08-17 22:03:18,687 - INFO - mp-1194242, 0, O:6, 1.000, 0.444
2026-08-17 22:03:18,710 - INFO - mp-1194242, 4, O:6, 1.000, 0.444
2026-08-17 22:03:18,828 - INFO - mp-1194431, 18, T:6, 1.000, 0.118
2026-08-17 22:03:18,828 - INFO - mp-1194306, 0, O:6, 1.000, 0.910
2026-08-17 22:03:18,828 - WARNING - /Users/marius/Code/gitlab.esrf.fr/spectroscopy/xasml/src/xasml/datasets/fdmnes/io.py:29: RuntimeWarning: divide by zero encountered in divide
  a = np.pi * gamma_max * (f - 1 / f**2) / (3 * x_larg)

2026-08-17 22:03:20,716 - ERROR - No coordination environment symbols available for mp-1194528 and index 4.
2026-08-17 22:03:20,716 - ERROR - No coordination environment symbols available for mp-1194528 and index 12.
2026-08-17 22:03:20,716 - ERROR - No coordination environment symbols available for mp-1194528 and index 20.
2026-08-17 22:03:20,836 - INFO - mp-1194329, 0, O:6, 1.000, 1.155
2026-08-17 22:03:20,842 - INFO - mp-1194329, 2, O:6, 1.000, 1.800
2026-08-17 22:03:20,862 - INFO - mp-1194558, 24, T:4, 1.000, 0.007
2026-08-17 22:03:20,868 - INFO - mp-1194498, 4, O:6, 1.000, 1.506
2026-08-17 22:03:20,870 - ERROR - No coordination environment symbols available for mp-1194558 and index 56.
2026-08-17 22:03:20,870 - ERROR - No coordination environment symbols available for mp-1194558 and index 88.
2026-08-17 22:03:20,870 - ERROR - No coordination environment symbols available for mp-1194558 and index 112.
2026-08-17 22:03:20,884 - INFO - mp-1194498, 12, O:6, 1.000, 1.506
2026-08-17 22:03:20,915 - WARNING - /opt/miniforge/envs/sandbox/lib/python3.12/site-packages/pymatgen/io/cif.py:1817: UserWarning: Issues encountered while parsing CIF: 4 fractional coordinates rounded to ideal values to avoid issues with finite precision.
  return parser.parse_structures(primitive=primitive)[0]

2026-08-17 22:03:22,413 - INFO - mp-1194613, 0, O:6, 1.000, 0.161
2026-08-17 22:03:22,413 - WARNING - /Users/marius/Code/gitlab.esrf.fr/spectroscopy/xasml/src/xasml/datasets/fdmnes/io.py:29: RuntimeWarning: divide by zero encountered in divide
  a = np.pi * gamma_max * (f - 1 / f**2) / (3 * x_larg)

2026-08-17 22:03:22,490 - INFO - mp-1194573, 2, O:6, 1.000, 0.001
2026-08-17 22:03:22,542 - INFO - mp-1194524, 4, T:5, 0.999, 0.356
2026-08-17 22:03:23,102 - ERROR - No coordination environment symbols available for mp-1194635 and index 4.
2026-08-17 22:03:23,102 - ERROR - No coordination environment symbols available for mp-1194635 and index 16.
2026-08-17 22:03:23,102 - ERROR - No coordination environment symbols available for mp-1194635 and index 28.
2026-08-17 22:03:23,103 - INFO - mp-1194635, 34, T:4, 1.000, 0.117
2026-08-17 22:03:23,953 - ERROR - No coordination environment symbols available for mp-1194620 and index 4.
2026-08-17 22:03:23,953 - ERROR - No coordination environment symbols available for mp-1194620 and index 12.
2026-08-17 22:03:23,953 - ERROR - No coordination environment symbols available for mp-1194620 and index 20.
2026-08-17 22:03:24,250 - ERROR - No coordination environment symbols available for mp-1194531 and index 0.
2026-08-17 22:03:24,250 - ERROR - No coordination environment symbols available for mp-1194531 and index 4.
2026-08-17 22:03:24,250 - INFO - mp-1194531, 8, O:6, 1.000, 0.553
2026-08-17 22:03:24,257 - INFO - mp-1194531, 12, S:5, 1.000, 0.876
2026-08-17 22:03:25,387 - INFO - mp-1194618, 12, O:6, 0.989, 1.509
2026-08-17 22:03:25,398 - INFO - mp-1194618, 14, T:4, 1.000, 2.989
2026-08-17 22:03:26,254 - ERROR - No coordination environment symbols available for mp-1194690 and index 36.
2026-08-17 22:03:26,254 - ERROR - No coordination environment symbols available for mp-1194690 and index 40.
2026-08-17 22:03:26,265 - WARNING - /opt/miniforge/envs/sandbox/lib/python3.12/site-packages/pymatgen/io/cif.py:1817: UserWarning: Issues encountered while parsing CIF: 1 fractional coordinates rounded to ideal values to avoid issues with finite precision.
  return parser.parse_structures(primitive=primitive)[0]

2026-08-17 22:03:26,308 - INFO - mp-1194713, 28, T:4, 1.000, 0.239
2026-08-17 22:03:26,316 - INFO - mp-1194713, 36, T:4, 1.000, 0.239
2026-08-17 22:03:27,333 - INFO - mp-1194642, 0, O:6, 1.000, 0.599
2026-08-17 22:03:27,637 - INFO - mp-1194770, 14, T:4, 1.000, 0.249
2026-08-17 22:03:27,650 - WARNING - /opt/miniforge/envs/sandbox/lib/python3.12/site-packages/pymatgen/io/cif.py:1817: UserWarning: Issues encountered while parsing CIF: 4 fractional coordinates rounded to ideal values to avoid issues with finite precision.
  return parser.parse_structures(primitive=primitive)[0]

2026-08-17 22:03:28,023 - INFO - mp-1194644, 16, O:6, 1.000, 0.784
2026-08-17 22:03:28,034 - INFO - mp-1194644, 24, O:6, 1.000, 0.784
2026-08-17 22:03:28,041 - INFO - mp-1194644, 28, O:6, 1.000, 1.163
2026-08-17 22:03:28,553 - INFO - mp-1194719, 12, O:6, 0.928, 2.300
2026-08-17 22:03:28,560 - INFO - mp-1194719, 20, O:6, 0.928, 2.300
2026-08-17 22:03:29,497 - INFO - mp-1194614, 0, T:4, 1.000, 0.011
2026-08-17 22:03:30,625 - INFO - mp-1194875, 0, T:4, 1.000, 0.003
2026-08-17 22:03:30,696 - INFO - mp-1194793, 12, T:5, 1.000, 0.294
2026-08-17 22:03:30,703 - INFO - mp-1194793, 20, T:5, 1.000, 0.366
2026-08-17 22:03:30,710 - INFO - mp-1194793, 28, T:5, 1.000, 0.306
2026-08-17 22:03:30,716 - INFO - mp-1194793, 32, T:5, 1.000, 0.366
2026-08-17 22:03:31,166 - INFO - mp-1194745, 0, O:6, 1.000, 0.482
2026-08-17 22:03:31,446 - INFO - mp-1194931, 0, O:6, 1.000, 0.383
2026-08-17 22:03:31,589 - INFO - mp-1194865, 8, T:5, 0.998, 0.509
2026-08-17 22:03:31,626 - INFO - mp-1194881, 0, O:6, 0.523, 4.739
2026-08-17 22:03:31,639 - WARNING - /opt/miniforge/envs/sandbox/lib/python3.12/site-packages/pymatgen/io/cif.py:1817: UserWarning: Issues encountered while parsing CIF: 2 fractional coordinates rounded to ideal values to avoid issues with finite precision.
  return parser.parse_structures(primitive=primitive)[0]

2026-08-17 22:03:32,153 - INFO - mp-1194906, 36, T:5, 1.000, 7.745
2026-08-17 22:03:32,164 - ERROR - No coordination environment symbols available for mp-1194906 and index 40.
2026-08-17 22:03:33,631 - INFO - mp-1194983, 2, O:6, 1.000, 0.009
2026-08-17 22:03:34,005 - INFO - mp-1194982, 12, O:6, 1.000, 0.370
2026-08-17 22:03:34,068 - INFO - mp-1194940, 16, O:6, 1.000, 1.672
2026-08-17 22:03:35,064 - ERROR - No coordination environment symbols available for mp-1195008 and index 15.
2026-08-17 22:03:35,064 - INFO - mp-1195008, 18, T:4, 1.000, 5.342
2026-08-17 22:03:35,081 - ERROR - No coordination environment symbols available for mp-1195008 and index 21.
2026-08-17 22:03:35,299 - INFO - mp-1195066, 28, T:4, 1.000, 0.223
2026-08-17 22:03:35,305 - INFO - mp-1195066, 36, T:4, 1.000, 0.223
2026-08-17 22:03:35,342 - INFO - mp-1194949, 4, T:5, 0.999, 0.456
2026-08-17 22:03:35,799 - INFO - mp-1194812, 0, O:6, 1.000, 0.345
2026-08-17 22:03:35,800 - WARNING - /Users/marius/Code/gitlab.esrf.fr/spectroscopy/xasml/src/xasml/datasets/fdmnes/io.py:29: RuntimeWarning: divide by zero encountered in divide
  a = np.pi * gamma_max * (f - 1 / f**2) / (3 * x_larg)

2026-08-17 22:03:35,816 - INFO - mp-1194812, 18, O:6, 1.000, 0.041
2026-08-17 22:03:35,836 - INFO - mp-1194812, 30, O:6, 1.000, 0.041
2026-08-17 22:03:36,073 - INFO - mp-1195117, 8, O:6, 1.000, 0.274
2026-08-17 22:03:37,379 - INFO - mp-1194946, 36, O:6, 1.000, 0.397
2026-08-17 22:03:37,550 - INFO - mp-1195190, 16, T:4, 1.000, 0.424
2026-08-17 22:03:37,558 - INFO - mp-1195190, 20, O:6, 1.000, 0.175
2026-08-17 22:03:37,564 - INFO - mp-1195190, 24, T:4, 1.000, 0.326
2026-08-17 22:03:37,724 - INFO - mp-1195083, 0, O:6, 1.000, 0.151
2026-08-17 22:03:38,144 - INFO - mp-1195255, 8, S:5, 0.866, 3.347
2026-08-17 22:03:38,156 - INFO - mp-1195255, 12, O:6, 1.000, 0.179
2026-08-17 22:03:38,501 - INFO - mp-1195207, 16, S:5, 0.993, 1.342
2026-08-17 22:03:38,508 - INFO - mp-1195207, 20, O:6, 1.000, 0.220
2026-08-17 22:03:38,876 - INFO - mp-1195306, 28, T:4, 1.000, 0.255
2026-08-17 22:03:38,883 - INFO - mp-1195306, 36, T:4, 1.000, 0.294
2026-08-17 22:03:38,966 - INFO - mp-1195316, 4, T:5, 0.943, 2.078
2026-08-17 22:03:40,527 - INFO - mp-1195295, 4, O:6, 1.000, 0.349
2026-08-17 22:03:40,539 - INFO - mp-1195295, 8, O:6, 1.000, 0.594
2026-08-17 22:03:40,545 - INFO - mp-1195295, 12, O:6, 1.000, 0.499
2026-08-17 22:03:40,552 - INFO - mp-1195295, 16, O:6, 1.000, 0.508
2026-08-17 22:03:40,558 - INFO - mp-1195295, 20, O:6, 1.000, 0.014
2026-08-17 22:03:40,576 - INFO - mp-1195295, 22, O:6, 1.000, 0.199
2026-08-17 22:03:41,151 - ERROR - No coordination environment symbols available for mp-1195406 and index 36.
2026-08-17 22:03:41,151 - ERROR - No coordination environment symbols available for mp-1195406 and index 40.
2026-08-17 22:03:41,259 - INFO - mp-1195488, 4, O:6, 1.000, 0.290
2026-08-17 22:03:41,589 - INFO - mp-1195553, 168, O:6, 1.000, 7.436
2026-08-17 22:03:41,610 - WARNING - /opt/miniforge/envs/sandbox/lib/python3.12/site-packages/pymatgen/io/cif.py:1817: UserWarning: Issues encountered while parsing CIF: 6 fractional coordinates rounded to ideal values to avoid issues with finite precision.
  return parser.parse_structures(primitive=primitive)[0]

2026-08-17 22:03:41,827 - INFO - mp-1195527, 4, O:6, 1.000, 0.117
2026-08-17 22:03:41,841 - WARNING - /opt/miniforge/envs/sandbox/lib/python3.12/site-packages/pymatgen/io/cif.py:1817: UserWarning: Issues encountered while parsing CIF: 4 fractional coordinates rounded to ideal values to avoid issues with finite precision.
  return parser.parse_structures(primitive=primitive)[0]

2026-08-17 22:03:42,582 - INFO - mp-1195661, 12, O:6, 0.933, 2.188
2026-08-17 22:03:42,589 - INFO - mp-1195661, 20, O:6, 0.933, 2.188
2026-08-17 22:03:43,055 - INFO - mp-1195713, 12, T:4, 1.000, 0.267
2026-08-17 22:03:43,326 - INFO - mp-1195335, 8, O:6, 0.987, 4.939
2026-08-17 22:03:43,332 - INFO - mp-1195335, 12, O:6, 1.000, 4.213
2026-08-17 22:03:43,339 - INFO - mp-1195335, 16, O:6, 1.000, 3.741
2026-08-17 22:03:43,871 - INFO - mp-1195420, 0, S:5, 0.998, 0.939
2026-08-17 22:03:43,877 - INFO - mp-1195420, 2, T:4, 1.000, 1.302
2026-08-17 22:03:43,883 - INFO - mp-1195420, 4, S:5, 0.890, 1.614
2026-08-17 22:03:44,004 - ERROR - No coordination environment symbols available for mp-1195842 and index 4.
2026-08-17 22:03:44,004 - INFO - mp-1195842, 16, T:6, 1.000, 6.494
2026-08-17 22:03:44,013 - ERROR - No coordination environment symbols available for mp-1195842 and index 28.
2026-08-17 22:03:44,013 - INFO - mp-1195842, 34, T:4, 1.000, 0.063
2026-08-17 22:03:44,326 - INFO - mp-1195793, 4, S:5, 0.765, 1.310
2026-08-17 22:03:44,347 - WARNING - /opt/miniforge/envs/sandbox/lib/python3.12/site-packages/pymatgen/io/cif.py:1817: UserWarning: Issues encountered while parsing CIF: 4 fractional coordinates rounded to ideal values to avoid issues with finite precision.
  return parser.parse_structures(primitive=primitive)[0]

2026-08-17 22:03:44,612 - INFO - mp-1195747, 42, O:6, 1.000, 0.766
2026-08-17 22:03:44,633 - INFO - mp-1195747, 60, O:6, 1.000, 0.766
2026-08-17 22:03:44,652 - WARNING - /opt/miniforge/envs/sandbox/lib/python3.12/site-packages/pymatgen/io/cif.py:1817: UserWarning: Issues encountered while parsing CIF: 4 fractional coordinates rounded to ideal values to avoid issues with finite precision.
  return parser.parse_structures(primitive=primitive)[0]

2026-08-17 22:03:44,972 - INFO - mp-1195799, 6, T:4, 1.000, 0.043
2026-08-17 22:03:44,979 - INFO - mp-1195799, 8, T:4, 1.000, 0.060
2026-08-17 22:03:44,985 - INFO - mp-1195799, 10, T:4, 1.000, 0.065
2026-08-17 22:03:45,611 - INFO - mp-1195892, 4, O:6, 1.000, 0.076
2026-08-17 22:03:45,617 - INFO - mp-1195892, 8, O:6, 1.000, 2.698
2026-08-17 22:03:45,636 - WARNING - /opt/miniforge/envs/sandbox/lib/python3.12/site-packages/pymatgen/io/cif.py:1817: UserWarning: Issues encountered while parsing CIF: 4 fractional coordinates rounded to ideal values to avoid issues with finite precision.
  return parser.parse_structures(primitive=primitive)[0]

2026-08-17 22:03:46,446 - ERROR - No coordination environment symbols available for mp-1195962 and index 4.
2026-08-17 22:03:46,446 - ERROR - No coordination environment symbols available for mp-1195962 and index 16.
2026-08-17 22:03:46,446 - ERROR - No coordination environment symbols available for mp-1195962 and index 28.
2026-08-17 22:03:46,446 - INFO - mp-1195962, 34, T:4, 1.000, 0.089
2026-08-17 22:03:46,486 - INFO - mp-1195856, 0, O:6, 1.000, 0.837
2026-08-17 22:03:46,685 - ERROR - No coordination environment symbols available for mp-1196012 and index 4.
2026-08-17 22:03:46,685 - ERROR - No coordination environment symbols available for mp-1196012 and index 16.
2026-08-17 22:03:46,685 - ERROR - No coordination environment symbols available for mp-1196012 and index 28.
2026-08-17 22:03:46,685 - INFO - mp-1196012, 34, T:4, 1.000, 0.131
2026-08-17 22:03:47,263 - INFO - mp-1195843, 0, O:6, 1.000, 0.325
2026-08-17 22:03:47,627 - ERROR - No coordination environment symbols available for mp-1196052 and index 8.
2026-08-17 22:03:47,627 - INFO - mp-1196052, 20, T:6, 1.000, 6.578
2026-08-17 22:03:47,635 - ERROR - No coordination environment symbols available for mp-1196052 and index 32.
2026-08-17 22:03:48,724 - INFO - mp-1195898, 32, T:4, 1.000, 5.327
2026-08-17 22:03:48,737 - INFO - mp-1195898, 36, T:4, 1.000, 5.966
2026-08-17 22:03:49,200 - INFO - mp-1196027, 4, O:6, 1.000, 0.188
2026-08-17 22:03:49,818 - ERROR - No coordination environment symbols available for mp-1195927 and index 0.
2026-08-17 22:03:49,819 - INFO - mp-1195927, 4, S:5, 1.000, 7.997
2026-08-17 22:03:49,826 - INFO - mp-1195927, 8, S:5, 1.000, 1.245
2026-08-17 22:03:49,826 - WARNING - /Users/marius/Code/gitlab.esrf.fr/spectroscopy/xasml/src/xasml/datasets/fdmnes/io.py:29: RuntimeWarning: divide by zero encountered in divide
  a = np.pi * gamma_max * (f - 1 / f**2) / (3 * x_larg)

2026-08-17 22:03:49,832 - INFO - mp-1195927, 12, O:6, 1.000, 0.387
2026-08-17 22:03:49,839 - INFO - mp-1195927, 16, O:6, 1.000, 0.118
2026-08-17 22:03:49,848 - ERROR - No coordination environment symbols available for mp-1195927 and index 20.
2026-08-17 22:03:49,848 - ERROR - No coordination environment symbols available for mp-1195927 and index 24.
2026-08-17 22:03:49,900 - INFO - mp-1196085, 0, O:6, 1.000, 0.721
2026-08-17 22:03:49,912 - INFO - mp-1196085, 8, T:4, 0.985, 0.134
2026-08-17 22:03:49,922 - INFO - mp-1196085, 12, T:4, 0.838, 0.255
2026-08-17 22:03:50,685 - INFO - mp-1196102, 0, O:6, 1.000, 2.010
2026-08-17 22:03:52,301 - INFO - mp-1196167, 12, O:6, 1.000, 3.954
2026-08-17 22:03:52,307 - INFO - mp-1196167, 20, O:6, 1.000, 3.749
2026-08-17 22:03:53,381 - INFO - mp-1196129, 4, O:6, 1.000, 1.529
2026-08-17 22:03:53,398 - INFO - mp-1196129, 8, O:6, 1.000, 1.732
2026-08-17 22:03:53,802 - INFO - mp-1196130, 4, O:6, 1.000, 0.633
2026-08-17 22:03:53,814 - INFO - mp-1196130, 8, O:6, 1.000, 0.895
2026-08-17 22:03:54,660 - ERROR - No coordination environment symbols available for mp-1196232 and index 24.
2026-08-17 22:03:54,660 - ERROR - No coordination environment symbols available for mp-1196232 and index 40.
2026-08-17 22:03:54,660 - ERROR - No coordination environment symbols available for mp-1196232 and index 56.
2026-08-17 22:03:54,660 - ERROR - No coordination environment symbols available for mp-1196232 and index 72.
2026-08-17 22:03:54,765 - INFO - mp-1196193, 0, T:4, 1.000, 0.848
2026-08-17 22:03:54,827 - INFO - mp-1196228, 12, O:6, 1.000, 1.505
2026-08-17 22:03:54,835 - INFO - mp-1196228, 16, O:6, 1.000, 0.757
2026-08-17 22:03:55,528 - INFO - mp-1196208, 8, O:6, 1.000, 1.332
2026-08-17 22:03:56,676 - INFO - mp-1196071, 28, T:4, 0.928, 0.142
2026-08-17 22:03:56,691 - INFO - mp-1196071, 32, O:6, 1.000, 0.119
2026-08-17 22:03:56,711 - INFO - mp-1196071, 36, T:4, 0.969, 0.187
2026-08-17 22:03:56,719 - INFO - mp-1196071, 40, S:5, 0.863, 0.673
2026-08-17 22:03:56,739 - INFO - mp-1196071, 44, T:4, 0.957, 0.248
2026-08-17 22:03:56,744 - INFO - mp-1196074, 1, O:6, 1.000, 0.147
2026-08-17 22:03:56,746 - INFO - mp-1196071, 48, O:6, 0.813, 2.271
2026-08-17 22:03:56,753 - INFO - mp-1196071, 52, T:4, 1.000, 1.355
2026-08-17 22:03:57,365 - ERROR - No coordination environment symbols available for mp-1196278 and index 8.
2026-08-17 22:03:57,365 - ERROR - No coordination environment symbols available for mp-1196278 and index 24.
2026-08-17 22:03:57,365 - ERROR - No coordination environment symbols available for mp-1196278 and index 40.
2026-08-17 22:03:57,365 - ERROR - No coordination environment symbols available for mp-1196278 and index 48.
2026-08-17 22:03:57,365 - INFO - mp-1196278, 56, S:4, 1.000, 2.791
2026-08-17 22:03:57,373 - ERROR - No coordination environment symbols available for mp-1196278 and index 60.
2026-08-17 22:03:57,547 - INFO - mp-1196275, 8, O:6, 1.000, 0.193
2026-08-17 22:03:58,040 - INFO - mp-1196239, 12, T:5, 1.000, 0.268
2026-08-17 22:03:58,048 - INFO - mp-1196239, 20, T:5, 1.000, 0.399
2026-08-17 22:03:58,062 - INFO - mp-1196239, 28, T:5, 1.000, 0.358
2026-08-17 22:03:58,072 - INFO - mp-1196239, 32, T:5, 1.000, 0.399
2026-08-17 22:03:58,455 - INFO - mp-1196234, 0, T:4, 1.000, 0.538
2026-08-17 22:03:58,467 - INFO - mp-1196234, 8, T:4, 1.000, 0.538
2026-08-17 22:04:00,023 - ERROR - No coordination environment symbols available for mp-1196306 and index 8.
2026-08-17 22:04:00,023 - ERROR - No coordination environment symbols available for mp-1196306 and index 24.
2026-08-17 22:04:00,023 - INFO - mp-1196306, 40, T:4, 1.000, 6.718
2026-08-17 22:04:00,030 - ERROR - No coordination environment symbols available for mp-1196306 and index 48.
2026-08-17 22:04:00,030 - INFO - mp-1196306, 56, S:4, 1.000, 2.853
2026-08-17 22:04:00,039 - ERROR - No coordination environment symbols available for mp-1196306 and index 60.
2026-08-17 22:04:00,511 - INFO - mp-1196307, 0, O:6, 1.000, 0.175
2026-08-17 22:04:00,697 - INFO - mp-1196326, 24, T:5, 1.000, 7.879
2026-08-17 22:04:00,704 - INFO - mp-1196326, 40, T:6, 1.000, 4.958
2026-08-17 22:04:00,711 - INFO - mp-1196326, 56, T:5, 1.000, 7.879
2026-08-17 22:04:00,719 - INFO - mp-1196326, 72, T:6, 1.000, 4.958
2026-08-17 22:04:01,155 - INFO - mp-1196296, 0, O:6, 1.000, 1.398
2026-08-17 22:04:01,155 - WARNING - /Users/marius/Code/gitlab.esrf.fr/spectroscopy/xasml/src/xasml/datasets/fdmnes/io.py:29: RuntimeWarning: divide by zero encountered in divide
  a = np.pi * gamma_max * (f - 1 / f**2) / (3 * x_larg)

2026-08-17 22:04:01,161 - INFO - mp-1196296, 4, T:5, 1.000, 2.496
2026-08-17 22:04:02,329 - INFO - mp-1196313, 0, O:6, 1.000, 0.493
2026-08-17 22:04:02,482 - INFO - mp-1196332, 0, O:6, 1.000, 0.336
2026-08-17 22:04:03,271 - ERROR - No coordination environment symbols available for mp-1196352 and index 28.
2026-08-17 22:04:03,271 - ERROR - No coordination environment symbols available for mp-1196352 and index 44.
2026-08-17 22:04:03,271 - ERROR - No coordination environment symbols available for mp-1196352 and index 60.
2026-08-17 22:04:03,271 - ERROR - No coordination environment symbols available for mp-1196352 and index 76.
2026-08-17 22:04:04,052 - INFO - mp-1196303, 8, O:6, 1.000, 0.222
2026-08-17 22:04:04,059 - INFO - mp-1196303, 10, O:6, 1.000, 0.235
2026-08-17 22:04:04,076 - WARNING - /opt/miniforge/envs/sandbox/lib/python3.12/site-packages/pymatgen/io/cif.py:1817: UserWarning: Issues encountered while parsing CIF: 4 fractional coordinates rounded to ideal values to avoid issues with finite precision.
  return parser.parse_structures(primitive=primitive)[0]

2026-08-17 22:04:04,096 - INFO - mp-1196373, 8, S:5, 0.775, 2.483
2026-08-17 22:04:04,562 - INFO - mp-1196345, 0, O:6, 1.000, 0.231
2026-08-17 22:04:05,164 - INFO - mp-1196342, 0, O:6, 1.000, 0.172
2026-08-17 22:04:05,170 - INFO - mp-1196342, 4, O:6, 1.000, 0.106
2026-08-17 22:04:05,176 - INFO - mp-1196342, 6, O:6, 1.000, 0.127
2026-08-17 22:04:06,254 - INFO - mp-1196389, 12, O:6, 1.000, 5.188
2026-08-17 22:04:06,269 - ERROR - No coordination environment symbols available for mp-1196404 and index 4.
2026-08-17 22:04:06,269 - ERROR - No coordination environment symbols available for mp-1196404 and index 16.
2026-08-17 22:04:06,269 - ERROR - No coordination environment symbols available for mp-1196404 and index 28.
2026-08-17 22:04:06,269 - INFO - mp-1196404, 34, T:4, 1.000, 0.117
2026-08-17 22:04:06,463 - INFO - mp-1196266, 0, S:4, 1.000, 3.367
2026-08-17 22:04:06,501 - INFO - mp-1196464, 4, O:6, 1.000, 0.042
2026-08-17 22:04:07,120 - INFO - mp-1196377, 8, O:6, 1.000, 1.258
2026-08-17 22:04:07,133 - INFO - mp-1196377, 16, O:6, 1.000, 0.211
2026-08-17 22:04:07,447 - INFO - mp-1196434, 60, T:4, 0.996, 0.224
2026-08-17 22:04:08,228 - ERROR - No coordination environment symbols available for mp-1196534 and index 20.
2026-08-17 22:04:08,228 - ERROR - No coordination environment symbols available for mp-1196534 and index 24.
2026-08-17 22:04:09,488 - INFO - mp-1196503, 8, O:6, 1.000, 0.725
2026-08-17 22:04:09,994 - ERROR - No coordination environment symbols available for mp-1196549 and index 24.
2026-08-17 22:04:09,994 - ERROR - No coordination environment symbols available for mp-1196549 and index 40.
2026-08-17 22:04:09,994 - ERROR - No coordination environment symbols available for mp-1196549 and index 56.
2026-08-17 22:04:09,994 - ERROR - No coordination environment symbols available for mp-1196549 and index 72.
2026-08-17 22:04:10,208 - INFO - mp-1196540, 0, O:6, 1.000, 0.725
2026-08-17 22:04:10,215 - INFO - mp-1196540, 8, O:6, 0.988, 1.249
2026-08-17 22:04:10,313 - INFO - mp-1196381, 8, O:6, 1.000, 0.045
2026-08-17 22:04:10,320 - INFO - mp-1196381, 10, O:6, 1.000, 0.036
2026-08-17 22:04:11,169 - ERROR - No coordination environment symbols available for mp-1196624 and index 0.
2026-08-17 22:04:11,169 - ERROR - No coordination environment symbols available for mp-1196624 and index 24.
2026-08-17 22:04:11,252 - INFO - mp-1196537, 0, T:5, 1.000, 0.046
2026-08-17 22:04:11,252 - WARNING - /Users/marius/Code/gitlab.esrf.fr/spectroscopy/xasml/src/xasml/datasets/fdmnes/io.py:29: RuntimeWarning: divide by zero encountered in divide
  a = np.pi * gamma_max * (f - 1 / f**2) / (3 * x_larg)

2026-08-17 22:04:11,646 - INFO - mp-1196505, 54, O:6, 1.000, 0.240
2026-08-17 22:04:11,997 - ERROR - No coordination environment symbols available for mp-1196608 and index 28.
2026-08-17 22:04:11,997 - ERROR - No coordination environment symbols available for mp-1196608 and index 44.
2026-08-17 22:04:11,997 - ERROR - No coordination environment symbols available for mp-1196608 and index 60.
2026-08-17 22:04:11,997 - ERROR - No coordination environment symbols available for mp-1196608 and index 76.
2026-08-17 22:04:12,761 - ERROR - No coordination environment symbols available for mp-1196648 and index 28.
2026-08-17 22:04:12,762 - ERROR - No coordination environment symbols available for mp-1196648 and index 44.
2026-08-17 22:04:12,762 - ERROR - No coordination environment symbols available for mp-1196648 and index 60.
2026-08-17 22:04:12,762 - ERROR - No coordination environment symbols available for mp-1196648 and index 76.
2026-08-17 22:04:12,774 - WARNING - /opt/miniforge/envs/sandbox/lib/python3.12/site-packages/pymatgen/io/cif.py:1817: UserWarning: Issues encountered while parsing CIF: 4 fractional coordinates rounded to ideal values to avoid issues with finite precision.
  return parser.parse_structures(primitive=primitive)[0]

2026-08-17 22:04:12,898 - INFO - mp-1196681, 6, T:4, 1.000, 0.451
2026-08-17 22:04:12,904 - INFO - mp-1196681, 30, O:6, 1.000, 0.000
2026-08-17 22:04:13,079 - INFO - mp-1196507, 72, T:4, 1.000, 0.200
2026-08-17 22:04:13,094 - INFO - mp-1196507, 80, T:4, 1.000, 0.200
2026-08-17 22:04:13,126 - WARNING - /opt/miniforge/envs/sandbox/lib/python3.12/site-packages/pymatgen/io/cif.py:1817: UserWarning: Issues encountered while parsing CIF: 4 fractional coordinates rounded to ideal values to avoid issues with finite precision.
  return parser.parse_structures(primitive=primitive)[0]

2026-08-17 22:04:13,671 - INFO - mp-1196684, 8, O:6, 1.000, 4.673
2026-08-17 22:04:13,678 - INFO - mp-1196684, 16, T:4, 1.000, 0.997
2026-08-17 22:04:13,909 - INFO - mp-1196665, 0, O:6, 1.000, 0.950
2026-08-17 22:04:13,916 - INFO - mp-1196665, 4, O:6, 1.000, 0.950
2026-08-17 22:04:14,796 - ERROR - No coordination environment symbols available for mp-1196730 and index 10.
2026-08-17 22:04:14,796 - ERROR - No coordination environment symbols available for mp-1196730 and index 22.
2026-08-17 22:04:14,796 - INFO - mp-1196730, 34, T:4, 1.000, 0.219
2026-08-17 22:04:14,862 - INFO - mp-1196629, 8, O:6, 1.000, 0.353
2026-08-17 22:04:14,870 - INFO - mp-1196629, 10, O:6, 1.000, 0.223
2026-08-17 22:04:14,954 - INFO - mp-1196551, 8, O:6, 1.000, 0.660
2026-08-17 22:04:14,960 - INFO - mp-1196551, 10, T:5, 1.000, 0.277
2026-08-17 22:04:14,966 - INFO - mp-1196551, 12, T:5, 1.000, 0.141
2026-08-17 22:04:15,083 - INFO - mp-1196792, 0, T:4, 0.920, 0.206
2026-08-17 22:04:15,160 - ERROR - No coordination environment symbols available for mp-1196805 and index 4.
2026-08-17 22:04:15,160 - ERROR - No coordination environment symbols available for mp-1196805 and index 16.
2026-08-17 22:04:15,160 - ERROR - No coordination environment symbols available for mp-1196805 and index 28.
2026-08-17 22:04:15,160 - INFO - mp-1196805, 34, T:4, 1.000, 0.123
2026-08-17 22:04:16,519 - INFO - mp-1196849, 0, S:4, 1.000, 4.547
2026-08-17 22:04:17,315 - INFO - mp-1196845, 28, T:5, 1.000, 7.893
2026-08-17 22:04:17,323 - ERROR - No coordination environment symbols available for mp-1196845 and index 44.
2026-08-17 22:04:17,323 - INFO - mp-1196845, 60, T:5, 1.000, 7.893
2026-08-17 22:04:17,332 - ERROR - No coordination environment symbols available for mp-1196845 and index 76.
2026-08-17 22:04:17,526 - INFO - mp-1196844, 8, O:6, 1.000, 0.471
2026-08-17 22:04:17,541 - WARNING - /opt/miniforge/envs/sandbox/lib/python3.12/site-packages/pymatgen/io/cif.py:1817: UserWarning: Issues encountered while parsing CIF: 4 fractional coordinates rounded to ideal values to avoid issues with finite precision.
  return parser.parse_structures(primitive=primitive)[0]

2026-08-17 22:04:18,023 - INFO - mp-1196866, 18, O:6, 1.000, 0.266
2026-08-17 22:04:18,035 - INFO - mp-1196866, 21, O:6, 1.000, 0.043
2026-08-17 22:04:18,214 - INFO - mp-1196862, 8, O:6, 1.000, 0.180
2026-08-17 22:04:18,697 - ERROR - No coordination environment symbols available for mp-1196848 and index 36.
2026-08-17 22:04:18,697 - ERROR - No coordination environment symbols available for mp-1196848 and index 40.
2026-08-17 22:04:18,971 - INFO - mp-1196909, 4, O:6, 1.000, 0.744
2026-08-17 22:04:18,977 - INFO - mp-1196909, 8, O:6, 1.000, 0.775
2026-08-17 22:04:18,983 - INFO - mp-1196909, 10, O:6, 1.000, 0.607
2026-08-17 22:04:19,312 - INFO - mp-1196710, 2, O:6, 1.000, 0.896
2026-08-17 22:04:19,321 - INFO - mp-1196710, 6, O:6, 1.000, 0.679
2026-08-17 22:04:19,331 - INFO - mp-1196710, 10, O:6, 1.000, 0.045
2026-08-17 22:04:19,663 - ERROR - No coordination environment symbols available for mp-1196975 and index 4.
2026-08-17 22:04:19,663 - ERROR - No coordination environment symbols available for mp-1196975 and index 16.
2026-08-17 22:04:19,663 - ERROR - No coordination environment symbols available for mp-1196975 and index 28.
2026-08-17 22:04:19,663 - INFO - mp-1196975, 34, T:4, 1.000, 0.106
2026-08-17 22:04:20,079 - ERROR - No coordination environment symbols available for mp-1197005 and index 28.
2026-08-17 22:04:20,080 - ERROR - No coordination environment symbols available for mp-1197005 and index 44.
2026-08-17 22:04:20,080 - ERROR - No coordination environment symbols available for mp-1197005 and index 60.
2026-08-17 22:04:20,080 - ERROR - No coordination environment symbols available for mp-1197005 and index 76.
2026-08-17 22:04:20,692 - INFO - mp-1196996, 8, O:6, 1.000, 1.387
2026-08-17 22:04:20,723 - WARNING - /opt/miniforge/envs/sandbox/lib/python3.12/site-packages/pymatgen/io/cif.py:1817: UserWarning: Issues encountered while parsing CIF: 4 fractional coordinates rounded to ideal values to avoid issues with finite precision.
  return parser.parse_structures(primitive=primitive)[0]

2026-08-17 22:04:21,104 - INFO - mp-1196925, 0, O:6, 1.000, 0.617
2026-08-17 22:04:21,903 - ERROR - No coordination environment symbols available for mp-1197173 and index 24.
2026-08-17 22:04:21,903 - ERROR - No coordination environment symbols available for mp-1197173 and index 40.
2026-08-17 22:04:21,903 - ERROR - No coordination environment symbols available for mp-1197173 and index 56.
2026-08-17 22:04:21,903 - ERROR - No coordination environment symbols available for mp-1197173 and index 72.
2026-08-17 22:04:21,911 - WARNING - /opt/miniforge/envs/sandbox/lib/python3.12/site-packages/pymatgen/io/cif.py:1817: UserWarning: Issues encountered while parsing CIF: 4 fractional coordinates rounded to ideal values to avoid issues with finite precision.
  return parser.parse_structures(primitive=primitive)[0]

2026-08-17 22:04:22,319 - INFO - mp-1197109, 0, O:6, 1.000, 1.894
2026-08-17 22:04:22,326 - INFO - mp-1197109, 2, O:6, 1.000, 1.994
2026-08-17 22:04:22,338 - ERROR - No coordination environment symbols available for mp-1197167 and index 24.
2026-08-17 22:04:22,338 - ERROR - No coordination environment symbols available for mp-1197167 and index 40.
2026-08-17 22:04:22,338 - ERROR - No coordination environment symbols available for mp-1197167 and index 56.
2026-08-17 22:04:22,338 - ERROR - No coordination environment symbols available for mp-1197167 and index 72.
2026-08-17 22:04:22,963 - ERROR - No coordination environment symbols available for mp-1197186 and index 14.
2026-08-17 22:04:22,963 - ERROR - No coordination environment symbols available for mp-1197186 and index 26.
2026-08-17 22:04:23,231 - INFO - mp-1197024, 0, O:6, 1.000, 0.582
2026-08-17 22:04:23,353 - ERROR - No coordination environment symbols available for mp-1197249 and index 4.
2026-08-17 22:04:23,353 - INFO - mp-1197249, 10, T:4, 1.000, 0.104
2026-08-17 22:04:24,331 - INFO - mp-1197187, 4, O:6, 1.000, 1.372
2026-08-17 22:04:24,839 - ERROR - No coordination environment symbols available for mp-1197275 and index 8.
2026-08-17 22:04:24,840 - ERROR - No coordination environment symbols available for mp-1197275 and index 24.
2026-08-17 22:04:24,840 - ERROR - No coordination environment symbols available for mp-1197275 and index 40.
2026-08-17 22:04:24,840 - ERROR - No coordination environment symbols available for mp-1197275 and index 48.
2026-08-17 22:04:24,840 - ERROR - No coordination environment symbols available for mp-1197275 and index 56.
2026-08-17 22:04:24,840 - ERROR - No coordination environment symbols available for mp-1197275 and index 60.
2026-08-17 22:04:25,738 - ERROR - No coordination environment symbols available for mp-1197388 and index 8.
2026-08-17 22:04:25,738 - ERROR - No coordination environment symbols available for mp-1197388 and index 24.
2026-08-17 22:04:25,738 - INFO - mp-1197388, 40, T:4, 1.000, 6.568
2026-08-17 22:04:25,745 - ERROR - No coordination environment symbols available for mp-1197388 and index 48.
2026-08-17 22:04:25,745 - INFO - mp-1197388, 56, S:4, 1.000, 2.837
2026-08-17 22:04:25,752 - ERROR - No coordination environment symbols available for mp-1197388 and index 60.
2026-08-17 22:04:25,783 - INFO - mp-1197159, 0, O:6, 1.000, 0.652
2026-08-17 22:04:25,790 - INFO - mp-1197159, 4, O:6, 1.000, 1.022
2026-08-17 22:04:26,442 - INFO - mp-1196821, 0, O:6, 1.000, 0.244
2026-08-17 22:04:27,083 - INFO - mp-1197350, 4, O:6, 1.000, 0.080
2026-08-17 22:04:27,185 - INFO - mp-1197438, 24, T:4, 1.000, 0.668
2026-08-17 22:04:27,193 - INFO - mp-1197438, 48, T:4, 1.000, 0.668
2026-08-17 22:04:27,813 - INFO - mp-1197365, 0, O:6, 1.000, 1.958
2026-08-17 22:04:27,819 - INFO - mp-1197365, 4, O:6, 1.000, 2.165
2026-08-17 22:04:27,825 - INFO - mp-1197365, 8, O:6, 1.000, 1.574
2026-08-17 22:04:27,832 - INFO - mp-1197365, 12, O:6, 1.000, 1.791
2026-08-17 22:04:28,649 - INFO - mp-1197292, 0, O:6, 0.568, 2.938
2026-08-17 22:04:28,657 - INFO - mp-1197292, 8, O:6, 1.000, 3.378
2026-08-17 22:04:28,664 - INFO - mp-1197292, 12, T:5, 0.980, 1.135
2026-08-17 22:04:28,953 - INFO - mp-1197402, 0, T:5, 0.984, 1.999
2026-08-17 22:04:28,959 - INFO - mp-1197402, 4, O:6, 0.979, 3.650
2026-08-17 22:04:29,854 - INFO - mp-1197460, 16, T:4, 1.000, 0.246
2026-08-17 22:04:30,327 - INFO - mp-1197443, 0, O:6, 1.000, 0.843
2026-08-17 22:04:30,349 - INFO - mp-1197505, 4, O:6, 1.000, 0.053
2026-08-17 22:04:30,356 - INFO - mp-1197505, 8, O:6, 1.000, 1.145
2026-08-17 22:04:30,890 - INFO - mp-1197576, 0, O:6, 1.000, 0.064
2026-08-17 22:04:30,913 - WARNING - /opt/miniforge/envs/sandbox/lib/python3.12/site-packages/pymatgen/io/cif.py:1817: UserWarning: Issues encountered while parsing CIF: 4 fractional coordinates rounded to ideal values to avoid issues with finite precision.
  return parser.parse_structures(primitive=primitive)[0]

2026-08-17 22:04:31,016 - INFO - mp-1197408, 0, O:6, 1.000, 1.243
2026-08-17 22:04:31,030 - WARNING - /opt/miniforge/envs/sandbox/lib/python3.12/site-packages/pymatgen/io/cif.py:1817: UserWarning: Issues encountered while parsing CIF: 4 fractional coordinates rounded to ideal values to avoid issues with finite precision.
  return parser.parse_structures(primitive=primitive)[0]

2026-08-17 22:04:31,139 - ERROR - No coordination environment symbols available for mp-1197545 and index 24.
2026-08-17 22:04:31,139 - ERROR - No coordination environment symbols available for mp-1197545 and index 40.
2026-08-17 22:04:31,139 - ERROR - No coordination environment symbols available for mp-1197545 and index 56.
2026-08-17 22:04:31,139 - ERROR - No coordination environment symbols available for mp-1197545 and index 72.
2026-08-17 22:04:32,645 - ERROR - No coordination environment symbols available for mp-1197720 and index 10.
2026-08-17 22:04:32,645 - ERROR - No coordination environment symbols available for mp-1197720 and index 22.
2026-08-17 22:04:32,645 - INFO - mp-1197720, 34, T:4, 1.000, 0.181
2026-08-17 22:04:32,657 - WARNING - /opt/miniforge/envs/sandbox/lib/python3.12/site-packages/pymatgen/io/cif.py:1817: UserWarning: Issues encountered while parsing CIF: 2 fractional coordinates rounded to ideal values to avoid issues with finite precision.
  return parser.parse_structures(primitive=primitive)[0]

2026-08-17 22:04:32,883 - ERROR - No coordination environment symbols available for mp-1197659 and index 8.
2026-08-17 22:04:32,883 - INFO - mp-1197659, 20, T:6, 1.000, 6.313
2026-08-17 22:04:32,897 - ERROR - No coordination environment symbols available for mp-1197659 and index 32.
2026-08-17 22:04:33,386 - INFO - mp-1197725, 8, O:6, 1.000, 4.917
2026-08-17 22:04:33,392 - INFO - mp-1197725, 16, T:4, 1.000, 0.884
2026-08-17 22:04:33,709 - INFO - mp-1197490, 4, O:6, 1.000, 5.283
2026-08-17 22:04:33,717 - INFO - mp-1197490, 8, O:6, 0.539, 3.456
2026-08-17 22:04:33,723 - INFO - mp-1197490, 12, O:6, 0.583, 3.814
2026-08-17 22:04:33,806 - INFO - mp-1197479, 0, O:6, 0.982, 3.328
2026-08-17 22:04:33,814 - INFO - mp-1197479, 8, O:6, 0.972, 3.462
2026-08-17 22:04:33,822 - INFO - mp-1197479, 16, O:6, 0.996, 3.738
2026-08-17 22:04:33,835 - ERROR - No coordination environment symbols available for mp-1197596 and index 66.
2026-08-17 22:04:33,835 - ERROR - No coordination environment symbols available for mp-1197596 and index 90.
2026-08-17 22:04:33,836 - INFO - mp-1197479, 24, O:6, 1.000, 0.264
2026-08-17 22:04:34,314 - INFO - mp-1197728, 0, O:6, 1.000, 0.725
2026-08-17 22:04:35,334 - ERROR - No coordination environment symbols available for mp-1197734 and index 24.
2026-08-17 22:04:35,335 - ERROR - No coordination environment symbols available for mp-1197734 and index 40.
2026-08-17 22:04:35,335 - ERROR - No coordination environment symbols available for mp-1197734 and index 56.
2026-08-17 22:04:35,335 - ERROR - No coordination environment symbols available for mp-1197734 and index 72.
2026-08-17 22:04:36,109 - ERROR - No coordination environment symbols available for mp-1197841 and index 24.
2026-08-17 22:04:36,109 - ERROR - No coordination environment symbols available for mp-1197841 and index 40.
2026-08-17 22:04:36,109 - ERROR - No coordination environment symbols available for mp-1197841 and index 56.
2026-08-17 22:04:36,109 - ERROR - No coordination environment symbols available for mp-1197841 and index 72.
2026-08-17 22:04:36,740 - INFO - mp-1197635, 4, O:6, 1.000, 0.531
2026-08-17 22:04:36,749 - INFO - mp-1197635, 8, O:6, 1.000, 0.620
2026-08-17 22:04:37,111 - INFO - mp-1197774, 4, O:6, 1.000, 0.337
2026-08-17 22:04:38,101 - INFO - mp-1197936, 168, O:6, 1.000, 7.624
2026-08-17 22:04:38,124 - ERROR - No coordination environment symbols available for mp-1197758 and index 6.
2026-08-17 22:04:38,125 - ERROR - No coordination environment symbols available for mp-1197758 and index 22.
2026-08-17 22:04:38,125 - ERROR - No coordination environment symbols available for mp-1197758 and index 30.
2026-08-17 22:04:38,125 - ERROR - No coordination environment symbols available for mp-1197758 and index 38.
2026-08-17 22:04:39,188 - ERROR - No coordination environment symbols available for mp-1198021 and index 24.
2026-08-17 22:04:39,188 - ERROR - No coordination environment symbols available for mp-1198021 and index 40.
2026-08-17 22:04:39,188 - ERROR - No coordination environment symbols available for mp-1198021 and index 56.
2026-08-17 22:04:39,188 - ERROR - No coordination environment symbols available for mp-1198021 and index 72.
2026-08-17 22:04:39,201 - WARNING - /opt/miniforge/envs/sandbox/lib/python3.12/site-packages/pymatgen/io/cif.py:1817: UserWarning: Issues encountered while parsing CIF: 4 fractional coordinates rounded to ideal values to avoid issues with finite precision.
  return parser.parse_structures(primitive=primitive)[0]

2026-08-17 22:04:39,674 - INFO - mp-1197871, 8, O:6, 0.961, 3.611
2026-08-17 22:04:40,517 - ERROR - No coordination environment symbols available for mp-1198085 and index 8.
2026-08-17 22:04:40,517 - ERROR - No coordination environment symbols available for mp-1198085 and index 24.
2026-08-17 22:04:40,517 - ERROR - No coordination environment symbols available for mp-1198085 and index 40.
2026-08-17 22:04:40,517 - ERROR - No coordination environment symbols available for mp-1198085 and index 48.
2026-08-17 22:04:40,517 - INFO - mp-1198085, 56, S:4, 1.000, 2.769
2026-08-17 22:04:40,525 - ERROR - No coordination environment symbols available for mp-1198085 and index 60.
2026-08-17 22:04:40,618 - INFO - mp-1198058, 16, T:4, 1.000, 0.923
2026-08-17 22:04:40,625 - INFO - mp-1198058, 20, T:4, 0.932, 1.539
2026-08-17 22:04:41,189 - INFO - mp-1197792, 8, O:6, 1.000, 3.066
2026-08-17 22:04:41,198 - INFO - mp-1197792, 16, O:6, 1.000, 0.682
2026-08-17 22:04:41,217 - INFO - mp-1197792, 24, O:6, 1.000, 2.340
2026-08-17 22:04:41,353 - ERROR - No coordination environment symbols available for mp-1198100 and index 8.
2026-08-17 22:04:41,353 - INFO - mp-1198100, 20, T:6, 1.000, 6.429
2026-08-17 22:04:41,364 - ERROR - No coordination environment symbols available for mp-1198100 and index 32.
2026-08-17 22:04:41,675 - INFO - mp-1198093, 16, O:6, 1.000, 2.193
2026-08-17 22:04:44,037 - INFO - mp-1197601, 5, O:6, 1.000, 0.308
2026-08-17 22:04:44,045 - INFO - mp-1197601, 7, O:6, 1.000, 0.990
2026-08-17 22:04:44,046 - WARNING - /Users/marius/Code/gitlab.esrf.fr/spectroscopy/xasml/src/xasml/datasets/fdmnes/io.py:29: RuntimeWarning: divide by zero encountered in divide
  a = np.pi * gamma_max * (f - 1 / f**2) / (3 * x_larg)

2026-08-17 22:04:44,057 - INFO - mp-1197601, 9, O:6, 1.000, 1.232
2026-08-17 22:04:44,070 - INFO - mp-1197601, 11, O:6, 1.000, 0.206
2026-08-17 22:04:44,329 - ERROR - No coordination environment symbols available for mp-1198179 and index 8.
2026-08-17 22:04:44,329 - INFO - mp-1198179, 24, S:4, 1.000, 2.427
2026-08-17 22:04:44,337 - ERROR - No coordination environment symbols available for mp-1198179 and index 28.
2026-08-17 22:04:44,486 - INFO - mp-1198168, 0, O:6, 1.000, 1.718
2026-08-17 22:04:44,493 - INFO - mp-1198168, 4, O:6, 1.000, 2.412
2026-08-17 22:04:44,499 - INFO - mp-1198168, 8, O:6, 0.999, 4.808
2026-08-17 22:04:44,680 - INFO - mp-1198160, 12, O:6, 1.000, 0.096
2026-08-17 22:04:45,057 - ERROR - No coordination environment symbols available for mp-1198327 and index 8.
2026-08-17 22:04:45,057 - ERROR - No coordination environment symbols available for mp-1198327 and index 24.
2026-08-17 22:04:45,057 - INFO - mp-1198327, 40, T:4, 1.000, 6.660
2026-08-17 22:04:45,065 - ERROR - No coordination environment symbols available for mp-1198327 and index 48.
2026-08-17 22:04:45,065 - INFO - mp-1198327, 56, S:4, 1.000, 2.858
2026-08-17 22:04:45,072 - ERROR - No coordination environment symbols available for mp-1198327 and index 60.
2026-08-17 22:04:45,695 - INFO - mp-1197776, 0, O:6, 1.000, 0.539
2026-08-17 22:04:46,836 - INFO - mp-1198335, 24, T:5, 1.000, 7.726
2026-08-17 22:04:46,850 - ERROR - No coordination environment symbols available for mp-1198335 and index 40.
2026-08-17 22:04:46,850 - INFO - mp-1198335, 56, T:5, 1.000, 7.726
2026-08-17 22:04:46,864 - ERROR - No coordination environment symbols available for mp-1198335 and index 72.
2026-08-17 22:04:47,573 - INFO - mp-1198345, 0, O:6, 1.000, 2.219
2026-08-17 22:04:47,580 - INFO - mp-1198345, 8, O:6, 1.000, 2.009
2026-08-17 22:04:47,587 - INFO - mp-1198345, 16, O:6, 1.000, 1.484
2026-08-17 22:04:48,659 - INFO - mp-1198118, 0, O:6, 1.000, 0.495
2026-08-17 22:04:48,729 - INFO - mp-1198352, 12, O:6, 1.000, 0.558
2026-08-17 22:04:48,882 - INFO - mp-1198376, 20, O:6, 1.000, 0.050
2026-08-17 22:04:49,357 - INFO - mp-1198334, 4, O:6, 1.000, 0.070
2026-08-17 22:04:50,545 - ERROR - No coordination environment symbols available for mp-1198402 and index 8.
2026-08-17 22:04:50,546 - ERROR - No coordination environment symbols available for mp-1198402 and index 24.
2026-08-17 22:04:50,546 - INFO - mp-1198402, 40, T:4, 1.000, 6.714
2026-08-17 22:04:50,553 - ERROR - No coordination environment symbols available for mp-1198402 and index 48.
2026-08-17 22:04:50,553 - INFO - mp-1198402, 56, S:4, 1.000, 2.933
2026-08-17 22:04:50,559 - ERROR - No coordination environment symbols available for mp-1198402 and index 60.
2026-08-17 22:04:50,718 - INFO - mp-1198412, 4, O:6, 1.000, 0.010
2026-08-17 22:04:50,742 - INFO - mp-1198430, 24, T:5, 1.000, 7.879
2026-08-17 22:04:50,750 - ERROR - No coordination environment symbols available for mp-1198430 and index 40.
2026-08-17 22:04:50,750 - INFO - mp-1198430, 56, T:5, 1.000, 7.879
2026-08-17 22:04:50,759 - ERROR - No coordination environment symbols available for mp-1198430 and index 72.
2026-08-17 22:04:50,869 - ERROR - mp-1198378, maximum energy too large
2026-08-17 22:04:50,869 - ERROR - mp-1198378, maximum energy too large
2026-08-17 22:04:52,678 - INFO - mp-1198585, 24, T:5, 1.000, 7.747
2026-08-17 22:04:52,679 - WARNING - /Users/marius/Code/gitlab.esrf.fr/spectroscopy/xasml/src/xasml/datasets/fdmnes/io.py:29: RuntimeWarning: divide by zero encountered in divide
  a = np.pi * gamma_max * (f - 1 / f**2) / (3 * x_larg)

2026-08-17 22:04:52,685 - INFO - mp-1198585, 40, T:6, 1.000, 4.954
2026-08-17 22:04:52,692 - INFO - mp-1198585, 56, T:5, 1.000, 7.747
2026-08-17 22:04:52,699 - INFO - mp-1198585, 72, T:6, 1.000, 4.954
2026-08-17 22:04:52,961 - INFO - mp-1198504, 0, O:6, 1.000, 0.021
2026-08-17 22:04:52,967 - INFO - mp-1198504, 4, O:6, 1.000, 1.036
2026-08-17 22:04:53,375 - INFO - mp-1198475, 36, T:5, 1.000, 7.873
2026-08-17 22:04:53,382 - ERROR - No coordination environment symbols available for mp-1198475 and index 40.
2026-08-17 22:04:53,844 - ERROR - No coordination environment symbols available for mp-1198423 and index 6.
2026-08-17 22:04:53,844 - ERROR - No coordination environment symbols available for mp-1198423 and index 14.
2026-08-17 22:04:53,844 - ERROR - No coordination environment symbols available for mp-1198423 and index 22.
2026-08-17 22:04:53,844 - ERROR - No coordination environment symbols available for mp-1198423 and index 30.
2026-08-17 22:04:53,844 - ERROR - No coordination environment symbols available for mp-1198423 and index 38.
2026-08-17 22:04:53,844 - ERROR - No coordination environment symbols available for mp-1198423 and index 42.
2026-08-17 22:04:53,844 - ERROR - No coordination environment symbols available for mp-1198423 and index 46.
2026-08-17 22:04:53,844 - ERROR - No coordination environment symbols available for mp-1198423 and index 50.
2026-08-17 22:04:53,844 - ERROR - No coordination environment symbols available for mp-1198423 and index 54.
2026-08-17 22:04:53,844 - ERROR - No coordination environment symbols available for mp-1198423 and index 58.
2026-08-17 22:04:53,844 - ERROR - No coordination environment symbols available for mp-1198423 and index 62.
2026-08-17 22:04:53,869 - ERROR - No coordination environment symbols available for mp-1198610 and index 16.
2026-08-17 22:04:56,418 - INFO - mp-1198676, 16, T:4, 1.000, 0.055
2026-08-17 22:04:56,488 - ERROR - No coordination environment symbols available for mp-1198821 and index 24.
2026-08-17 22:04:56,488 - ERROR - No coordination environment symbols available for mp-1198821 and index 40.
2026-08-17 22:04:56,488 - ERROR - No coordination environment symbols available for mp-1198821 and index 56.
2026-08-17 22:04:56,489 - ERROR - No coordination environment symbols available for mp-1198821 and index 72.
2026-08-17 22:04:57,486 - INFO - mp-1198559, 0, O:6, 1.000, 0.106
2026-08-17 22:04:57,493 - INFO - mp-1198559, 2, O:6, 1.000, 0.119
2026-08-17 22:04:58,381 - INFO - mp-1198664, 16, T:5, 0.993, 0.663
2026-08-17 22:04:59,226 - INFO - mp-1198805, 0, O:6, 1.000, 0.016
2026-08-17 22:04:59,252 - WARNING - /opt/miniforge/envs/sandbox/lib/python3.12/site-packages/pymatgen/io/cif.py:1817: UserWarning: Issues encountered while parsing CIF: 2 fractional coordinates rounded to ideal values to avoid issues with finite precision.
  return parser.parse_structures(primitive=primitive)[0]

2026-08-17 22:04:59,987 - INFO - mp-1198947, 0, O:6, 1.000, 1.346
2026-08-17 22:05:00,167 - INFO - mp-1198303, 1, O:6, 1.000, 0.198
2026-08-17 22:05:00,177 - INFO - mp-1198303, 2, O:6, 1.000, 0.226
2026-08-17 22:05:00,183 - INFO - mp-1198303, 3, O:6, 1.000, 0.262
2026-08-17 22:05:00,197 - INFO - mp-1198303, 4, O:6, 1.000, 0.326
2026-08-17 22:05:00,209 - INFO - mp-1198303, 5, T:4, 1.000, 0.059
2026-08-17 22:05:00,216 - INFO - mp-1198303, 6, T:4, 1.000, 0.038
2026-08-17 22:05:00,223 - INFO - mp-1198303, 7, T:4, 1.000, 0.018
2026-08-17 22:05:00,230 - INFO - mp-1198303, 8, T:4, 0.979, 0.030
2026-08-17 22:05:00,236 - INFO - mp-1198303, 9, O:6, 1.000, 0.202
2026-08-17 22:05:00,243 - INFO - mp-1198303, 10, O:6, 1.000, 0.230
2026-08-17 22:05:00,255 - INFO - mp-1198303, 11, O:6, 1.000, 0.109
2026-08-17 22:05:00,261 - INFO - mp-1198303, 12, O:6, 1.000, 0.385
2026-08-17 22:05:00,267 - INFO - mp-1198303, 13, T:4, 0.970, 0.019
2026-08-17 22:05:00,274 - INFO - mp-1198303, 14, T:4, 1.000, 0.020
2026-08-17 22:05:00,290 - INFO - mp-1198303, 15, O:6, 1.000, 0.247
2026-08-17 22:05:00,302 - INFO - mp-1198303, 16, T:4, 1.000, 0.038
2026-08-17 22:05:00,894 - INFO - mp-1198915, 0, O:6, 1.000, 1.803
2026-08-17 22:05:00,900 - INFO - mp-1198915, 2, O:6, 1.000, 0.168
2026-08-17 22:05:01,590 - INFO - mp-1198461, 80, O:6, 1.000, 0.779
2026-08-17 22:05:01,601 - INFO - mp-1198461, 88, O:6, 1.000, 0.394
2026-08-17 22:05:01,610 - INFO - mp-1198461, 92, O:6, 1.000, 0.327
2026-08-17 22:05:01,725 - INFO - mp-1198856, 4, O:6, 1.000, 0.073
2026-08-17 22:05:01,725 - WARNING - /Users/marius/Code/gitlab.esrf.fr/spectroscopy/xasml/src/xasml/datasets/fdmnes/io.py:29: RuntimeWarning: divide by zero encountered in divide
  a = np.pi * gamma_max * (f - 1 / f**2) / (3 * x_larg)

2026-08-17 22:05:02,114 - INFO - mp-1198666, 8, O:6, 1.000, 0.662
2026-08-17 22:05:02,124 - INFO - mp-1198666, 10, T:5, 1.000, 0.327
2026-08-17 22:05:02,131 - INFO - mp-1198666, 12, T:5, 1.000, 0.126
2026-08-17 22:05:02,694 - INFO - mp-1198984, 0, O:6, 1.000, 1.796
2026-08-17 22:05:02,705 - INFO - mp-1198984, 2, S:5, 0.742, 1.151
2026-08-17 22:05:02,705 - WARNING - /Users/marius/Code/gitlab.esrf.fr/spectroscopy/xasml/src/xasml/datasets/fdmnes/io.py:29: RuntimeWarning: divide by zero encountered in divide
  a = np.pi * gamma_max * (f - 1 / f**2) / (3 * x_larg)

2026-08-17 22:05:02,712 - INFO - mp-1198984, 4, O:6, 1.000, 1.022
2026-08-17 22:05:03,117 - INFO - mp-1199047, 0, O:6, 1.000, 0.408
2026-08-17 22:05:03,122 - INFO - mp-1199046, 4, O:6, 1.000, 0.058
2026-08-17 22:05:03,270 - INFO - mp-1199045, 3, O:6, 1.000, 1.365
2026-08-17 22:05:03,283 - INFO - mp-1199045, 9, O:6, 1.000, 1.017
2026-08-17 22:05:03,283 - WARNING - /Users/marius/Code/gitlab.esrf.fr/spectroscopy/xasml/src/xasml/datasets/fdmnes/io.py:29: RuntimeWarning: divide by zero encountered in divide
  a = np.pi * gamma_max * (f - 1 / f**2) / (3 * x_larg)

2026-08-17 22:05:03,678 - INFO - mp-1199097, 12, O:6, 1.000, 4.495
2026-08-17 22:05:03,690 - INFO - mp-1199097, 20, O:6, 1.000, 4.123
2026-08-17 22:05:05,187 - INFO - mp-1199147, 36, T:4, 1.000, 3.770
2026-08-17 22:05:05,194 - INFO - mp-1199147, 40, T:4, 1.000, 0.003
2026-08-17 22:05:05,560 - INFO - mp-1199200, 0, O:6, 1.000, 0.539
2026-08-17 22:05:05,566 - INFO - mp-1199200, 4, O:6, 1.000, 1.113
2026-08-17 22:05:05,850 - INFO - mp-1199228, 0, O:6, 1.000, 0.455
2026-08-17 22:05:05,856 - INFO - mp-1199228, 4, O:6, 1.000, 1.811
2026-08-17 22:05:06,053 - INFO - mp-1199146, 8, S:5, 1.000, 0.013
2026-08-17 22:05:06,062 - INFO - mp-1199146, 10, O:6, 1.000, 0.018
2026-08-17 22:05:06,075 - INFO - mp-1199146, 12, O:6, 1.000, 0.018
2026-08-17 22:05:06,345 - INFO - mp-1199267, 8, O:6, 1.000, 2.636
2026-08-17 22:05:08,194 - ERROR - No coordination environment symbols available for mp-1199281 and index 8.
2026-08-17 22:05:08,195 - INFO - mp-1199281, 24, S:4, 1.000, 2.176
2026-08-17 22:05:08,213 - ERROR - No coordination environment symbols available for mp-1199281 and index 28.
2026-08-17 22:05:08,820 - INFO - mp-1199430, 12, O:6, 1.000, 3.625
2026-08-17 22:05:08,831 - ERROR - No coordination environment symbols available for mp-1199430 and index 20.
2026-08-17 22:05:09,324 - INFO - mp-1199393, 36, T:5, 1.000, 7.771
2026-08-17 22:05:09,332 - ERROR - No coordination environment symbols available for mp-1199393 and index 40.
2026-08-17 22:05:09,457 - INFO - mp-1199115, 0, O:6, 1.000, 0.146
2026-08-17 22:05:09,469 - INFO - mp-1199115, 4, O:6, 1.000, 0.343
2026-08-17 22:05:09,486 - WARNING - /opt/miniforge/envs/sandbox/lib/python3.12/site-packages/pymatgen/io/cif.py:1817: UserWarning: Issues encountered while parsing CIF: 4 fractional coordinates rounded to ideal values to avoid issues with finite precision.
  return parser.parse_structures(primitive=primitive)[0]

2026-08-17 22:05:09,711 - INFO - mp-1199199, 12, O:6, 1.000, 0.173
2026-08-17 22:05:09,718 - INFO - mp-1199199, 14, O:6, 1.000, 0.651
2026-08-17 22:05:11,295 - INFO - mp-1199365, 0, O:6, 1.000, 1.048
2026-08-17 22:05:11,429 - ERROR - No coordination environment symbols available for mp-1199551 and index 10.
2026-08-17 22:05:11,429 - ERROR - No coordination environment symbols available for mp-1199551 and index 22.
2026-08-17 22:05:11,429 - INFO - mp-1199551, 34, T:4, 1.000, 0.207
2026-08-17 22:05:11,913 - INFO - mp-1199438, 4, O:6, 1.000, 0.159
2026-08-17 22:05:12,272 - INFO - mp-1199538, 8, O:6, 1.000, 1.356
2026-08-17 22:05:12,496 - INFO - mp-1199521, 24, O:6, 1.000, 4.898
2026-08-17 22:05:12,504 - INFO - mp-1199521, 32, O:6, 1.000, 3.925
2026-08-17 22:05:12,511 - INFO - mp-1199521, 40, O:6, 1.000, 3.923
2026-08-17 22:05:12,720 - INFO - mp-1199561, 0, O:6, 1.000, 3.351
2026-08-17 22:05:12,736 - INFO - mp-1199561, 4, O:6, 1.000, 0.455
2026-08-17 22:05:12,966 - INFO - mp-1199432, 2, O:6, 1.000, 0.089
2026-08-17 22:05:13,748 - INFO - mp-1199591, 24, T:5, 1.000, 7.927
2026-08-17 22:05:13,755 - ERROR - No coordination environment symbols available for mp-1199591 and index 40.
2026-08-17 22:05:13,755 - INFO - mp-1199591, 56, T:5, 1.000, 7.927
2026-08-17 22:05:13,771 - ERROR - No coordination environment symbols available for mp-1199591 and index 72.
2026-08-17 22:05:13,787 - WARNING - /opt/miniforge/envs/sandbox/lib/python3.12/site-packages/pymatgen/io/cif.py:1817: UserWarning: Issues encountered while parsing CIF: 1 fractional coordinates rounded to ideal values to avoid issues with finite precision.
  return parser.parse_structures(primitive=primitive)[0]

2026-08-17 22:05:15,067 - ERROR - No coordination environment symbols available for mp-1199650 and index 8.
2026-08-17 22:05:15,068 - ERROR - No coordination environment symbols available for mp-1199650 and index 24.
2026-08-17 22:05:15,068 - ERROR - No coordination environment symbols available for mp-1199650 and index 40.
2026-08-17 22:05:15,068 - ERROR - No coordination environment symbols available for mp-1199650 and index 48.
2026-08-17 22:05:15,068 - INFO - mp-1199650, 56, S:4, 1.000, 2.718
2026-08-17 22:05:15,075 - ERROR - No coordination environment symbols available for mp-1199650 and index 60.
2026-08-17 22:05:15,964 - INFO - mp-1199661, 24, O:6, 0.832, 3.807
2026-08-17 22:05:17,392 - INFO - mp-1199883, 8, O:6, 1.000, 2.861
2026-08-17 22:05:18,031 - INFO - mp-1199675, 0, O:6, 1.000, 0.552
2026-08-17 22:05:19,069 - INFO - mp-1199904, 0, O:6, 1.000, 0.746
2026-08-17 22:05:19,081 - INFO - mp-1199904, 4, O:6, 1.000, 1.099
2026-08-17 22:05:19,830 - INFO - mp-1199719, 24, O:6, 1.000, 0.483
2026-08-17 22:05:19,839 - INFO - mp-1199719, 32, O:6, 1.000, 0.465
2026-08-17 22:05:19,873 - INFO - mp-1199236, 3, T:4, 1.000, 0.062
2026-08-17 22:05:19,880 - INFO - mp-1199236, 4, O:6, 1.000, 0.395
2026-08-17 22:05:19,886 - INFO - mp-1199236, 5, O:6, 1.000, 0.295
2026-08-17 22:05:19,896 - INFO - mp-1199236, 6, T:4, 1.000, 0.106
2026-08-17 22:05:19,904 - INFO - mp-1199236, 7, O:6, 1.000, 0.311
2026-08-17 22:05:19,920 - INFO - mp-1199236, 8, O:6, 1.000, 0.212
2026-08-17 22:05:19,926 - INFO - mp-1199236, 9, T:4, 0.982, 0.030
2026-08-17 22:05:19,932 - INFO - mp-1199236, 10, O:6, 1.000, 0.415
2026-08-17 22:05:19,938 - INFO - mp-1199236, 11, O:6, 1.000, 0.495
2026-08-17 22:05:19,945 - INFO - mp-1199236, 12, O:6, 1.000, 0.173
2026-08-17 22:05:19,951 - INFO - mp-1199236, 13, T:4, 1.000, 0.099
2026-08-17 22:05:19,966 - INFO - mp-1199236, 14, T:4, 1.000, 0.185
2026-08-17 22:05:19,973 - INFO - mp-1199236, 15, O:6, 1.000, 0.250
2026-08-17 22:05:19,979 - INFO - mp-1199236, 16, O:6, 1.000, 0.334
2026-08-17 22:05:19,985 - INFO - mp-1199236, 17, O:6, 1.000, 0.394
2026-08-17 22:05:19,992 - INFO - mp-1199236, 18, O:6, 1.000, 0.475
2026-08-17 22:05:20,325 - INFO - mp-1199680, 48, O:6, 1.000, 0.576
2026-08-17 22:05:20,335 - INFO - mp-1199680, 56, O:6, 1.000, 0.576
2026-08-17 22:05:20,356 - INFO - mp-1199946, 8, T:4, 0.996, 0.106
2026-08-17 22:05:20,368 - WARNING - /opt/miniforge/envs/sandbox/lib/python3.12/site-packages/pymatgen/io/cif.py:1817: UserWarning: Issues encountered while parsing CIF: 1 fractional coordinates rounded to ideal values to avoid issues with finite precision.
  return parser.parse_structures(primitive=primitive)[0]

2026-08-17 22:05:21,328 - ERROR - No coordination environment symbols available for mp-1199758 and index 0.
2026-08-17 22:05:21,446 - INFO - mp-1199952, 28, T:5, 1.000, 7.964
2026-08-17 22:05:21,454 - ERROR - No coordination environment symbols available for mp-1199952 and index 44.
2026-08-17 22:05:21,454 - INFO - mp-1199952, 60, T:5, 1.000, 7.964
2026-08-17 22:05:21,468 - ERROR - No coordination environment symbols available for mp-1199952 and index 76.
2026-08-17 22:05:23,256 - INFO - mp-1199640, 0, O:6, 1.000, 0.201
2026-08-17 22:05:23,263 - INFO - mp-1199640, 2, O:6, 1.000, 0.420
2026-08-17 22:05:23,300 - INFO - mp-1199909, 0, O:6, 0.927, 4.192
2026-08-17 22:05:23,306 - INFO - mp-1199909, 2, S:5, 0.548, 4.677
2026-08-17 22:05:23,314 - INFO - mp-1199909, 4, O:6, 0.995, 4.215
2026-08-17 22:05:23,893 - INFO - mp-1199970, 4, O:6, 1.000, 0.340
2026-08-17 22:05:24,194 - INFO - mp-1200024, 0, O:6, 1.000, 1.327
2026-08-17 22:05:24,203 - INFO - mp-1200007, 8, O:6, 1.000, 0.409
2026-08-17 22:05:24,204 - INFO - mp-1200024, 3, O:6, 0.975, 3.338
2026-08-17 22:05:24,216 - INFO - mp-1200007, 12, O:6, 1.000, 0.689
2026-08-17 22:05:25,166 - INFO - mp-1200037, 24, O:6, 0.965, 3.148
2026-08-17 22:05:26,231 - INFO - mp-1200053, 4, T:4, 1.000, 0.032
2026-08-17 22:05:26,237 - INFO - mp-1200053, 8, S:5, 0.996, 1.236
2026-08-17 22:05:26,246 - INFO - mp-1200053, 12, T:4, 0.761, 0.465
2026-08-17 22:05:26,253 - INFO - mp-1200053, 16, T:4, 1.000, 0.294
2026-08-17 22:05:26,259 - INFO - mp-1200053, 20, T:4, 1.000, 0.153
2026-08-17 22:05:26,922 - INFO - mp-1199975, 12, O:6, 1.000, 0.147
2026-08-17 22:05:26,929 - INFO - mp-1199975, 14, O:6, 1.000, 0.495
2026-08-17 22:05:26,952 - WARNING - /opt/miniforge/envs/sandbox/lib/python3.12/site-packages/pymatgen/io/cif.py:1817: UserWarning: Issues encountered while parsing CIF: 4 fractional coordinates rounded to ideal values to avoid issues with finite precision.
  return parser.parse_structures(primitive=primitive)[0]

2026-08-17 22:05:26,987 - INFO - mp-1200063, 8, T:5, 0.999, 0.334
2026-08-17 22:05:27,242 - INFO - mp-1200031, 4, O:6, 1.000, 0.228
2026-08-17 22:05:27,250 - INFO - mp-1200031, 6, O:6, 1.000, 1.730
2026-08-17 22:05:27,791 - INFO - mp-1200149, 4, O:6, 1.000, 1.774
2026-08-17 22:05:28,181 - INFO - mp-1200109, 4, O:6, 1.000, 1.382
2026-08-17 22:05:28,189 - INFO - mp-1200109, 8, O:6, 1.000, 0.404
2026-08-17 22:05:28,885 - INFO - mp-1200054, 16, O:6, 1.000, 0.616
2026-08-17 22:05:28,892 - INFO - mp-1200054, 20, O:6, 1.000, 0.719
2026-08-17 22:05:28,966 - INFO - mp-1200246, 8, O:6, 1.000, 5.017
2026-08-17 22:05:28,980 - INFO - mp-1200246, 16, T:4, 1.000, 0.792
2026-08-17 22:05:29,298 - ERROR - No coordination environment symbols available for mp-1200240 and index 4.
2026-08-17 22:05:29,298 - INFO - mp-1200240, 16, S:5, 1.000, 6.461
2026-08-17 22:05:29,305 - ERROR - No coordination environment symbols available for mp-1200240 and index 28.
2026-08-17 22:05:29,305 - ERROR - No coordination environment symbols available for mp-1200240 and index 34.
2026-08-17 22:05:30,652 - INFO - mp-1200218, 4, O:6, 1.000, 1.019
2026-08-17 22:05:30,659 - INFO - mp-1200218, 8, O:6, 1.000, 0.518
2026-08-17 22:05:30,675 - WARNING - /opt/miniforge/envs/sandbox/lib/python3.12/site-packages/pymatgen/io/cif.py:1817: UserWarning: Issues encountered while parsing CIF: 4 fractional coordinates rounded to ideal values to avoid issues with finite precision.
  return parser.parse_structures(primitive=primitive)[0]

2026-08-17 22:05:31,190 - INFO - mp-1200394, 0, O:6, 1.000, 0.021
2026-08-17 22:05:31,197 - INFO - mp-1200394, 3, O:6, 1.000, 0.030
2026-08-17 22:05:31,388 - INFO - mp-1200263, 16, T:4, 1.000, 0.070
2026-08-17 22:05:32,270 - ERROR - No coordination environment symbols available for mp-1200402 and index 22.
2026-08-17 22:05:32,539 - INFO - mp-1200387, 8, O:6, 1.000, 1.389
2026-08-17 22:05:32,578 - INFO - mp-1200375, 0, O:6, 1.000, 0.190
2026-08-17 22:05:32,623 - ERROR - No coordination environment symbols available for mp-1200417 and index 4.
2026-08-17 22:05:32,623 - INFO - mp-1200417, 16, T:6, 1.000, 6.631
2026-08-17 22:05:32,630 - ERROR - No coordination environment symbols available for mp-1200417 and index 28.
2026-08-17 22:05:34,521 - INFO - mp-1200485, 24, T:5, 1.000, 7.768
2026-08-17 22:05:34,529 - ERROR - No coordination environment symbols available for mp-1200485 and index 40.
2026-08-17 22:05:34,529 - INFO - mp-1200485, 56, T:5, 1.000, 7.768
2026-08-17 22:05:34,537 - ERROR - No coordination environment symbols available for mp-1200485 and index 72.
2026-08-17 22:05:34,546 - WARNING - /opt/miniforge/envs/sandbox/lib/python3.12/site-packages/pymatgen/io/cif.py:1817: UserWarning: Issues encountered while parsing CIF: 4 fractional coordinates rounded to ideal values to avoid issues with finite precision.
  return parser.parse_structures(primitive=primitive)[0]

2026-08-17 22:05:34,550 - INFO - mp-1200585, 8, O:6, 1.000, 4.826
2026-08-17 22:05:34,556 - INFO - mp-1200585, 16, T:4, 1.000, 0.911
2026-08-17 22:05:35,048 - INFO - mp-1200389, 0, O:6, 0.986, 3.276
2026-08-17 22:05:35,056 - INFO - mp-1200389, 8, O:6, 0.994, 3.116
2026-08-17 22:05:35,065 - INFO - mp-1200389, 16, O:6, 0.999, 3.560
2026-08-17 22:05:35,078 - INFO - mp-1200389, 24, O:6, 1.000, 0.305
2026-08-17 22:05:35,078 - WARNING - /Users/marius/Code/gitlab.esrf.fr/spectroscopy/xasml/src/xasml/datasets/fdmnes/io.py:29: RuntimeWarning: divide by zero encountered in divide
  a = np.pi * gamma_max * (f - 1 / f**2) / (3 * x_larg)

2026-08-17 22:05:35,375 - INFO - mp-1200519, 4, T:4, 1.000, 0.032
2026-08-17 22:05:35,382 - INFO - mp-1200519, 8, S:5, 0.996, 1.259
2026-08-17 22:05:35,388 - INFO - mp-1200519, 12, T:4, 0.750, 0.488
2026-08-17 22:05:35,394 - INFO - mp-1200519, 16, T:4, 1.000, 0.313
2026-08-17 22:05:35,400 - INFO - mp-1200519, 20, T:4, 1.000, 0.195
2026-08-17 22:05:36,389 - ERROR - No coordination environment symbols available for mp-1200648 and index 10.
2026-08-17 22:05:36,389 - ERROR - No coordination environment symbols available for mp-1200648 and index 22.
2026-08-17 22:05:36,389 - INFO - mp-1200648, 34, T:4, 1.000, 0.212
2026-08-17 22:05:36,403 - INFO - mp-1200464, 0, O:6, 1.000, 1.591
2026-08-17 22:05:36,410 - INFO - mp-1200464, 4, O:6, 1.000, 0.671
2026-08-17 22:05:36,423 - INFO - mp-1200464, 8, O:6, 1.000, 1.171
2026-08-17 22:05:36,450 - INFO - mp-1200525, 8, O:6, 1.000, 0.435
2026-08-17 22:05:36,955 - ERROR - No coordination environment symbols available for mp-1200676 and index 8.
2026-08-17 22:05:36,955 - ERROR - No coordination environment symbols available for mp-1200676 and index 16.
2026-08-17 22:05:36,955 - ERROR - No coordination environment symbols available for mp-1200676 and index 24.
2026-08-17 22:05:36,955 - ERROR - No coordination environment symbols available for mp-1200676 and index 32.
2026-08-17 22:05:37,194 - INFO - mp-1200426, 4, O:6, 1.000, 0.596
2026-08-17 22:05:37,200 - INFO - mp-1200426, 6, O:6, 1.000, 0.624
2026-08-17 22:05:38,890 - INFO - mp-1200689, 2, O:6, 1.000, 0.058
2026-08-17 22:05:39,400 - ERROR - No coordination environment symbols available for mp-1200780 and index 8.
2026-08-17 22:05:39,400 - ERROR - No coordination environment symbols available for mp-1200780 and index 24.
2026-08-17 22:05:39,400 - ERROR - No coordination environment symbols available for mp-1200780 and index 40.
2026-08-17 22:05:39,400 - ERROR - No coordination environment symbols available for mp-1200780 and index 48.
2026-08-17 22:05:39,400 - INFO - mp-1200780, 56, S:4, 1.000, 2.680
2026-08-17 22:05:39,412 - ERROR - No coordination environment symbols available for mp-1200780 and index 60.
2026-08-17 22:05:39,640 - INFO - mp-1200159, 1, O:6, 1.000, 0.117
2026-08-17 22:05:39,650 - INFO - mp-1200159, 3, O:6, 1.000, 0.372
2026-08-17 22:05:39,920 - ERROR - No coordination environment symbols available for mp-1200833 and index 22.
2026-08-17 22:05:40,824 - INFO - mp-1200863, 0, O:6, 1.000, 0.614
2026-08-17 22:05:41,052 - INFO - mp-1200872, 12, T:4, 1.000, 1.062
2026-08-17 22:05:41,058 - INFO - mp-1200872, 14, S:4, 1.000, 0.000
2026-08-17 22:05:42,154 - INFO - mp-1200902, 8, T:4, 1.000, 0.822
2026-08-17 22:05:42,161 - INFO - mp-1200902, 16, O:6, 1.000, 0.228
2026-08-17 22:05:42,208 - INFO - mp-1200792, 0, T:5, 1.000, 0.519
2026-08-17 22:05:42,398 - INFO - mp-1200877, 4, T:4, 1.000, 0.034
2026-08-17 22:05:42,404 - INFO - mp-1200877, 8, S:5, 0.996, 1.291
2026-08-17 22:05:42,410 - INFO - mp-1200877, 12, T:4, 0.752, 0.488
2026-08-17 22:05:42,418 - INFO - mp-1200877, 16, T:4, 1.000, 0.304
2026-08-17 22:05:42,431 - INFO - mp-1200877, 20, T:4, 1.000, 0.200
2026-08-17 22:05:42,624 - INFO - mp-1200999, 8, O:6, 1.000, 2.594
2026-08-17 22:05:43,166 - INFO - mp-1200723, 0, O:6, 1.000, 0.047
2026-08-17 22:05:43,722 - INFO - mp-1201003, 16, T:4, 1.000, 1.752
2026-08-17 22:05:44,006 - INFO - mp-1201016, 36, T:4, 1.000, 2.976
2026-08-17 22:05:44,016 - INFO - mp-1201016, 40, T:4, 1.000, 0.071
2026-08-17 22:05:44,412 - INFO - mp-1200819, 8, T:4, 1.000, 0.622
2026-08-17 22:05:44,423 - INFO - mp-1200819, 10, T:4, 1.000, 0.583
2026-08-17 22:05:45,942 - INFO - mp-1201019, 0, T:5, 0.736, 2.302
2026-08-17 22:05:46,793 - INFO - mp-1201072, 8, O:6, 1.000, 0.213
2026-08-17 22:05:46,930 - INFO - mp-1201079, 4, T:4, 1.000, 0.058
2026-08-17 22:05:46,943 - INFO - mp-1201079, 8, S:5, 0.994, 1.470
2026-08-17 22:05:46,943 - WARNING - /Users/marius/Code/gitlab.esrf.fr/spectroscopy/xasml/src/xasml/datasets/fdmnes/io.py:29: RuntimeWarning: divide by zero encountered in divide
  a = np.pi * gamma_max * (f - 1 / f**2) / (3 * x_larg)

2026-08-17 22:05:46,949 - INFO - mp-1201079, 12, T:4, 0.750, 0.421
2026-08-17 22:05:46,963 - ERROR - No coordination environment symbols available for mp-1201079 and index 16.
2026-08-17 22:05:46,963 - INFO - mp-1201079, 20, T:6, 1.000, 7.437
2026-08-17 22:05:47,226 - INFO - mp-1201023, 12, O:6, 1.000, 0.015
2026-08-17 22:05:47,295 - INFO - mp-1201086, 0, O:6, 1.000, 1.133
2026-08-17 22:05:47,317 - WARNING - /opt/miniforge/envs/sandbox/lib/python3.12/site-packages/pymatgen/io/cif.py:1817: UserWarning: Issues encountered while parsing CIF: 2 fractional coordinates rounded to ideal values to avoid issues with finite precision.
  return parser.parse_structures(primitive=primitive)[0]

2026-08-17 22:05:48,381 - INFO - mp-1201036, 8, O:6, 1.000, 0.571
2026-08-17 22:05:48,393 - INFO - mp-1201036, 12, O:6, 1.000, 0.579
2026-08-17 22:05:48,937 - INFO - mp-1201021, 0, T:5, 0.981, 2.968
2026-08-17 22:05:48,943 - INFO - mp-1201021, 2, S:5, 0.880, 1.791
2026-08-17 22:05:48,956 - INFO - mp-1201021, 4, S:5, 0.504, 1.354
2026-08-17 22:05:49,061 - INFO - mp-1201095, 0, O:6, 1.000, 0.024
2026-08-17 22:05:49,763 - ERROR - No coordination environment symbols available for mp-1201074 and index 17.
2026-08-17 22:05:49,763 - ERROR - No coordination environment symbols available for mp-1201074 and index 19.
2026-08-17 22:05:49,763 - INFO - mp-1201074, 21, T:4, 1.000, 6.938
2026-08-17 22:05:49,769 - ERROR - No coordination environment symbols available for mp-1201074 and index 23.
2026-08-17 22:05:49,769 - ERROR - No coordination environment symbols available for mp-1201074 and index 25.
2026-08-17 22:05:49,769 - ERROR - No coordination environment symbols available for mp-1201074 and index 27.
2026-08-17 22:05:49,769 - ERROR - No coordination environment symbols available for mp-1201074 and index 29.
2026-08-17 22:05:49,769 - ERROR - No coordination environment symbols available for mp-1201074 and index 30.
2026-08-17 22:05:50,148 - INFO - mp-1201203, 30, O:6, 1.000, 0.026
2026-08-17 22:05:50,207 - WARNING - /opt/miniforge/envs/sandbox/lib/python3.12/site-packages/pymatgen/io/cif.py:1817: UserWarning: Issues encountered while parsing CIF: 18 fractional coordinates rounded to ideal values to avoid issues with finite precision.
  return parser.parse_structures(primitive=primitive)[0]

2026-08-17 22:05:50,539 - INFO - mp-1201193, 4, T:4, 1.000, 0.033
2026-08-17 22:05:50,546 - INFO - mp-1201193, 8, S:5, 0.996, 1.236
2026-08-17 22:05:50,552 - INFO - mp-1201193, 12, T:4, 0.758, 0.461
2026-08-17 22:05:50,558 - INFO - mp-1201193, 16, T:4, 1.000, 0.284
2026-08-17 22:05:50,570 - INFO - mp-1201193, 20, T:4, 1.000, 0.153
2026-08-17 22:05:51,657 - INFO - mp-1201149, 0, O:6, 1.000, 0.635
2026-08-17 22:05:53,181 - INFO - mp-1201180, 2, S:5, 0.999, 0.808
2026-08-17 22:05:53,189 - INFO - mp-1201180, 4, S:5, 0.984, 0.965
2026-08-17 22:05:53,281 - INFO - mp-1201347, 36, T:5, 1.000, 7.780
2026-08-17 22:05:53,290 - ERROR - No coordination environment symbols available for mp-1201347 and index 40.
2026-08-17 22:05:53,906 - INFO - mp-1201412, 20, T:4, 0.963, 0.026
2026-08-17 22:05:54,176 - INFO - mp-1201249, 2, O:6, 1.000, 0.174
2026-08-17 22:05:54,527 - INFO - mp-1201269, 8, O:6, 1.000, 1.743
2026-08-17 22:05:55,375 - INFO - mp-1201424, 0, T:5, 0.816, 2.121
2026-08-17 22:05:55,375 - WARNING - /Users/marius/Code/gitlab.esrf.fr/spectroscopy/xasml/src/xasml/datasets/fdmnes/io.py:29: RuntimeWarning: divide by zero encountered in divide
  a = np.pi * gamma_max * (f - 1 / f**2) / (3 * x_larg)

2026-08-17 22:05:56,771 - INFO - mp-1201346, 4, O:6, 1.000, 0.095
2026-08-17 22:05:57,246 - INFO - mp-1201385, 6, O:6, 1.000, 0.282
2026-08-17 22:05:57,254 - INFO - mp-1201385, 18, O:6, 1.000, 0.294
2026-08-17 22:05:57,267 - INFO - mp-1201385, 30, O:6, 1.000, 0.329
2026-08-17 22:05:57,286 - INFO - mp-1201385, 34, T:4, 1.000, 0.049
2026-08-17 22:05:57,293 - INFO - mp-1201385, 38, O:6, 1.000, 0.441
2026-08-17 22:05:57,300 - INFO - mp-1201385, 42, T:4, 1.000, 0.085
2026-08-17 22:05:57,307 - INFO - mp-1201385, 46, O:6, 1.000, 0.148
2026-08-17 22:05:57,314 - INFO - mp-1201385, 50, T:4, 0.938, 0.011
2026-08-17 22:05:57,322 - INFO - mp-1201385, 54, O:6, 1.000, 0.039
2026-08-17 22:05:57,329 - INFO - mp-1201385, 56, T:5, 1.000, 0.923
2026-08-17 22:05:58,022 - INFO - mp-1201518, 6, O:6, 1.000, 0.197
2026-08-17 22:05:58,029 - INFO - mp-1201518, 10, O:6, 1.000, 0.136
2026-08-17 22:05:58,039 - INFO - mp-1201518, 14, O:6, 1.000, 0.167
2026-08-17 22:05:59,464 - INFO - mp-1201549, 0, O:6, 1.000, 0.600
2026-08-17 22:05:59,464 - WARNING - /Users/marius/Code/gitlab.esrf.fr/spectroscopy/xasml/src/xasml/datasets/fdmnes/io.py:29: RuntimeWarning: divide by zero encountered in divide
  a = np.pi * gamma_max * (f - 1 / f**2) / (3 * x_larg)

2026-08-17 22:05:59,555 - INFO - mp-1201533, 36, T:4, 0.780, 0.079
2026-08-17 22:05:59,646 - INFO - mp-1201558, 12, O:6, 1.000, 3.820
2026-08-17 22:05:59,653 - INFO - mp-1201558, 20, O:6, 1.000, 3.345
2026-08-17 22:05:59,949 - INFO - mp-1201434, 8, O:6, 1.000, 0.279
2026-08-17 22:06:00,177 - INFO - mp-1201515, 0, O:6, 1.000, 1.395
2026-08-17 22:06:00,186 - INFO - mp-1201515, 2, O:6, 1.000, 2.026
2026-08-17 22:06:00,195 - INFO - mp-1201515, 4, O:6, 0.915, 5.352
2026-08-17 22:06:00,204 - INFO - mp-1201515, 6, O:6, 1.000, 2.906
2026-08-17 22:06:00,416 - INFO - mp-1201579, 4, T:5, 0.893, 1.986
2026-08-17 22:06:00,416 - WARNING - /Users/marius/Code/gitlab.esrf.fr/spectroscopy/xasml/src/xasml/datasets/fdmnes/io.py:29: RuntimeWarning: divide by zero encountered in divide
  a = np.pi * gamma_max * (f - 1 / f**2) / (3 * x_larg)

2026-08-17 22:06:00,549 - ERROR - No coordination environment symbols available for mp-1201588 and index 24.
2026-08-17 22:06:00,549 - ERROR - No coordination environment symbols available for mp-1201588 and index 40.
2026-08-17 22:06:00,549 - ERROR - No coordination environment symbols available for mp-1201588 and index 56.
2026-08-17 22:06:00,549 - ERROR - No coordination environment symbols available for mp-1201588 and index 72.
2026-08-17 22:06:01,471 - INFO - mp-1201490, 8, T:5, 0.997, 0.555
2026-08-17 22:06:01,478 - INFO - mp-1201490, 10, O:6, 1.000, 0.667
2026-08-17 22:06:01,484 - INFO - mp-1201490, 12, T:5, 1.000, 0.108
2026-08-17 22:06:02,097 - INFO - mp-1201682, 12, O:6, 1.000, 3.880
2026-08-17 22:06:02,105 - ERROR - No coordination environment symbols available for mp-1201682 and index 20.
2026-08-17 22:06:02,111 - WARNING - /opt/miniforge/envs/sandbox/lib/python3.12/site-packages/pymatgen/io/cif.py:1817: UserWarning: Issues encountered while parsing CIF: 2 fractional coordinates rounded to ideal values to avoid issues with finite precision.
  return parser.parse_structures(primitive=primitive)[0]

2026-08-17 22:06:02,191 - INFO - mp-1201612, 16, T:4, 1.000, 0.013
2026-08-17 22:06:02,210 - INFO - mp-1201612, 24, T:4, 1.000, 0.006
2026-08-17 22:06:02,699 - INFO - mp-1201728, 8, O:6, 1.000, 2.631
2026-08-17 22:06:03,024 - INFO - mp-1201709, 0, T:5, 1.000, 7.644
2026-08-17 22:06:03,582 - INFO - mp-1201743, 0, O:6, 1.000, 1.266
2026-08-17 22:06:03,589 - INFO - mp-1201743, 4, O:6, 1.000, 0.046
2026-08-17 22:06:04,423 - INFO - mp-1201732, 4, O:6, 1.000, 0.025
2026-08-17 22:06:04,595 - INFO - mp-1201769, 28, T:5, 1.000, 7.908
2026-08-17 22:06:04,596 - WARNING - /Users/marius/Code/gitlab.esrf.fr/spectroscopy/xasml/src/xasml/datasets/fdmnes/io.py:29: RuntimeWarning: divide by zero encountered in divide
  a = np.pi * gamma_max * (f - 1 / f**2) / (3 * x_larg)

2026-08-17 22:06:04,604 - ERROR - No coordination environment symbols available for mp-1201769 and index 44.
2026-08-17 22:06:04,604 - INFO - mp-1201769, 60, T:5, 1.000, 7.908
2026-08-17 22:06:04,611 - ERROR - No coordination environment symbols available for mp-1201769 and index 76.
2026-08-17 22:06:04,794 - ERROR - No coordination environment symbols available for mp-1201703 and index 6.
2026-08-17 22:06:04,794 - ERROR - No coordination environment symbols available for mp-1201703 and index 22.
2026-08-17 22:06:04,794 - ERROR - No coordination environment symbols available for mp-1201703 and index 30.
2026-08-17 22:06:04,794 - ERROR - No coordination environment symbols available for mp-1201703 and index 38.
2026-08-17 22:06:04,835 - INFO - mp-1201589, 0, O:6, 1.000, 2.407
2026-08-17 22:06:04,841 - INFO - mp-1201589, 2, O:6, 1.000, 1.955
2026-08-17 22:06:04,847 - INFO - mp-1201589, 4, O:6, 1.000, 0.563
2026-08-17 22:06:04,853 - INFO - mp-1201589, 5, O:6, 1.000, 0.599
2026-08-17 22:06:05,532 - ERROR - No coordination environment symbols available for mp-1201794 and index 28.
2026-08-17 22:06:05,532 - ERROR - No coordination environment symbols available for mp-1201794 and index 44.
2026-08-17 22:06:05,532 - ERROR - No coordination environment symbols available for mp-1201794 and index 60.
2026-08-17 22:06:05,532 - ERROR - No coordination environment symbols available for mp-1201794 and index 76.
2026-08-17 22:06:05,851 - INFO - mp-1201765, 24, S:4, 0.932, 0.156
2026-08-17 22:06:05,859 - INFO - mp-1201765, 42, S:4, 0.932, 0.156
2026-08-17 22:06:05,867 - INFO - mp-1201765, 60, S:4, 0.932, 0.156
2026-08-17 22:06:05,881 - ERROR - No coordination environment symbols available for mp-1201765 and index 69.
2026-08-17 22:06:06,534 - INFO - mp-1201795, 4, O:6, 1.000, 0.760
2026-08-17 22:06:06,541 - INFO - mp-1201795, 12, O:6, 1.000, 0.760
2026-08-17 22:06:07,532 - INFO - mp-1201849, 24, T:4, 1.000, 0.749
2026-08-17 22:06:07,541 - INFO - mp-1201849, 48, T:4, 1.000, 0.749
2026-08-17 22:06:08,897 - INFO - mp-1201833, 0, O:6, 1.000, 0.783
2026-08-17 22:06:09,135 - INFO - mp-1201926, 8, O:6, 1.000, 2.564
2026-08-17 22:06:10,018 - INFO - mp-1201819, 4, O:6, 1.000, 1.466
2026-08-17 22:06:10,025 - INFO - mp-1201819, 6, O:6, 1.000, 1.523
2026-08-17 22:06:10,031 - INFO - mp-1201819, 8, O:6, 1.000, 1.358
2026-08-17 22:06:10,690 - INFO - mp-1201928, 0, O:6, 1.000, 0.012
2026-08-17 22:06:10,714 - INFO - mp-1201876, 16, T:5, 0.896, 2.464
2026-08-17 22:06:10,721 - INFO - mp-1201876, 20, O:6, 1.000, 2.987
2026-08-17 22:06:11,224 - INFO - mp-1201977, 0, O:6, 0.999, 2.568
2026-08-17 22:06:12,155 - INFO - mp-1202032, 0, O:6, 1.000, 0.422
2026-08-17 22:06:12,613 - INFO - mp-1201707, 0, T:5, 0.997, 0.566
2026-08-17 22:06:12,623 - INFO - mp-1201707, 4, O:6, 1.000, 0.116
2026-08-17 22:06:12,632 - INFO - mp-1201707, 8, T:5, 0.872, 0.876
2026-08-17 22:06:12,632 - WARNING - /Users/marius/Code/gitlab.esrf.fr/spectroscopy/xasml/src/xasml/datasets/fdmnes/io.py:29: RuntimeWarning: divide by zero encountered in divide
  a = np.pi * gamma_max * (f - 1 / f**2) / (3 * x_larg)

2026-08-17 22:06:12,676 - WARNING - /opt/miniforge/envs/sandbox/lib/python3.12/site-packages/pymatgen/io/cif.py:1817: UserWarning: Issues encountered while parsing CIF: 1 fractional coordinates rounded to ideal values to avoid issues with finite precision.
  return parser.parse_structures(primitive=primitive)[0]

2026-08-17 22:06:12,807 - INFO - mp-1201980, 24, O:6, 1.000, 0.269
2026-08-17 22:06:13,038 - INFO - mp-1201978, 0, T:4, 1.000, 0.189
2026-08-17 22:06:13,045 - INFO - mp-1201978, 4, O:6, 1.000, 3.801
2026-08-17 22:06:15,240 - INFO - mp-1202069, 0, O:6, 1.000, 0.022
2026-08-17 22:06:15,247 - INFO - mp-1202069, 4, O:6, 0.969, 3.762
2026-08-17 22:06:15,280 - INFO - mp-1201806, 0, T:4, 0.979, 0.274
2026-08-17 22:06:15,437 - INFO - mp-1202219, 10, O:6, 1.000, 0.215
2026-08-17 22:06:15,443 - INFO - mp-1202219, 14, O:6, 1.000, 0.184
2026-08-17 22:06:16,616 - INFO - mp-1202077, 0, O:6, 1.000, 0.096
2026-08-17 22:06:17,051 - INFO - mp-1202220, 4, O:6, 0.615, 2.731
2026-08-17 22:06:17,058 - INFO - mp-1202220, 12, O:6, 1.000, 3.663
2026-08-17 22:06:17,065 - INFO - mp-1202220, 16, T:5, 0.986, 1.014
2026-08-17 22:06:17,253 - INFO - mp-1201822, 8, O:6, 1.000, 0.333
2026-08-17 22:06:17,261 - INFO - mp-1201822, 12, O:6, 1.000, 0.293
2026-08-17 22:06:17,268 - ERROR - No coordination environment symbols available for mp-1202201 and index 6.
2026-08-17 22:06:17,268 - ERROR - No coordination environment symbols available for mp-1202201 and index 22.
2026-08-17 22:06:17,268 - ERROR - No coordination environment symbols available for mp-1202201 and index 30.
2026-08-17 22:06:17,268 - ERROR - No coordination environment symbols available for mp-1202201 and index 38.
2026-08-17 22:06:17,272 - INFO - mp-1201822, 16, O:6, 1.000, 0.397
2026-08-17 22:06:17,279 - INFO - mp-1201822, 20, O:6, 1.000, 0.361
2026-08-17 22:06:17,285 - INFO - mp-1201822, 24, O:6, 1.000, 0.333
2026-08-17 22:06:17,292 - INFO - mp-1201822, 28, O:6, 1.000, 0.293
2026-08-17 22:06:17,299 - INFO - mp-1201822, 32, O:6, 1.000, 0.397
2026-08-17 22:06:17,308 - INFO - mp-1201822, 34, O:6, 1.000, 0.403
2026-08-17 22:06:17,318 - INFO - mp-1201822, 36, O:6, 1.000, 0.361
2026-08-17 22:06:17,325 - INFO - mp-1201822, 38, T:4, 0.979, 0.218
2026-08-17 22:06:18,590 - INFO - mp-1202233, 0, O:6, 1.000, 0.648
2026-08-17 22:06:18,599 - INFO - mp-1202238, 8, O:6, 1.000, 0.052
2026-08-17 22:06:18,611 - INFO - mp-1202238, 12, O:6, 1.000, 0.382
2026-08-17 22:06:19,225 - INFO - mp-1202235, 4, O:6, 1.000, 2.656
2026-08-17 22:06:19,231 - INFO - mp-1202235, 6, O:6, 1.000, 2.756
2026-08-17 22:06:20,242 - INFO - mp-1202411, 0, O:6, 1.000, 1.498
2026-08-17 22:06:20,398 - INFO - mp-1202257, 0, O:6, 1.000, 0.203
2026-08-17 22:06:21,162 - ERROR - No coordination environment symbols available for mp-1202421 and index 28.
2026-08-17 22:06:21,163 - ERROR - No coordination environment symbols available for mp-1202421 and index 44.
2026-08-17 22:06:21,163 - ERROR - No coordination environment symbols available for mp-1202421 and index 60.
2026-08-17 22:06:21,163 - ERROR - No coordination environment symbols available for mp-1202421 and index 76.
2026-08-17 22:06:21,212 - INFO - mp-1202376, 0, O:6, 1.000, 0.196
2026-08-17 22:06:21,324 - INFO - mp-1202358, 2, O:6, 1.000, 0.071
2026-08-17 22:06:21,331 - INFO - mp-1202358, 3, O:6, 1.000, 0.054
2026-08-17 22:06:21,694 - INFO - mp-1201957, 24, O:6, 1.000, 1.343
2026-08-17 22:06:23,197 - ERROR - No coordination environment symbols available for mp-1202553 and index 24.
2026-08-17 22:06:23,197 - ERROR - No coordination environment symbols available for mp-1202553 and index 40.
2026-08-17 22:06:23,197 - ERROR - No coordination environment symbols available for mp-1202553 and index 56.
2026-08-17 22:06:23,197 - ERROR - No coordination environment symbols available for mp-1202553 and index 72.
2026-08-17 22:06:23,208 - WARNING - /opt/miniforge/envs/sandbox/lib/python3.12/site-packages/pymatgen/io/cif.py:1817: UserWarning: Issues encountered while parsing CIF: 1 fractional coordinates rounded to ideal values to avoid issues with finite precision.
  return parser.parse_structures(primitive=primitive)[0]

2026-08-17 22:06:23,705 - INFO - mp-1202506, 8, T:4, 0.994, 0.037
2026-08-17 22:06:24,452 - INFO - mp-1202536, 36, T:4, 1.000, 3.313
2026-08-17 22:06:24,464 - INFO - mp-1202536, 40, T:4, 1.000, 0.066
2026-08-17 22:06:24,811 - INFO - mp-1202382, 8, S:4, 0.955, 0.001
2026-08-17 22:06:24,824 - INFO - mp-1202382, 10, S:4, 0.955, 0.001
2026-08-17 22:06:25,497 - INFO - mp-1202429, 0, O:6, 1.000, 0.376
2026-08-17 22:06:26,429 - INFO - mp-1202592, 0, O:6, 1.000, 0.483
2026-08-17 22:06:26,435 - INFO - mp-1202592, 4, O:6, 1.000, 0.980
2026-08-17 22:06:27,356 - ERROR - No coordination environment symbols available for mp-1202860 and index 28.
2026-08-17 22:06:27,356 - ERROR - No coordination environment symbols available for mp-1202860 and index 44.
2026-08-17 22:06:27,356 - ERROR - No coordination environment symbols available for mp-1202860 and index 60.
2026-08-17 22:06:27,356 - ERROR - No coordination environment symbols available for mp-1202860 and index 76.
2026-08-17 22:06:27,430 - INFO - mp-1202613, 36, T:5, 1.000, 7.382
2026-08-17 22:06:27,437 - ERROR - No coordination environment symbols available for mp-1202613 and index 40.
2026-08-17 22:06:28,277 - INFO - mp-1202735, 4, O:6, 1.000, 2.119
2026-08-17 22:06:29,467 - INFO - mp-1202896, 0, O:6, 1.000, 1.101
2026-08-17 22:06:30,008 - ERROR - No coordination environment symbols available for mp-1202920 and index 28.
2026-08-17 22:06:30,008 - ERROR - No coordination environment symbols available for mp-1202920 and index 44.
2026-08-17 22:06:30,008 - ERROR - No coordination environment symbols available for mp-1202920 and index 60.
2026-08-17 22:06:30,008 - ERROR - No coordination environment symbols available for mp-1202920 and index 76.
2026-08-17 22:06:30,578 - INFO - mp-1202481, 0, O:6, 1.000, 0.153
2026-08-17 22:06:30,594 - INFO - mp-1202481, 2, O:6, 1.000, 0.032
2026-08-17 22:06:30,623 - INFO - mp-1202454, 4, O:6, 1.000, 0.180
2026-08-17 22:06:30,630 - INFO - mp-1202454, 6, O:6, 1.000, 0.591
2026-08-17 22:06:30,637 - INFO - mp-1202454, 8, O:6, 1.000, 1.244
2026-08-17 22:06:30,643 - INFO - mp-1202454, 10, O:6, 1.000, 0.237
2026-08-17 22:06:31,103 - INFO - mp-1202947, 0, O:6, 1.000, 0.771
2026-08-17 22:06:32,515 - INFO - mp-1203126, 24, T:5, 1.000, 7.964
2026-08-17 22:06:32,529 - ERROR - No coordination environment symbols available for mp-1203126 and index 40.
2026-08-17 22:06:32,529 - INFO - mp-1203126, 56, T:5, 1.000, 7.964
2026-08-17 22:06:32,545 - ERROR - No coordination environment symbols available for mp-1203126 and index 72.
2026-08-17 22:06:32,571 - WARNING - /opt/miniforge/envs/sandbox/lib/python3.12/site-packages/pymatgen/io/cif.py:1817: UserWarning: Issues encountered while parsing CIF: 8 fractional coordinates rounded to ideal values to avoid issues with finite precision.
  return parser.parse_structures(primitive=primitive)[0]

2026-08-17 22:06:33,021 - INFO - mp-1202900, 78, T:6, 1.000, 4.056
2026-08-17 22:06:33,028 - ERROR - No coordination environment symbols available for mp-1202900 and index 86.
2026-08-17 22:06:33,028 - INFO - mp-1202900, 90, T:6, 1.000, 4.056
2026-08-17 22:06:33,035 - ERROR - No coordination environment symbols available for mp-1202900 and index 94.
2026-08-17 22:06:33,035 - ERROR - No coordination environment symbols available for mp-1202900 and index 98.
2026-08-17 22:06:33,090 - INFO - mp-1203060, 8, O:6, 1.000, 0.131
2026-08-17 22:06:33,102 - INFO - mp-1203128, 0, O:6, 1.000, 1.818
2026-08-17 22:06:36,562 - ERROR - No coordination environment symbols available for mp-1203342 and index 20.
2026-08-17 22:06:36,563 - ERROR - No coordination environment symbols available for mp-1203342 and index 36.
2026-08-17 22:06:36,563 - ERROR - No coordination environment symbols available for mp-1203342 and index 44.
2026-08-17 22:06:36,563 - ERROR - No coordination environment symbols available for mp-1203342 and index 52.
2026-08-17 22:06:36,563 - INFO - mp-1203342, 60, T:4, 1.000, 0.197
2026-08-17 22:06:36,585 - ERROR - No coordination environment symbols available for mp-1203342 and index 68.
2026-08-17 22:06:36,593 - INFO - mp-1203139, 0, O:6, 1.000, 0.053
2026-08-17 22:06:36,817 - INFO - mp-1203127, 0, O:6, 1.000, 0.261
2026-08-17 22:06:36,827 - INFO - mp-1203127, 4, O:6, 1.000, 0.216
2026-08-17 22:06:36,870 - INFO - mp-1203339, 16, T:4, 0.939, 0.477
2026-08-17 22:06:36,877 - INFO - mp-1203339, 20, T:4, 0.942, 0.489
2026-08-17 22:06:37,006 - INFO - mp-1202981, 0, O:6, 0.625, 3.350
2026-08-17 22:06:37,013 - INFO - mp-1202981, 4, O:6, 0.595, 3.233
2026-08-17 22:06:39,483 - INFO - mp-1203443, 12, O:6, 1.000, 3.737
2026-08-17 22:06:39,489 - INFO - mp-1203443, 20, O:6, 1.000, 3.385
2026-08-17 22:06:39,489 - WARNING - /Users/marius/Code/gitlab.esrf.fr/spectroscopy/xasml/src/xasml/datasets/fdmnes/io.py:29: RuntimeWarning: divide by zero encountered in divide
  a = np.pi * gamma_max * (f - 1 / f**2) / (3 * x_larg)

2026-08-17 22:06:39,504 - INFO - mp-1203434, 32, O:6, 1.000, 0.685
2026-08-17 22:06:39,512 - INFO - mp-1203434, 40, O:6, 1.000, 0.487
2026-08-17 22:06:39,522 - INFO - mp-1203434, 48, O:6, 1.000, 0.685
2026-08-17 22:06:39,529 - INFO - mp-1203434, 56, O:6, 1.000, 0.487
2026-08-17 22:06:39,537 - INFO - mp-1203434, 60, O:6, 1.000, 0.376
2026-08-17 22:06:39,805 - INFO - mp-1203197, 0, O:6, 1.000, 1.008
2026-08-17 22:06:42,910 - INFO - mp-1203609, 0, T:4, 0.966, 0.041
2026-08-17 22:06:43,490 - INFO - mp-1202597, 18, O:6, 1.000, 0.128
2026-08-17 22:06:43,505 - INFO - mp-1202597, 20, O:6, 1.000, 0.013
2026-08-17 22:06:43,513 - INFO - mp-1202597, 22, O:6, 1.000, 0.158
2026-08-17 22:06:43,520 - INFO - mp-1202597, 23, O:6, 1.000, 0.007
2026-08-17 22:06:43,693 - INFO - mp-1203662, 0, O:6, 1.000, 2.265
2026-08-17 22:06:43,708 - INFO - mp-1203662, 2, O:6, 1.000, 0.047
2026-08-17 22:06:43,798 - INFO - mp-1203562, 16, T:4, 1.000, 0.093
2026-08-17 22:06:45,154 - INFO - mp-1203520, 0, O:6, 1.000, 1.220
2026-08-17 22:06:45,747 - INFO - mp-1203480, 8, T:5, 0.999, 0.451
2026-08-17 22:06:45,753 - INFO - mp-1203480, 10, O:6, 1.000, 0.665
2026-08-17 22:06:45,759 - INFO - mp-1203480, 12, T:5, 1.000, 0.137
2026-08-17 22:06:45,997 - INFO - mp-1203682, 8, O:6, 1.000, 0.206
2026-08-17 22:06:46,011 - WARNING - /opt/miniforge/envs/sandbox/lib/python3.12/site-packages/pymatgen/io/cif.py:1817: UserWarning: Issues encountered while parsing CIF: 4 fractional coordinates rounded to ideal values to avoid issues with finite precision.
  return parser.parse_structures(primitive=primitive)[0]

2026-08-17 22:06:47,265 - INFO - mp-1203720, 0, O:6, 1.000, 0.636
2026-08-17 22:06:47,353 - INFO - mp-1203748, 12, O:6, 1.000, 0.527
2026-08-17 22:06:47,688 - ERROR - No coordination environment symbols available for mp-1203778 and index 8.
2026-08-17 22:06:47,689 - ERROR - No coordination environment symbols available for mp-1203778 and index 20.
2026-08-17 22:06:47,689 - ERROR - No coordination environment symbols available for mp-1203778 and index 32.
2026-08-17 22:06:48,206 - INFO - mp-1203752, 4, T:4, 1.000, 0.046
2026-08-17 22:06:48,212 - INFO - mp-1203752, 8, S:5, 0.996, 1.263
2026-08-17 22:06:48,213 - WARNING - /Users/marius/Code/gitlab.esrf.fr/spectroscopy/xasml/src/xasml/datasets/fdmnes/io.py:29: RuntimeWarning: divide by zero encountered in divide
  a = np.pi * gamma_max * (f - 1 / f**2) / (3 * x_larg)

2026-08-17 22:06:48,222 - INFO - mp-1203752, 12, T:4, 0.748, 0.508
2026-08-17 22:06:48,237 - INFO - mp-1203752, 16, T:4, 1.000, 0.268
2026-08-17 22:06:48,245 - INFO - mp-1203752, 20, T:4, 1.000, 0.172
2026-08-17 22:06:48,432 - INFO - mp-1203466, 4, O:6, 1.000, 0.301
2026-08-17 22:06:48,441 - INFO - mp-1203466, 8, O:6, 1.000, 0.356
2026-08-17 22:06:48,449 - INFO - mp-1203466, 12, T:4, 0.972, 0.143
2026-08-17 22:06:48,456 - INFO - mp-1203466, 16, T:4, 0.980, 0.087
2026-08-17 22:06:48,463 - INFO - mp-1203466, 20, O:6, 1.000, 0.301
2026-08-17 22:06:48,472 - INFO - mp-1203466, 24, O:6, 1.000, 0.356
2026-08-17 22:06:48,480 - INFO - mp-1203466, 26, O:6, 1.000, 0.246
2026-08-17 22:06:48,492 - INFO - mp-1203466, 28, T:4, 0.972, 0.143
2026-08-17 22:06:48,508 - INFO - mp-1203466, 30, O:6, 1.000, 0.237
2026-08-17 22:06:48,522 - INFO - mp-1203466, 32, T:4, 0.980, 0.087
2026-08-17 22:06:48,534 - INFO - mp-1203466, 34, O:6, 1.000, 0.305
2026-08-17 22:06:48,831 - INFO - mp-1203755, 22, T:4, 1.000, 0.430
2026-08-17 22:06:48,838 - INFO - mp-1203755, 38, T:4, 1.000, 0.430
2026-08-17 22:06:50,376 - INFO - mp-1203691, 0, O:6, 1.000, 1.740
2026-08-17 22:06:50,383 - INFO - mp-1203691, 2, O:6, 1.000, 2.676
2026-08-17 22:06:50,398 - INFO - mp-1203691, 4, O:6, 0.772, 5.761
2026-08-17 22:06:50,404 - INFO - mp-1203691, 6, O:6, 1.000, 2.836
2026-08-17 22:06:51,052 - INFO - mp-1203485, 0, T:4, 0.796, 1.648
2026-08-17 22:06:51,060 - INFO - mp-1203485, 2, O:6, 1.000, 1.091
2026-08-17 22:06:51,067 - INFO - mp-1203485, 4, O:6, 1.000, 0.124
2026-08-17 22:06:51,074 - INFO - mp-1203485, 6, T:4, 0.910, 3.920
2026-08-17 22:06:51,089 - INFO - mp-1203485, 8, O:6, 1.000, 0.539
2026-08-17 22:06:51,111 - INFO - mp-1203485, 10, O:6, 0.996, 1.208
2026-08-17 22:06:51,304 - INFO - mp-1203829, 0, O:6, 1.000, 1.090
2026-08-17 22:06:51,311 - INFO - mp-1203829, 8, O:6, 1.000, 1.090
2026-08-17 22:06:51,328 - WARNING - /opt/miniforge/envs/sandbox/lib/python3.12/site-packages/pymatgen/io/cif.py:1817: UserWarning: Issues encountered while parsing CIF: 1 fractional coordinates rounded to ideal values to avoid issues with finite precision.
  return parser.parse_structures(primitive=primitive)[0]

2026-08-17 22:06:51,620 - INFO - mp-1203959, 32, O:6, 1.000, 1.581
2026-08-17 22:06:52,697 - INFO - mp-1203916, 16, O:6, 1.000, 1.561
2026-08-17 22:06:53,592 - INFO - mp-1204028, 24, T:5, 1.000, 7.834
2026-08-17 22:06:53,593 - WARNING - /Users/marius/Code/gitlab.esrf.fr/spectroscopy/xasml/src/xasml/datasets/fdmnes/io.py:29: RuntimeWarning: divide by zero encountered in divide
  a = np.pi * gamma_max * (f - 1 / f**2) / (3 * x_larg)

2026-08-17 22:06:53,601 - INFO - mp-1204028, 40, T:6, 1.000, 5.006
2026-08-17 22:06:53,608 - INFO - mp-1204028, 56, T:5, 1.000, 7.834
2026-08-17 22:06:53,617 - INFO - mp-1204028, 72, T:6, 1.000, 5.006
2026-08-17 22:06:54,119 - INFO - mp-1204015, 4, O:6, 0.994, 5.274
2026-08-17 22:06:54,130 - INFO - mp-1204015, 12, T:4, 1.000, 3.094
2026-08-17 22:06:54,828 - INFO - mp-1203935, 0, O:6, 0.972, 3.712
2026-08-17 22:06:54,838 - INFO - mp-1203935, 2, T:5, 0.754, 2.139
2026-08-17 22:06:55,022 - INFO - mp-1204045, 8, T:6, 1.000, 6.335
2026-08-17 22:06:55,035 - ERROR - No coordination environment symbols available for mp-1204045 and index 24.
2026-08-17 22:06:55,035 - ERROR - No coordination environment symbols available for mp-1204045 and index 32.
2026-08-17 22:06:55,035 - INFO - mp-1204045, 40, T:6, 1.000, 6.335
2026-08-17 22:06:55,047 - INFO - mp-1204045, 48, T:6, 1.000, 6.260
2026-08-17 22:06:55,057 - ERROR - No coordination environment symbols available for mp-1204045 and index 56.
2026-08-17 22:06:55,058 - ERROR - No coordination environment symbols available for mp-1204045 and index 64.
2026-08-17 22:06:55,538 - INFO - mp-1203835, 16, O:6, 1.000, 2.096
2026-08-17 22:06:55,550 - INFO - mp-1203835, 20, O:6, 1.000, 3.730
2026-08-17 22:06:55,557 - INFO - mp-1203835, 24, O:6, 0.541, 3.395
2026-08-17 22:06:55,698 - INFO - mp-1203859, 0, O:6, 1.000, 0.203
2026-08-17 22:06:56,997 - INFO - mp-1204107, 16, O:6, 1.000, 2.619
2026-08-17 22:06:57,269 - INFO - mp-1204162, 12, T:4, 0.983, 0.433
2026-08-17 22:06:58,405 - INFO - mp-1204155, 0, T:5, 0.913, 2.631
2026-08-17 22:06:58,411 - INFO - mp-1204155, 4, O:6, 1.000, 1.253
2026-08-17 22:06:58,418 - INFO - mp-1204155, 8, O:6, 1.000, 3.478
2026-08-17 22:06:58,723 - INFO - mp-1204222, 16, O:6, 0.999, 2.742
2026-08-17 22:06:58,732 - INFO - mp-1204222, 24, O:6, 0.999, 2.742
2026-08-17 22:06:58,754 - WARNING - /opt/miniforge/envs/sandbox/lib/python3.12/site-packages/pymatgen/io/cif.py:1817: UserWarning: Issues encountered while parsing CIF: 4 fractional coordinates rounded to ideal values to avoid issues with finite precision.
  return parser.parse_structures(primitive=primitive)[0]

2026-08-17 22:06:58,813 - INFO - mp-1204434, 0, O:6, 1.000, 0.000
2026-08-17 22:07:00,206 - INFO - mp-1204423, 0, O:6, 1.000, 0.781
2026-08-17 22:07:00,748 - ERROR - No coordination environment symbols available for mp-1204517 and index 4.
2026-08-17 22:07:00,749 - ERROR - No coordination environment symbols available for mp-1204517 and index 16.
2026-08-17 22:07:00,749 - ERROR - No coordination environment symbols available for mp-1204517 and index 28.
2026-08-17 22:07:01,040 - INFO - mp-1204465, 0, O:6, 1.000, 0.985
2026-08-17 22:07:01,051 - INFO - mp-1204465, 4, O:6, 1.000, 0.644
2026-08-17 22:07:02,415 - INFO - mp-1204346, 0, O:6, 0.990, 2.320
2026-08-17 22:07:02,425 - INFO - mp-1204346, 2, O:6, 0.912, 3.496
2026-08-17 22:07:03,292 - INFO - mp-1204530, 0, O:6, 0.989, 1.386
2026-08-17 22:07:03,309 - WARNING - /opt/miniforge/envs/sandbox/lib/python3.12/site-packages/pymatgen/io/cif.py:1817: UserWarning: Issues encountered while parsing CIF: 4 fractional coordinates rounded to ideal values to avoid issues with finite precision.
  return parser.parse_structures(primitive=primitive)[0]

2026-08-17 22:07:04,539 - ERROR - No coordination environment symbols available for mp-1204606 and index 36.
2026-08-17 22:07:04,539 - ERROR - No coordination environment symbols available for mp-1204606 and index 40.
2026-08-17 22:07:05,270 - INFO - mp-1204678, 28, T:4, 1.000, 0.795
2026-08-17 22:07:05,277 - INFO - mp-1204678, 36, T:4, 1.000, 0.494
2026-08-17 22:07:05,290 - INFO - mp-1204678, 44, T:4, 1.000, 0.563
2026-08-17 22:07:05,788 - INFO - mp-1204478, 0, T:4, 1.000, 0.010
2026-08-17 22:07:06,329 - INFO - mp-1204736, 4, O:6, 1.000, 0.120
2026-08-17 22:07:06,336 - INFO - mp-1204736, 10, O:6, 0.988, 2.582
2026-08-17 22:07:06,719 - INFO - mp-1204059, 0, O:6, 1.000, 0.121
2026-08-17 22:07:06,728 - INFO - mp-1204059, 4, O:6, 1.000, 0.127
2026-08-17 22:07:06,741 - INFO - mp-1204059, 8, O:6, 1.000, 0.125
2026-08-17 22:07:07,928 - INFO - mp-1204715, 4, O:6, 1.000, 0.923
2026-08-17 22:07:07,935 - INFO - mp-1204715, 12, O:6, 1.000, 0.923
2026-08-17 22:07:10,998 - INFO - mp-1204900, 32, O:6, 1.000, 1.292
2026-08-17 22:07:11,245 - INFO - mp-1204862, 24, O:6, 1.000, 0.128
2026-08-17 22:07:11,773 - INFO - mp-1204916, 8, O:6, 1.000, 0.138
2026-08-17 22:07:12,017 - INFO - mp-1204854, 4, O:6, 1.000, 0.244
2026-08-17 22:07:12,076 - INFO - mp-1204195, 6, S:5, 0.996, 1.323
2026-08-17 22:07:12,086 - INFO - mp-1204195, 7, T:4, 1.000, 0.230
2026-08-17 22:07:12,093 - INFO - mp-1204195, 8, T:4, 1.000, 0.165
2026-08-17 22:07:12,099 - INFO - mp-1204195, 9, S:5, 0.996, 1.308
2026-08-17 22:07:12,106 - INFO - mp-1204195, 10, T:4, 1.000, 0.186
2026-08-17 22:07:12,115 - INFO - mp-1204195, 11, T:4, 0.955, 0.638
2026-08-17 22:07:12,122 - INFO - mp-1204195, 12, S:5, 0.977, 4.022
2026-08-17 22:07:12,128 - INFO - mp-1204195, 13, T:4, 1.000, 0.233
2026-08-17 22:07:12,138 - INFO - mp-1204195, 14, T:4, 1.000, 0.186
2026-08-17 22:07:12,144 - INFO - mp-1204195, 15, T:4, 1.000, 0.240
2026-08-17 22:07:12,150 - INFO - mp-1204195, 16, S:5, 0.977, 4.005
2026-08-17 22:07:12,156 - INFO - mp-1204195, 17, T:4, 1.000, 0.178
2026-08-17 22:07:12,163 - INFO - mp-1204195, 18, S:5, 0.977, 4.010
2026-08-17 22:07:12,173 - INFO - mp-1204195, 19, T:4, 1.000, 0.167
2026-08-17 22:07:12,179 - INFO - mp-1204195, 20, T:4, 1.000, 0.165
2026-08-17 22:07:12,186 - INFO - mp-1204195, 21, T:4, 1.000, 0.169
2026-08-17 22:07:12,192 - INFO - mp-1204195, 22, T:4, 1.000, 0.170
2026-08-17 22:07:12,198 - INFO - mp-1204195, 23, S:5, 0.976, 4.019
2026-08-17 22:07:12,208 - INFO - mp-1204195, 24, T:4, 1.000, 0.181
2026-08-17 22:07:12,214 - INFO - mp-1204195, 25, S:5, 0.976, 4.017
2026-08-17 22:07:12,221 - INFO - mp-1204195, 26, T:4, 1.000, 0.227
2026-08-17 22:07:12,227 - INFO - mp-1204195, 27, T:4, 1.000, 0.180
2026-08-17 22:07:12,234 - INFO - mp-1204195, 28, T:4, 1.000, 0.239
2026-08-17 22:07:12,241 - INFO - mp-1204195, 29, S:5, 0.976, 4.039
2026-08-17 22:07:12,246 - INFO - mp-1204707, 0, O:6, 1.000, 1.581
2026-08-17 22:07:12,248 - INFO - mp-1204195, 30, T:4, 1.000, 0.179
2026-08-17 22:07:12,254 - INFO - mp-1204707, 4, O:6, 1.000, 1.818
2026-08-17 22:07:12,255 - INFO - mp-1204195, 31, S:5, 0.996, 1.280
2026-08-17 22:07:12,260 - INFO - mp-1204707, 8, O:6, 1.000, 0.553
2026-08-17 22:07:12,261 - INFO - mp-1204195, 32, T:4, 0.957, 0.627
2026-08-17 22:07:12,268 - INFO - mp-1204195, 33, T:4, 1.000, 0.170
2026-08-17 22:07:12,275 - INFO - mp-1204195, 34, T:4, 1.000, 0.238
2026-08-17 22:07:12,282 - INFO - mp-1204195, 35, T:4, 0.955, 0.639
2026-08-17 22:07:13,816 - INFO - mp-1204766, 8, O:6, 1.000, 0.871
2026-08-17 22:07:13,823 - INFO - mp-1204766, 10, O:6, 1.000, 0.229
2026-08-17 22:07:14,790 - INFO - mp-1204931, 0, O:6, 1.000, 0.080
2026-08-17 22:07:15,046 - INFO - mp-1204738, 0, O:6, 1.000, 0.110
2026-08-17 22:07:15,672 - INFO - mp-1205067, 40, T:4, 0.848, 0.071
2026-08-17 22:07:16,247 - INFO - mp-1205087, 16, O:6, 1.000, 0.621
2026-08-17 22:07:16,256 - INFO - mp-1205087, 20, T:4, 0.990, 1.815
2026-08-17 22:07:16,262 - INFO - mp-1205087, 24, T:4, 0.990, 1.861
2026-08-17 22:07:16,269 - INFO - mp-1205087, 28, O:6, 1.000, 0.631
2026-08-17 22:07:17,513 - INFO - mp-1205066, 16, O:6, 1.000, 1.423
2026-08-17 22:07:18,548 - INFO - mp-1204955, 24, O:6, 1.000, 0.125
2026-08-17 22:07:18,558 - INFO - mp-1204955, 40, O:6, 1.000, 0.187
2026-08-17 22:07:18,567 - INFO - mp-1204955, 56, O:6, 1.000, 0.120
2026-08-17 22:07:18,580 - INFO - mp-1204955, 64, O:6, 1.000, 0.187
2026-08-17 22:07:18,598 - WARNING - /opt/miniforge/envs/sandbox/lib/python3.12/site-packages/pymatgen/io/cif.py:1817: UserWarning: Issues encountered while parsing CIF: 4 fractional coordinates rounded to ideal values to avoid issues with finite precision.
  return parser.parse_structures(primitive=primitive)[0]

2026-08-17 22:07:18,938 - ERROR - mp-1205186, maximum energy too large
2026-08-17 22:07:19,786 - INFO - mp-1205097, 1, O:6, 1.000, 1.671
2026-08-17 22:07:19,793 - INFO - mp-1205097, 3, T:5, 0.976, 2.348
2026-08-17 22:07:19,800 - INFO - mp-1205097, 5, O:6, 1.000, 1.176
2026-08-17 22:07:19,808 - INFO - mp-1205097, 7, O:6, 1.000, 0.494
2026-08-17 22:07:20,343 - INFO - mp-1205149, 0, O:6, 1.000, 1.046
2026-08-17 22:07:20,351 - INFO - mp-1205149, 4, O:6, 1.000, 0.429
2026-08-17 22:07:21,399 - INFO - mp-1205043, 14, O:6, 1.000, 2.060
2026-08-17 22:07:21,406 - INFO - mp-1205043, 18, S:5, 0.731, 1.056
2026-08-17 22:07:21,413 - INFO - mp-1205043, 22, O:6, 1.000, 2.119
2026-08-17 22:07:21,424 - INFO - mp-1205043, 26, O:6, 1.000, 0.109
2026-08-17 22:07:21,649 - INFO - mp-1205209, 0, O:6, 1.000, 0.551
2026-08-17 22:07:21,696 - INFO - mp-1205183, 2, O:6, 1.000, 0.103
2026-08-17 22:07:21,702 - INFO - mp-1205183, 4, O:6, 1.000, 0.105
2026-08-17 22:07:21,709 - INFO - mp-1205183, 5, O:6, 1.000, 0.045
2026-08-17 22:07:22,084 - ERROR - No coordination environment symbols available for mp-1205374 and index 6.
2026-08-17 22:07:22,084 - ERROR - No coordination environment symbols available for mp-1205374 and index 24.
2026-08-17 22:07:22,084 - ERROR - No coordination environment symbols available for mp-1205374 and index 42.
2026-08-17 22:07:22,352 - INFO - mp-1205367, 8, O:6, 1.000, 0.355
2026-08-17 22:07:22,861 - INFO - mp-1205225, 0, O:6, 1.000, 1.342
2026-08-17 22:07:22,868 - INFO - mp-1205225, 2, O:6, 1.000, 0.226
2026-08-17 22:07:22,876 - INFO - mp-1205225, 4, O:6, 1.000, 0.016
2026-08-17 22:07:23,151 - INFO - mp-1205377, 6, T:5, 0.945, 3.514
2026-08-17 22:07:23,163 - INFO - mp-1205377, 10, T:5, 0.945, 3.514
2026-08-17 22:07:24,311 - ERROR - No coordination environment symbols available for mp-1205381 and index 8.
2026-08-17 22:07:24,773 - ERROR - No coordination environment symbols available for mp-1205466 and index 21.
2026-08-17 22:07:24,773 - ERROR - No coordination environment symbols available for mp-1205466 and index 39.
2026-08-17 22:07:24,821 - INFO - mp-1205444, 0, S:5, 1.000, 5.980
2026-08-17 22:07:24,828 - ERROR - No coordination environment symbols available for mp-1205444 and index 4.
2026-08-17 22:07:24,828 - ERROR - No coordination environment symbols available for mp-1205444 and index 8.
2026-08-17 22:07:24,828 - INFO - mp-1205444, 12, S:5, 1.000, 5.980
2026-08-17 22:07:24,847 - ERROR - No coordination environment symbols available for mp-1205444 and index 16.
2026-08-17 22:07:24,848 - ERROR - No coordination environment symbols available for mp-1205444 and index 20.
2026-08-17 22:07:24,855 - INFO - mp-1205435, 8, O:6, 1.000, 0.635
2026-08-17 22:07:24,862 - INFO - mp-1205435, 12, O:6, 1.000, 0.828
2026-08-17 22:07:24,905 - WARNING - /opt/miniforge/envs/sandbox/lib/python3.12/site-packages/pymatgen/io/cif.py:1817: UserWarning: Issues encountered while parsing CIF: 1 fractional coordinates rounded to ideal values to avoid issues with finite precision.
  return parser.parse_structures(primitive=primitive)[0]

2026-08-17 22:07:24,909 - INFO - mp-1205160, 18, S:5, 0.612, 2.972
2026-08-17 22:07:24,918 - INFO - mp-1205160, 22, T:5, 0.999, 1.111
2026-08-17 22:07:24,925 - INFO - mp-1205160, 26, O:6, 1.000, 1.276
2026-08-17 22:07:24,933 - INFO - mp-1205160, 30, O:6, 1.000, 0.174
2026-08-17 22:07:26,197 - INFO - mp-1205279, 12, O:6, 1.000, 1.021
2026-08-17 22:07:26,292 - INFO - mp-1205964, 8, O:6, 1.000, 0.000
2026-08-17 22:07:26,361 - INFO - mp-1205448, 0, O:6, 1.000, 0.168
2026-08-17 22:07:26,693 - INFO - mp-1208100, 12, T:4, 1.000, 1.304
2026-08-17 22:07:28,516 - INFO - mp-1205429, 0, O:6, 1.000, 0.755
2026-08-17 22:07:28,522 - INFO - mp-1205429, 1, O:6, 1.000, 0.880
2026-08-17 22:07:28,530 - INFO - mp-1205429, 2, O:6, 1.000, 1.012
2026-08-17 22:07:28,539 - INFO - mp-1205429, 3, O:6, 1.000, 1.263
2026-08-17 22:07:28,548 - INFO - mp-1205429, 4, O:6, 1.000, 1.284
2026-08-17 22:07:28,548 - WARNING - /Users/marius/Code/gitlab.esrf.fr/spectroscopy/xasml/src/xasml/datasets/fdmnes/io.py:29: RuntimeWarning: divide by zero encountered in divide
  a = np.pi * gamma_max * (f - 1 / f**2) / (3 * x_larg)

2026-08-17 22:07:28,555 - INFO - mp-1205429, 5, O:6, 1.000, 0.864
2026-08-17 22:07:28,561 - INFO - mp-1205429, 6, O:6, 1.000, 0.737
2026-08-17 22:07:28,567 - INFO - mp-1205429, 7, O:6, 1.000, 0.739
2026-08-17 22:07:29,588 - INFO - mp-1237867, 0, O:6, 1.000, 0.894
2026-08-17 22:07:29,806 - INFO - mp-1213486, 0, O:6, 1.000, 0.911
2026-08-17 22:07:29,821 - INFO - mp-1213486, 4, O:6, 1.000, 0.902
2026-08-17 22:07:30,116 - INFO - mp-1272846, 4, O:6, 1.000, 0.044
2026-08-17 22:07:30,122 - INFO - mp-1272846, 6, O:6, 1.000, 0.087
2026-08-17 22:07:30,281 - INFO - mp-1214297, 8, O:6, 1.000, 0.809
2026-08-17 22:07:30,290 - INFO - mp-1214297, 16, O:6, 1.000, 0.809
2026-08-17 22:07:31,294 - INFO - mp-1205475, 0, O:6, 1.000, 0.257
2026-08-17 22:07:32,323 - INFO - mp-1237189, 0, O:6, 1.000, 0.678
2026-08-17 22:07:33,209 - INFO - mp-1307582, 4, O:6, 1.000, 0.212
2026-08-17 22:07:33,216 - INFO - mp-1307582, 6, O:6, 1.000, 0.192
2026-08-17 22:24:48,365 - INFO - Number of sites processed: 3710
