2026-02-19 11:55:19,903 - INFO - Loaded 12915 materials for processing.
2026-02-19 11:55:20,043 - WARNING - /home/esrf/retegan/.conda/envs/xasml/lib/python3.12/site-packages/pymatgen/io/cif.py:1304: UserWarning: Issues encountered while parsing CIF: 2 fractional coordinates rounded to ideal values to avoid issues with finite precision.
  warnings.warn("Issues encountered while parsing CIF: " + "\n".join(self.warnings))

2026-02-19 11:55:20,069 - WARNING - /home/esrf/retegan/.conda/envs/xasml/lib/python3.12/site-packages/pymatgen/io/cif.py:1304: UserWarning: Issues encountered while parsing CIF: 2 fractional coordinates rounded to ideal values to avoid issues with finite precision.
  warnings.warn("Issues encountered while parsing CIF: " + "\n".join(self.warnings))

2026-02-19 11:55:20,152 - WARNING - /home/esrf/retegan/.conda/envs/xasml/lib/python3.12/site-packages/pymatgen/analysis/chemenv/coordination_environments/chemenv_strategies.py:2763: RuntimeWarning: invalid value encountered in scalar divide
  nb_sets_fractions = {cn_map: w_nb_set / w_nb_sets_total for cn_map, w_nb_set in w_nb_sets.items()}

2026-02-19 11:55:20,166 - WARNING - /home/esrf/retegan/.conda/envs/xasml/lib/python3.12/site-packages/pymatgen/analysis/chemenv/coordination_environments/chemenv_strategies.py:2763: RuntimeWarning: invalid value encountered in scalar divide
  nb_sets_fractions = {cn_map: w_nb_set / w_nb_sets_total for cn_map, w_nb_set in w_nb_sets.items()}

2026-02-19 11:55:20,181 - WARNING - /home/esrf/retegan/.conda/envs/xasml/lib/python3.12/site-packages/pymatgen/analysis/chemenv/coordination_environments/chemenv_strategies.py:2763: RuntimeWarning: invalid value encountered in scalar divide
  nb_sets_fractions = {cn_map: w_nb_set / w_nb_sets_total for cn_map, w_nb_set in w_nb_sets.items()}

2026-02-19 11:55:20,192 - WARNING - /home/esrf/retegan/.conda/envs/xasml/lib/python3.12/site-packages/pymatgen/analysis/chemenv/coordination_environments/chemenv_strategies.py:2763: RuntimeWarning: invalid value encountered in scalar divide
  nb_sets_fractions = {cn_map: w_nb_set / w_nb_sets_total for cn_map, w_nb_set in w_nb_sets.items()}

2026-02-19 11:55:20,269 - WARNING - /home/esrf/retegan/.conda/envs/xasml/lib/python3.12/site-packages/pymatgen/analysis/chemenv/coordination_environments/chemenv_strategies.py:2763: RuntimeWarning: invalid value encountered in scalar divide
  nb_sets_fractions = {cn_map: w_nb_set / w_nb_sets_total for cn_map, w_nb_set in w_nb_sets.items()}

2026-02-19 11:55:20,316 - WARNING - /home/esrf/retegan/.conda/envs/xasml/lib/python3.12/site-packages/pymatgen/analysis/chemenv/coordination_environments/chemenv_strategies.py:2763: RuntimeWarning: invalid value encountered in scalar divide
  nb_sets_fractions = {cn_map: w_nb_set / w_nb_sets_total for cn_map, w_nb_set in w_nb_sets.items()}

2026-02-19 11:55:20,659 - ERROR - No coordination environment symbols available for mp-136 and index 0.
2026-02-19 11:55:20,674 - ERROR - No coordination environment symbols available for mp-13 and index 0.
2026-02-19 11:55:20,683 - WARNING - /home/esrf/retegan/.conda/envs/xasml/lib/python3.12/site-packages/pymatgen/io/cif.py:1304: UserWarning: Issues encountered while parsing CIF: 2 fractional coordinates rounded to ideal values to avoid issues with finite precision.
  warnings.warn("Issues encountered while parsing CIF: " + "\n".join(self.warnings))

2026-02-19 11:55:20,689 - ERROR - No coordination environment symbols available for mp-150 and index 0.
2026-02-19 11:55:20,818 - ERROR - mp-449, the bav file does not exist
2026-02-19 11:55:20,818 - ERROR - mp-449, the bav file does not exist
2026-02-19 11:55:20,879 - ERROR - No coordination environment symbols available for mp-305 and index 1.
2026-02-19 11:55:20,957 - INFO - mp-226, 0, O:6, 1.000, 0.295
2026-02-19 11:55:20,982 - ERROR - No coordination environment symbols available for mp-204 and index 8.
2026-02-19 11:55:21,028 - ERROR - No coordination environment symbols available for mp-333 and index 8.
2026-02-19 11:55:21,127 - INFO - mp-248, 0, T:4, 1.000, 3.367
2026-02-19 11:55:21,170 - WARNING - /home/esrf/retegan/.conda/envs/xasml/lib/python3.12/site-packages/pymatgen/analysis/chemenv/coordination_environments/chemenv_strategies.py:2763: RuntimeWarning: invalid value encountered in scalar divide
  nb_sets_fractions = {cn_map: w_nb_set / w_nb_sets_total for cn_map, w_nb_set in w_nb_sets.items()}

2026-02-19 11:55:21,476 - WARNING - /home/esrf/retegan/.conda/envs/xasml/lib/python3.12/site-packages/pymatgen/analysis/chemenv/coordination_environments/chemenv_strategies.py:2763: RuntimeWarning: invalid value encountered in scalar divide
  nb_sets_fractions = {cn_map: w_nb_set / w_nb_sets_total for cn_map, w_nb_set in w_nb_sets.items()}

2026-02-19 11:55:22,463 - ERROR - No coordination environment symbols available for mp-474 and index 8.
2026-02-19 11:55:22,571 - INFO - mp-535, 0, O:6, 1.000, 2.288
2026-02-19 11:55:22,573 - ERROR - No coordination environment symbols available for mp-535 and index 3.
2026-02-19 11:55:22,653 - ERROR - No coordination environment symbols available for mp-649 and index 0.
2026-02-19 11:55:22,899 - ERROR - No coordination environment symbols available for mp-589 and index 8.
2026-02-19 11:55:22,907 - ERROR - No coordination environment symbols available for mp-540 and index 8.
2026-02-19 11:55:22,974 - INFO - mp-427, 0, O:6, 1.000, 1.819
2026-02-19 11:55:22,990 - INFO - mp-427, 2, O:6, 1.000, 1.817
2026-02-19 11:55:23,144 - ERROR - No coordination environment symbols available for mp-555 and index 0.
2026-02-19 11:55:23,145 - ERROR - No coordination environment symbols available for mp-555 and index 8.
2026-02-19 11:55:23,160 - INFO - mp-555, 12, O:6, 1.000, 6.600
2026-02-19 11:55:23,168 - WARNING - /home/esrf/retegan/.conda/envs/xasml/lib/python3.12/site-packages/pymatgen/io/cif.py:1304: UserWarning: Issues encountered while parsing CIF: 2 fractional coordinates rounded to ideal values to avoid issues with finite precision.
  warnings.warn("Issues encountered while parsing CIF: " + "\n".join(self.warnings))

2026-02-19 11:55:23,214 - INFO - mp-760, 0, O:6, 1.000, 0.356
2026-02-19 11:55:23,603 - ERROR - No coordination environment symbols available for mp-654 and index 6.
2026-02-19 11:55:23,603 - ERROR - No coordination environment symbols available for mp-654 and index 24.
2026-02-19 11:55:23,603 - ERROR - No coordination environment symbols available for mp-654 and index 42.
2026-02-19 11:55:23,618 - INFO - mp-778, 0, T:4, 1.000, 0.894
2026-02-19 11:55:23,619 - INFO - mp-654, 51, T:6, 1.000, 6.602
2026-02-19 11:55:23,619 - ERROR - No coordination environment symbols available for mp-778 and index 3.
2026-02-19 11:55:23,657 - ERROR - No coordination environment symbols available for mp-871 and index 0.
2026-02-19 11:55:23,793 - INFO - mp-1005, 0, O:6, 1.000, 2.053
2026-02-19 11:55:23,931 - ERROR - No coordination environment symbols available for mp-1159 and index 8.
2026-02-19 11:55:23,932 - INFO - mp-1090, 0, O:6, 1.000, 0.902
2026-02-19 11:55:24,176 - ERROR - No coordination environment symbols available for mp-843 and index 6.
2026-02-19 11:55:24,176 - ERROR - No coordination environment symbols available for mp-843 and index 24.
2026-02-19 11:55:24,176 - ERROR - No coordination environment symbols available for mp-843 and index 42.
2026-02-19 11:55:24,176 - ERROR - No coordination environment symbols available for mp-843 and index 51.
2026-02-19 11:55:24,363 - ERROR - No coordination environment symbols available for mp-1246 and index 0.
2026-02-19 11:55:24,404 - ERROR - No coordination environment symbols available for mp-1335 and index 1.
2026-02-19 11:55:24,501 - ERROR - No coordination environment symbols available for mp-1207 and index 8.
2026-02-19 11:55:24,537 - ERROR - No coordination environment symbols available for mp-1418 and index 0.
2026-02-19 11:55:24,549 - ERROR - No coordination environment symbols available for mp-880 and index 6.
2026-02-19 11:55:24,550 - ERROR - No coordination environment symbols available for mp-880 and index 24.
2026-02-19 11:55:24,550 - ERROR - No coordination environment symbols available for mp-880 and index 42.
2026-02-19 11:55:24,550 - ERROR - No coordination environment symbols available for mp-880 and index 51.
2026-02-19 11:55:26,020 - INFO - mp-1522, 0, O:6, 1.000, 0.332
2026-02-19 11:55:26,042 - ERROR - No coordination environment symbols available for mp-1649 and index 0.
2026-02-19 11:55:26,096 - ERROR - No coordination environment symbols available for mp-1566 and index 1.
2026-02-19 11:55:26,111 - INFO - mp-1566, 4, T:6, 1.000, 4.109
2026-02-19 11:55:26,218 - ERROR - No coordination environment symbols available for mp-1570 and index 8.
2026-02-19 11:55:26,236 - WARNING - /home/esrf/retegan/.conda/envs/xasml/lib/python3.12/site-packages/pymatgen/io/cif.py:1304: UserWarning: Issues encountered while parsing CIF: 4 fractional coordinates rounded to ideal values to avoid issues with finite precision.
  warnings.warn("Issues encountered while parsing CIF: " + "\n".join(self.warnings))

2026-02-19 11:55:26,254 - ERROR - No coordination environment symbols available for mp-1473 and index 0.
2026-02-19 11:55:26,254 - ERROR - No coordination environment symbols available for mp-1473 and index 18.
2026-02-19 11:55:26,303 - ERROR - No coordination environment symbols available for mp-1426 and index 6.
2026-02-19 11:55:26,303 - ERROR - No coordination environment symbols available for mp-1426 and index 24.
2026-02-19 11:55:26,303 - ERROR - No coordination environment symbols available for mp-1426 and index 42.
2026-02-19 11:55:26,303 - ERROR - No coordination environment symbols available for mp-1426 and index 51.
2026-02-19 11:55:26,765 - ERROR - No coordination environment symbols available for mp-1510 and index 6.
2026-02-19 11:55:26,765 - ERROR - No coordination environment symbols available for mp-1510 and index 24.
2026-02-19 11:55:26,765 - ERROR - No coordination environment symbols available for mp-1510 and index 42.
2026-02-19 11:55:26,765 - ERROR - No coordination environment symbols available for mp-1510 and index 51.
2026-02-19 11:55:26,932 - ERROR - No coordination environment symbols available for mp-1718 and index 8.
2026-02-19 11:55:27,118 - ERROR - No coordination environment symbols available for mp-1714 and index 0.
2026-02-19 11:55:27,118 - ERROR - No coordination environment symbols available for mp-1714 and index 8.
2026-02-19 11:55:27,140 - ERROR - No coordination environment symbols available for mp-1729 and index 8.
2026-02-19 11:55:27,188 - ERROR - No coordination environment symbols available for mp-1757 and index 8.
2026-02-19 11:55:27,547 - INFO - mp-1804, 0, O:6, 1.000, 6.208
2026-02-19 11:55:27,685 - INFO - mp-1871, 0, T:4, 1.000, 2.750
2026-02-19 11:55:28,599 - ERROR - No coordination environment symbols available for mp-1722 and index 26.
2026-02-19 11:55:28,731 - ERROR - No coordination environment symbols available for mp-1724 and index 4.
2026-02-19 11:55:28,731 - ERROR - No coordination environment symbols available for mp-1724 and index 16.
2026-02-19 11:55:28,731 - ERROR - No coordination environment symbols available for mp-1724 and index 28.
2026-02-19 11:55:28,741 - ERROR - No coordination environment symbols available for mp-1918 and index 0.
2026-02-19 11:55:28,746 - WARNING - /home/esrf/retegan/.conda/envs/xasml/lib/python3.12/site-packages/pymatgen/io/cif.py:1304: UserWarning: Issues encountered while parsing CIF: 2 fractional coordinates rounded to ideal values to avoid issues with finite precision.
  warnings.warn("Issues encountered while parsing CIF: " + "\n".join(self.warnings))

2026-02-19 11:55:28,755 - INFO - mp-1724, 34, T:4, 1.000, 0.121
2026-02-19 11:55:28,793 - INFO - mp-1915, 0, S:5, 1.000, 7.716
2026-02-19 11:55:28,966 - ERROR - No coordination environment symbols available for mp-1926 and index 8.
2026-02-19 11:55:29,210 - INFO - mp-2008, 0, O:6, 1.000, 1.171
2026-02-19 11:55:29,342 - ERROR - No coordination environment symbols available for mp-2090 and index 0.
2026-02-19 11:55:29,497 - INFO - mp-2099, 0, O:6, 1.000, 0.019
2026-02-19 11:55:29,543 - ERROR - No coordination environment symbols available for mp-2018 and index 4.
2026-02-19 11:55:29,543 - ERROR - No coordination environment symbols available for mp-2018 and index 12.
2026-02-19 11:55:29,551 - WARNING - /home/esrf/retegan/.conda/envs/xasml/lib/python3.12/site-packages/pymatgen/io/cif.py:1304: UserWarning: Issues encountered while parsing CIF: 2 fractional coordinates rounded to ideal values to avoid issues with finite precision.
  warnings.warn("Issues encountered while parsing CIF: " + "\n".join(self.warnings))

2026-02-19 11:55:29,698 - ERROR - No coordination environment symbols available for mp-2213 and index 0.
2026-02-19 11:55:29,825 - ERROR - No coordination environment symbols available for mp-2199 and index 0.
2026-02-19 11:55:29,825 - ERROR - No coordination environment symbols available for mp-2199 and index 8.
2026-02-19 11:55:30,051 - ERROR - No coordination environment symbols available for mp-2260 and index 0.
2026-02-19 11:55:30,183 - ERROR - No coordination environment symbols available for mp-2225 and index 8.
2026-02-19 11:55:30,380 - ERROR - No coordination environment symbols available for mp-2373 and index 8.
2026-02-19 11:55:30,425 - ERROR - No coordination environment symbols available for mp-2454 and index 4.
2026-02-19 11:55:30,426 - ERROR - No coordination environment symbols available for mp-2454 and index 10.
2026-02-19 11:55:30,586 - ERROR - No coordination environment symbols available for mp-2463 and index 8.
2026-02-19 11:55:30,724 - INFO - mp-2162, 24, T:4, 1.000, 0.016
2026-02-19 11:55:30,737 - ERROR - No coordination environment symbols available for mp-2162 and index 56.
2026-02-19 11:55:30,737 - ERROR - No coordination environment symbols available for mp-2162 and index 88.
2026-02-19 11:55:30,737 - ERROR - No coordination environment symbols available for mp-2162 and index 112.
2026-02-19 11:55:30,742 - ERROR - No coordination environment symbols available for mp-2570 and index 8.
2026-02-19 11:55:30,749 - WARNING - /home/esrf/retegan/.conda/envs/xasml/lib/python3.12/site-packages/pymatgen/io/cif.py:1304: UserWarning: Issues encountered while parsing CIF: 1 fractional coordinates rounded to ideal values to avoid issues with finite precision.
  warnings.warn("Issues encountered while parsing CIF: " + "\n".join(self.warnings))

2026-02-19 11:55:31,811 - ERROR - No coordination environment symbols available for mp-2619 and index 0.
2026-02-19 11:55:32,027 - ERROR - No coordination environment symbols available for mp-2658 and index 1.
2026-02-19 11:55:32,105 - ERROR - No coordination environment symbols available for mp-2689 and index 1.
2026-02-19 11:55:32,120 - INFO - mp-2689, 4, T:6, 1.000, 5.315
2026-02-19 11:55:32,325 - ERROR - No coordination environment symbols available for mp-2584 and index 9.
2026-02-19 11:55:32,325 - ERROR - No coordination environment symbols available for mp-2584 and index 27.
2026-02-19 11:55:32,341 - INFO - mp-2584, 33, T:6, 1.000, 4.159
2026-02-19 11:55:32,592 - INFO - mp-1456, 0, T:4, 1.000, 0.137
2026-02-19 11:55:32,634 - INFO - mp-1456, 8, T:4, 1.000, 0.139
2026-02-19 11:55:32,675 - INFO - mp-1456, 16, T:4, 1.000, 0.142
2026-02-19 11:55:32,716 - INFO - mp-1456, 24, O:6, 1.000, 0.529
2026-02-19 11:55:32,749 - INFO - mp-2754, 64, T:6, 1.000, 2.829
2026-02-19 11:55:32,757 - INFO - mp-1456, 32, O:6, 1.000, 0.584
2026-02-19 11:55:32,798 - INFO - mp-1456, 40, O:6, 1.000, 0.909
2026-02-19 11:55:32,839 - INFO - mp-1456, 48, O:6, 1.000, 0.600
2026-02-19 11:55:32,880 - INFO - mp-1456, 56, O:6, 1.000, 0.698
2026-02-19 11:55:32,905 - INFO - mp-2780, 0, O:6, 1.000, 0.641
2026-02-19 11:55:32,921 - INFO - mp-1456, 60, O:6, 1.000, 0.168
2026-02-19 11:55:32,922 - INFO - mp-2780, 4, O:6, 1.000, 0.641
2026-02-19 11:55:32,947 - ERROR - No coordination environment symbols available for mp-2812 and index 1.
2026-02-19 11:55:32,962 - INFO - mp-2812, 4, T:6, 1.000, 4.422
2026-02-19 11:55:33,071 - ERROR - No coordination environment symbols available for mp-2831 and index 0.
2026-02-19 11:55:33,236 - ERROR - No coordination environment symbols available for mp-2794 and index 0.
2026-02-19 11:55:33,251 - INFO - mp-2794, 8, O:6, 0.993, 5.420
2026-02-19 11:55:33,255 - ERROR - No coordination environment symbols available for mp-2794 and index 16.
2026-02-19 11:55:33,267 - WARNING - /home/esrf/retegan/.conda/envs/xasml/lib/python3.12/site-packages/pymatgen/io/cif.py:1304: UserWarning: Issues encountered while parsing CIF: 4 fractional coordinates rounded to ideal values to avoid issues with finite precision.
  warnings.warn("Issues encountered while parsing CIF: " + "\n".join(self.warnings))

2026-02-19 11:55:33,535 - INFO - mp-2759, 24, T:4, 1.000, 0.010
2026-02-19 11:55:33,548 - ERROR - No coordination environment symbols available for mp-2759 and index 56.
2026-02-19 11:55:33,548 - ERROR - No coordination environment symbols available for mp-2759 and index 88.
2026-02-19 11:55:33,548 - ERROR - No coordination environment symbols available for mp-2759 and index 112.
2026-02-19 11:55:33,769 - INFO - mp-2928, 0, O:6, 1.000, 0.983
2026-02-19 11:55:33,917 - ERROR - No coordination environment symbols available for mp-3021 and index 2.
2026-02-19 11:55:34,530 - INFO - mp-3065, 2, T:4, 1.000, 0.113
2026-02-19 11:55:34,802 - INFO - mp-2938, 2, T:4, 1.000, 0.325
2026-02-19 11:55:34,972 - INFO - mp-3035, 2, T:4, 1.000, 1.706
2026-02-19 11:55:35,484 - INFO - mp-3045, 2, S:4, 1.000, 1.105
2026-02-19 11:55:35,500 - INFO - mp-3045, 8, T:6, 1.000, 5.123
2026-02-19 11:55:35,830 - INFO - mp-3190, 2, T:4, 1.000, 0.075
2026-02-19 11:55:35,889 - INFO - mp-3155, 6, S:4, 1.000, 0.002
2026-02-19 11:55:36,026 - INFO - mp-3275, 4, T:4, 1.000, 2.441
2026-02-19 11:55:36,064 - INFO - mp-2995, 8, T:5, 1.000, 0.783
2026-02-19 11:55:36,088 - INFO - mp-2995, 12, T:5, 1.000, 0.783
2026-02-19 11:55:36,406 - INFO - mp-3191, 2, T:4, 1.000, 0.372
2026-02-19 11:55:36,479 - INFO - mp-3299, 2, T:4, 1.000, 1.044
2026-02-19 11:55:36,867 - INFO - mp-3489, 2, T:4, 1.000, 1.928
2026-02-19 11:55:36,990 - ERROR - No coordination environment symbols available for mp-3464 and index 0.
2026-02-19 11:55:37,118 - INFO - mp-3501, 2, T:4, 1.000, 2.488
2026-02-19 11:55:37,649 - ERROR - No coordination environment symbols available for mp-3546 and index 18.
2026-02-19 11:55:37,963 - INFO - mp-3497, 0, T:4, 1.000, 0.003
2026-02-19 11:55:38,909 - INFO - mp-3618, 8, T:4, 0.898, 1.058
2026-02-19 11:55:39,046 - ERROR - No coordination environment symbols available for mp-3702 and index 0.
2026-02-19 11:55:39,066 - ERROR - No coordination environment symbols available for mp-3633 and index 18.
2026-02-19 11:55:39,082 - WARNING - /home/esrf/retegan/.conda/envs/xasml/lib/python3.12/site-packages/pymatgen/io/cif.py:1304: UserWarning: Issues encountered while parsing CIF: 8 fractional coordinates rounded to ideal values to avoid issues with finite precision.
  warnings.warn("Issues encountered while parsing CIF: " + "\n".join(self.warnings))

2026-02-19 11:55:39,816 - ERROR - No coordination environment symbols available for mp-3701 and index 18.
2026-02-19 11:55:39,835 - WARNING - /home/esrf/retegan/Code/xasml/src/xasml/datasets/fdmnes/io.py:30: RuntimeWarning: divide by zero encountered in divide
  a = np.pi * gamma_max * (f - 1 / f**2) / (3 * x_larg)

2026-02-19 11:55:39,850 - INFO - mp-3652, 18, T:6, 1.000, 0.398
2026-02-19 11:55:39,885 - INFO - mp-2779, 0, O:6, 1.000, 0.777
2026-02-19 11:55:39,890 - ERROR - No coordination environment symbols available for mp-3708 and index 2.
2026-02-19 11:55:39,903 - INFO - mp-2779, 1, O:6, 1.000, 0.784
2026-02-19 11:55:39,921 - INFO - mp-2779, 2, O:6, 1.000, 0.776
2026-02-19 11:55:39,939 - INFO - mp-2779, 3, O:6, 1.000, 0.785
2026-02-19 11:55:39,958 - INFO - mp-2779, 4, O:6, 1.000, 0.780
2026-02-19 11:55:39,976 - INFO - mp-2779, 5, O:6, 1.000, 0.783
2026-02-19 11:55:39,994 - INFO - mp-2779, 6, O:6, 1.000, 0.781
2026-02-19 11:55:40,012 - INFO - mp-2779, 7, O:6, 1.000, 0.781
2026-02-19 11:55:40,031 - INFO - mp-2779, 8, O:6, 1.000, 0.776
2026-02-19 11:55:40,049 - INFO - mp-2779, 9, O:6, 1.000, 0.784
2026-02-19 11:55:40,068 - INFO - mp-2779, 10, O:6, 1.000, 0.783
2026-02-19 11:55:40,086 - INFO - mp-2779, 11, O:6, 1.000, 0.777
2026-02-19 11:55:40,294 - INFO - mp-3787, 4, T:4, 1.000, 0.163
2026-02-19 11:55:40,827 - INFO - mp-3805, 2, S:4, 1.000, 1.963
2026-02-19 11:55:40,875 - ERROR - No coordination environment symbols available for mp-3680 and index 8.
2026-02-19 11:55:40,875 - ERROR - No coordination environment symbols available for mp-3680 and index 24.
2026-02-19 11:55:40,891 - INFO - mp-3680, 40, T:4, 1.000, 6.684
2026-02-19 11:55:40,899 - ERROR - No coordination environment symbols available for mp-3680 and index 48.
2026-02-19 11:55:40,916 - INFO - mp-3680, 56, S:4, 1.000, 2.878
2026-02-19 11:55:40,924 - ERROR - No coordination environment symbols available for mp-3680 and index 60.
2026-02-19 11:55:41,766 - INFO - mp-3827, 4, T:4, 1.000, 0.319
2026-02-19 11:55:41,844 - INFO - mp-3282, 36, T:4, 1.000, 0.915
2026-02-19 11:55:41,889 - INFO - mp-3282, 54, O:6, 1.000, 0.473
2026-02-19 11:55:41,933 - INFO - mp-3282, 72, O:6, 1.000, 0.703
2026-02-19 11:55:41,976 - INFO - mp-3282, 81, T:4, 1.000, 0.915
2026-02-19 11:55:42,019 - INFO - mp-3282, 90, O:6, 1.000, 0.648
2026-02-19 11:55:42,061 - INFO - mp-3282, 93, O:6, 1.000, 0.703
2026-02-19 11:55:42,103 - INFO - mp-3849, 4, T:4, 1.000, 0.064
2026-02-19 11:55:42,780 - ERROR - No coordination environment symbols available for mp-3890 and index 12.
2026-02-19 11:55:42,780 - ERROR - No coordination environment symbols available for mp-3890 and index 30.
2026-02-19 11:55:42,780 - ERROR - No coordination environment symbols available for mp-3890 and index 48.
2026-02-19 11:55:42,872 - INFO - mp-4088, 2, T:4, 1.000, 2.328
2026-02-19 11:55:43,013 - INFO - mp-4189, 6, T:6, 1.000, 1.148
2026-02-19 11:55:43,030 - ERROR - No coordination environment symbols available for mp-3868 and index 24.
2026-02-19 11:55:43,030 - ERROR - No coordination environment symbols available for mp-3868 and index 40.
2026-02-19 11:55:43,030 - ERROR - No coordination environment symbols available for mp-3868 and index 56.
2026-02-19 11:55:43,030 - ERROR - No coordination environment symbols available for mp-3868 and index 72.
2026-02-19 11:55:43,037 - WARNING - /home/esrf/retegan/.conda/envs/xasml/lib/python3.12/site-packages/pymatgen/io/cif.py:1304: UserWarning: Issues encountered while parsing CIF: 2 fractional coordinates rounded to ideal values to avoid issues with finite precision.
  warnings.warn("Issues encountered while parsing CIF: " + "\n".join(self.warnings))

2026-02-19 11:55:43,039 - INFO - mp-3742, 2, O:6, 1.000, 0.268
2026-02-19 11:55:43,062 - INFO - mp-3742, 14, O:6, 1.000, 0.507
2026-02-19 11:55:43,084 - INFO - mp-3742, 18, T:4, 1.000, 0.028
2026-02-19 11:55:43,107 - INFO - mp-3742, 22, O:6, 1.000, 0.147
2026-02-19 11:55:43,132 - INFO - mp-3742, 24, T:5, 1.000, 0.782
2026-02-19 11:55:44,130 - INFO - mp-4238, 3, T:4, 1.000, 1.662
2026-02-19 11:55:44,221 - INFO - mp-4196, 4, T:4, 1.000, 2.316
2026-02-19 11:55:44,264 - INFO - mp-4416, 6, T:6, 1.000, 1.143
2026-02-19 11:55:44,557 - ERROR - No coordination environment symbols available for mp-4023 and index 8.
2026-02-19 11:55:44,557 - ERROR - No coordination environment symbols available for mp-4023 and index 24.
2026-02-19 11:55:44,578 - INFO - mp-4023, 40, T:4, 1.000, 6.709
2026-02-19 11:55:44,587 - ERROR - No coordination environment symbols available for mp-4023 and index 48.
2026-02-19 11:55:44,609 - INFO - mp-4023, 56, S:4, 1.000, 2.856
2026-02-19 11:55:44,618 - ERROR - No coordination environment symbols available for mp-4023 and index 60.
2026-02-19 11:55:45,555 - INFO - mp-4193, 18, T:5, 0.833, 4.872
2026-02-19 11:55:45,577 - INFO - mp-4193, 34, T:5, 0.833, 4.872
2026-02-19 11:55:45,899 - INFO - mp-4383, 6, T:5, 1.000, 5.853
2026-02-19 11:55:45,924 - INFO - mp-4383, 24, T:5, 1.000, 5.853
2026-02-19 11:55:45,948 - INFO - mp-4383, 42, T:5, 1.000, 5.853
2026-02-19 11:55:45,972 - INFO - mp-4383, 51, S:5, 1.000, 6.996
2026-02-19 11:55:46,067 - INFO - mp-4488, 2, T:4, 1.000, 0.554
2026-02-19 11:55:46,317 - ERROR - No coordination environment symbols available for mp-4585 and index 24.
2026-02-19 11:55:46,317 - ERROR - No coordination environment symbols available for mp-4585 and index 40.
2026-02-19 11:55:46,317 - ERROR - No coordination environment symbols available for mp-4585 and index 56.
2026-02-19 11:55:46,317 - ERROR - No coordination environment symbols available for mp-4585 and index 72.
2026-02-19 11:55:46,433 - ERROR - No coordination environment symbols available for mp-4595 and index 4.
2026-02-19 11:55:46,485 - ERROR - No coordination environment symbols available for mp-4214 and index 8.
2026-02-19 11:55:46,485 - ERROR - No coordination environment symbols available for mp-4214 and index 24.
2026-02-19 11:55:46,501 - INFO - mp-4214, 40, T:4, 1.000, 6.647
2026-02-19 11:55:46,509 - ERROR - No coordination environment symbols available for mp-4214 and index 48.
2026-02-19 11:55:46,525 - INFO - mp-4214, 56, S:4, 1.000, 2.914
2026-02-19 11:55:46,533 - ERROR - No coordination environment symbols available for mp-4214 and index 60.
2026-02-19 11:55:46,894 - ERROR - No coordination environment symbols available for mp-4606 and index 18.
2026-02-19 11:55:47,084 - INFO - mp-4660, 2, T:4, 1.000, 0.153
2026-02-19 11:55:47,579 - ERROR - No coordination environment symbols available for mp-4689 and index 28.
2026-02-19 11:55:47,617 - ERROR - No coordination environment symbols available for mp-4459 and index 8.
2026-02-19 11:55:47,617 - ERROR - No coordination environment symbols available for mp-4459 and index 24.
2026-02-19 11:55:47,634 - INFO - mp-4459, 40, T:4, 1.000, 6.839
2026-02-19 11:55:47,642 - ERROR - No coordination environment symbols available for mp-4459 and index 48.
2026-02-19 11:55:47,659 - INFO - mp-4459, 56, S:4, 1.000, 2.770
2026-02-19 11:55:47,667 - ERROR - No coordination environment symbols available for mp-4459 and index 60.
2026-02-19 11:55:47,795 - ERROR - No coordination environment symbols available for mp-4656 and index 18.
2026-02-19 11:55:47,959 - INFO - mp-4883, 2, T:4, 1.000, 0.995
2026-02-19 11:55:48,160 - INFO - mp-4704, 24, T:4, 1.000, 0.975
2026-02-19 11:55:48,194 - INFO - mp-4704, 48, T:4, 1.000, 0.975
2026-02-19 11:55:48,560 - ERROR - No coordination environment symbols available for mp-4703 and index 18.
2026-02-19 11:55:48,969 - INFO - mp-4755, 12, T:4, 1.000, 1.079
2026-02-19 11:55:49,070 - INFO - mp-5090, 4, O:6, 1.000, 0.042
2026-02-19 11:55:49,072 - INFO - mp-4939, 2, T:4, 1.000, 0.394
2026-02-19 11:55:49,182 - ERROR - No coordination environment symbols available for mp-5091 and index 18.
2026-02-19 11:55:49,672 - INFO - mp-5058, 0, T:4, 1.000, 0.005
2026-02-19 11:55:50,078 - INFO - mp-5372, 4, T:4, 1.000, 0.371
2026-02-19 11:55:50,498 - INFO - mp-5288, 2, T:4, 1.000, 1.476
2026-02-19 11:55:50,792 - INFO - mp-5451, 2, T:4, 1.000, 0.129
2026-02-19 11:55:50,874 - INFO - mp-5125, 12, T:4, 0.640, 0.022
2026-02-19 11:55:51,023 - INFO - mp-5399, 2, T:4, 1.000, 1.477
2026-02-19 11:55:51,412 - ERROR - No coordination environment symbols available for mp-5436 and index 0.
2026-02-19 11:55:51,710 - INFO - mp-5597, 2, T:4, 1.000, 1.108
2026-02-19 11:55:52,183 - INFO - mp-5688, 2, T:4, 1.000, 0.346
2026-02-19 11:55:52,287 - ERROR - No coordination environment symbols available for mp-5529 and index 4.
2026-02-19 11:55:52,723 - ERROR - No coordination environment symbols available for mp-5182 and index 8.
2026-02-19 11:55:52,724 - ERROR - No coordination environment symbols available for mp-5182 and index 24.
2026-02-19 11:55:52,741 - INFO - mp-5182, 40, T:4, 1.000, 6.802
2026-02-19 11:55:52,743 - INFO - mp-5749, 4, O:6, 1.000, 0.048
2026-02-19 11:55:52,749 - ERROR - No coordination environment symbols available for mp-5182 and index 48.
2026-02-19 11:55:52,766 - INFO - mp-5182, 56, S:4, 1.000, 2.781
2026-02-19 11:55:52,774 - ERROR - No coordination environment symbols available for mp-5182 and index 60.
2026-02-19 11:55:52,884 - INFO - mp-5627, 2, T:4, 1.000, 2.044
2026-02-19 11:55:52,886 - ERROR - No coordination environment symbols available for mp-5434 and index 8.
2026-02-19 11:55:52,886 - ERROR - No coordination environment symbols available for mp-5434 and index 24.
2026-02-19 11:55:52,903 - INFO - mp-5434, 40, T:4, 1.000, 6.721
2026-02-19 11:55:52,911 - ERROR - No coordination environment symbols available for mp-5434 and index 48.
2026-02-19 11:55:52,911 - ERROR - No coordination environment symbols available for mp-5434 and index 56.
2026-02-19 11:55:52,911 - ERROR - No coordination environment symbols available for mp-5434 and index 60.
2026-02-19 11:55:53,480 - ERROR - No coordination environment symbols available for mp-5778 and index 8.
2026-02-19 11:55:53,900 - INFO - mp-5662, 6, T:5, 1.000, 5.766
2026-02-19 11:55:53,929 - INFO - mp-5662, 24, T:5, 1.000, 5.766
2026-02-19 11:55:53,958 - INFO - mp-5662, 42, T:5, 1.000, 5.766
2026-02-19 11:55:53,988 - INFO - mp-5662, 51, S:5, 1.000, 6.816
2026-02-19 11:55:54,754 - ERROR - No coordination environment symbols available for mp-6172 and index 16.
2026-02-19 11:55:54,969 - INFO - mp-5932, 24, T:5, 1.000, 7.809
2026-02-19 11:55:54,978 - ERROR - No coordination environment symbols available for mp-5932 and index 40.
2026-02-19 11:55:54,994 - INFO - mp-5932, 56, T:5, 1.000, 7.809
2026-02-19 11:55:55,003 - ERROR - No coordination environment symbols available for mp-5932 and index 72.
2026-02-19 11:55:55,415 - ERROR - No coordination environment symbols available for mp-5759 and index 8.
2026-02-19 11:55:55,415 - ERROR - No coordination environment symbols available for mp-5759 and index 24.
2026-02-19 11:55:55,431 - INFO - mp-5759, 40, T:4, 1.000, 6.723
2026-02-19 11:55:55,439 - ERROR - No coordination environment symbols available for mp-5759 and index 48.
2026-02-19 11:55:55,441 - WARNING - /home/esrf/retegan/Code/xasml/src/xasml/datasets/fdmnes/io.py:30: RuntimeWarning: divide by zero encountered in divide
  a = np.pi * gamma_max * (f - 1 / f**2) / (3 * x_larg)

2026-02-19 11:55:55,456 - INFO - mp-5759, 56, S:4, 1.000, 2.846
2026-02-19 11:55:55,464 - ERROR - No coordination environment symbols available for mp-5759 and index 60.
2026-02-19 11:55:55,646 - INFO - mp-6239, 24, O:6, 1.000, 0.018
2026-02-19 11:55:56,001 - ERROR - No coordination environment symbols available for mp-5861 and index 8.
2026-02-19 11:55:56,001 - ERROR - No coordination environment symbols available for mp-5861 and index 24.
2026-02-19 11:55:56,019 - INFO - mp-5861, 40, T:4, 1.000, 6.669
2026-02-19 11:55:56,028 - ERROR - No coordination environment symbols available for mp-5861 and index 48.
2026-02-19 11:55:56,044 - INFO - mp-5861, 56, S:4, 1.000, 2.893
2026-02-19 11:55:56,052 - ERROR - No coordination environment symbols available for mp-5861 and index 60.
2026-02-19 11:55:56,200 - INFO - mp-5864, 0, O:6, 1.000, 0.378
2026-02-19 11:55:56,218 - INFO - mp-5864, 2, O:6, 1.000, 0.375
2026-02-19 11:55:56,287 - INFO - mp-6247, 48, O:6, 1.000, 0.137
2026-02-19 11:55:57,039 - INFO - mp-6638, 4, T:4, 0.760, 1.188
2026-02-19 11:55:57,488 - INFO - mp-6551, 24, O:6, 1.000, 0.113
2026-02-19 11:55:57,777 - INFO - mp-6624, 4, T:4, 0.846, 1.014
2026-02-19 11:55:57,991 - ERROR - No coordination environment symbols available for mp-6670 and index 16.
2026-02-19 11:55:58,919 - INFO - mp-6685, 16, T:4, 1.000, 0.000
2026-02-19 11:55:58,957 - INFO - mp-6672, 24, O:6, 1.000, 0.013
2026-02-19 11:55:59,399 - ERROR - No coordination environment symbols available for mp-6563 and index 40.
2026-02-19 11:55:59,399 - ERROR - No coordination environment symbols available for mp-6563 and index 48.
2026-02-19 11:55:59,725 - INFO - mp-6744, 4, O:6, 1.000, 0.552
2026-02-19 11:55:59,914 - INFO - mp-6988, 0, T:4, 1.000, 0.000
2026-02-19 11:56:00,036 - INFO - mp-6957, 2, T:4, 1.000, 0.945
2026-02-19 11:56:00,046 - INFO - mp-6956, 2, T:4, 1.000, 0.960
2026-02-19 11:56:01,290 - ERROR - No coordination environment symbols available for mp-7062 and index 12.
2026-02-19 11:56:01,694 - INFO - mp-6373, 12, O:6, 1.000, 0.736
2026-02-19 11:56:01,719 - INFO - mp-6373, 16, O:6, 1.000, 0.900
2026-02-19 11:56:02,017 - INFO - mp-7085, 8, T:4, 1.000, 4.667
2026-02-19 11:56:02,095 - INFO - mp-7086, 4, T:4, 1.000, 0.084
2026-02-19 11:56:02,192 - INFO - mp-7096, 0, O:6, 1.000, 0.106
2026-02-19 11:56:02,212 - INFO - mp-7096, 6, O:6, 1.000, 0.106
2026-02-19 11:56:02,900 - INFO - mp-7331, 12, O:6, 1.000, 0.000
2026-02-19 11:56:03,162 - INFO - mp-6834, 8, O:6, 1.000, 0.188
2026-02-19 11:56:03,191 - INFO - mp-6834, 12, O:6, 1.000, 0.128
2026-02-19 11:56:03,231 - INFO - mp-7600, 2, T:4, 1.000, 1.841
2026-02-19 11:56:03,355 - ERROR - No coordination environment symbols available for mp-8306 and index 6.
2026-02-19 11:56:03,355 - ERROR - No coordination environment symbols available for mp-8306 and index 7.
2026-02-19 11:56:03,684 - ERROR - No coordination environment symbols available for mp-8793 and index 15.
2026-02-19 11:56:03,717 - WARNING - /home/esrf/retegan/.conda/envs/xasml/lib/python3.12/site-packages/pymatgen/io/cif.py:1304: UserWarning: Issues encountered while parsing CIF: 4 fractional coordinates rounded to ideal values to avoid issues with finite precision.
  warnings.warn("Issues encountered while parsing CIF: " + "\n".join(self.warnings))

2026-02-19 11:56:03,786 - ERROR - No coordination environment symbols available for mp-8848 and index 2.
2026-02-19 11:56:03,855 - INFO - mp-8648, 12, T:4, 0.994, 1.546
2026-02-19 11:56:03,875 - INFO - mp-8648, 20, T:4, 0.994, 1.546
2026-02-19 11:56:04,169 - INFO - mp-6838, 24, O:6, 1.000, 0.163
2026-02-19 11:56:04,462 - ERROR - mp-8923, maximum energy too large
2026-02-19 11:56:05,661 - INFO - mp-9211, 4, T:4, 0.876, 0.958
2026-02-19 11:56:05,728 - INFO - mp-9442, 12, T:4, 1.000, 1.414
2026-02-19 11:56:05,733 - ERROR - mp-8924, maximum energy too large
2026-02-19 11:56:05,901 - ERROR - No coordination environment symbols available for mp-9437 and index 4.
2026-02-19 11:56:06,198 - INFO - mp-9266, 12, T:4, 1.000, 0.012
2026-02-19 11:56:06,216 - INFO - mp-9381, 6, T:6, 1.000, 0.265
2026-02-19 11:56:06,613 - INFO - mp-9198, 0, O:6, 1.000, 0.250
2026-02-19 11:56:07,018 - INFO - mp-9884, 4, T:4, 1.000, 0.062
2026-02-19 11:56:07,194 - INFO - mp-9549, 3, T:4, 1.000, 0.861
2026-02-19 11:56:07,239 - INFO - mp-9810, 4, T:4, 1.000, 0.035
2026-02-19 11:56:07,638 - INFO - mp-9537, 24, T:5, 1.000, 7.930
2026-02-19 11:56:07,660 - ERROR - No coordination environment symbols available for mp-9537 and index 40.
2026-02-19 11:56:07,691 - INFO - mp-9537, 56, T:5, 1.000, 7.930
2026-02-19 11:56:07,708 - ERROR - No coordination environment symbols available for mp-9537 and index 72.
2026-02-19 11:56:07,762 - WARNING - /home/esrf/retegan/.conda/envs/xasml/lib/python3.12/site-packages/pymatgen/io/cif.py:1304: UserWarning: Issues encountered while parsing CIF: 2 fractional coordinates rounded to ideal values to avoid issues with finite precision.
  warnings.warn("Issues encountered while parsing CIF: " + "\n".join(self.warnings))

2026-02-19 11:56:08,021 - INFO - mp-9619, 2, O:6, 1.000, 0.941
2026-02-19 11:56:08,637 - INFO - mp-9913, 0, S:5, 1.000, 5.364
2026-02-19 11:56:08,657 - INFO - mp-9913, 16, S:5, 1.000, 5.364
2026-02-19 11:56:08,692 - INFO - mp-9942, 4, O:6, 1.000, 0.037
2026-02-19 11:56:09,703 - INFO - mp-9977, 8, T:4, 1.000, 4.522
2026-02-19 11:56:09,881 - INFO - mp-10516, 6, T:6, 1.000, 0.680
2026-02-19 11:56:10,123 - ERROR - No coordination environment symbols available for mp-10596 and index 0.
2026-02-19 11:56:10,682 - INFO - mp-10754, 0, T:4, 1.000, 0.000
2026-02-19 11:56:10,852 - INFO - mp-10266, 1, O:6, 1.000, 2.288
2026-02-19 11:56:10,878 - INFO - mp-10445, 6, T:6, 1.000, 0.948
2026-02-19 11:56:10,902 - INFO - mp-10065, 1, S:4, 1.000, 0.043
2026-02-19 11:56:11,659 - ERROR - No coordination environment symbols available for mp-10761 and index 0.
2026-02-19 11:56:11,727 - ERROR - No coordination environment symbols available for mp-10755 and index 4.
2026-02-19 11:56:12,775 - INFO - mp-10188, 0, T:6, 1.000, 0.266
2026-02-19 11:56:12,809 - INFO - mp-10188, 3, T:6, 1.000, 0.266
2026-02-19 11:56:12,842 - INFO - mp-10188, 6, T:6, 1.000, 0.266
2026-02-19 11:56:13,103 - ERROR - No coordination environment symbols available for mp-11037 and index 18.
2026-02-19 11:56:13,373 - INFO - mp-10756, 4, T:4, 1.000, 0.000
2026-02-19 11:56:13,445 - INFO - mp-11038, 8, T:6, 1.000, 0.022
2026-02-19 11:56:13,530 - INFO - mp-10912, 12, T:4, 1.000, 1.739
2026-02-19 11:56:13,947 - ERROR - No coordination environment symbols available for mp-10884 and index 4.
2026-02-19 11:56:14,734 - ERROR - No coordination environment symbols available for mp-11317 and index 1.
2026-02-19 11:56:14,767 - INFO - mp-11317, 4, T:6, 1.000, 5.239
2026-02-19 11:56:14,925 - INFO - mp-11201, 6, T:6, 1.000, 1.342
2026-02-19 11:56:15,041 - INFO - mp-11202, 6, T:6, 1.000, 1.189
2026-02-19 11:56:15,493 - ERROR - No coordination environment symbols available for mp-11385 and index 1.
2026-02-19 11:56:15,522 - INFO - mp-11385, 4, T:6, 1.000, 4.285
2026-02-19 11:56:16,467 - INFO - mp-11203, 6, T:6, 1.000, 1.231
2026-02-19 11:56:16,822 - WARNING - /home/esrf/retegan/Code/xasml/src/xasml/datasets/fdmnes/io.py:30: RuntimeWarning: divide by zero encountered in divide
  a = np.pi * gamma_max * (f - 1 / f**2) / (3 * x_larg)

2026-02-19 11:56:16,851 - INFO - mp-11204, 6, T:6, 1.000, 1.186
2026-02-19 11:56:16,893 - ERROR - No coordination environment symbols available for mp-11798 and index 0.
2026-02-19 11:56:16,893 - ERROR - No coordination environment symbols available for mp-11798 and index 2.
2026-02-19 11:56:17,085 - INFO - mp-11705, 4, T:4, 0.854, 0.997
2026-02-19 11:56:17,090 - ERROR - No coordination environment symbols available for mp-11382 and index 1.
2026-02-19 11:56:17,127 - INFO - mp-11382, 4, T:6, 1.000, 3.920
2026-02-19 11:56:17,226 - ERROR - No coordination environment symbols available for mp-11383 and index 8.
2026-02-19 11:56:18,283 - ERROR - No coordination environment symbols available for mp-11438 and index 14.
2026-02-19 11:56:18,284 - ERROR - No coordination environment symbols available for mp-11438 and index 22.
2026-02-19 11:56:18,312 - INFO - mp-12061, 2, T:4, 1.000, 0.207
2026-02-19 11:56:18,473 - INFO - mp-12076, 2, T:4, 1.000, 0.127
2026-02-19 11:56:18,755 - INFO - mp-12075, 2, T:4, 1.000, 0.101
2026-02-19 11:56:19,044 - ERROR - No coordination environment symbols available for mp-12119 and index 2.
2026-02-19 11:56:19,189 - INFO - mp-12091, 2, T:4, 1.000, 0.535
2026-02-19 11:56:19,934 - INFO - mp-12120, 0, O:6, 1.000, 0.291
2026-02-19 11:56:20,878 - INFO - mp-12077, 2, T:4, 1.000, 2.015
2026-02-19 11:56:21,313 - INFO - mp-12776, 2, T:4, 1.000, 0.893
2026-02-19 11:56:21,837 - INFO - mp-12040, 40, T:4, 0.884, 0.023
2026-02-19 11:56:21,933 - INFO - mp-12466, 0, T:4, 1.000, 1.179
2026-02-19 11:56:22,841 - INFO - mp-13154, 0, O:6, 1.000, 6.186
2026-02-19 11:56:23,239 - WARNING - /home/esrf/retegan/Code/xasml/src/xasml/datasets/fdmnes/io.py:30: RuntimeWarning: divide by zero encountered in divide
  a = np.pi * gamma_max * (f - 1 / f**2) / (3 * x_larg)

2026-02-19 11:56:23,254 - INFO - mp-12962, 6, T:6, 1.000, 0.457
2026-02-19 11:56:23,471 - ERROR - No coordination environment symbols available for mp-13463 and index 0.
2026-02-19 11:56:23,629 - INFO - mp-12901, 6, T:6, 1.000, 1.106
2026-02-19 11:56:23,656 - INFO - mp-12838, 12, T:4, 0.815, 1.250
2026-02-19 11:56:24,225 - INFO - mp-12817, 168, O:6, 1.000, 7.645
2026-02-19 11:56:24,363 - INFO - mp-12837, 12, T:4, 0.799, 1.302
2026-02-19 11:56:26,693 - INFO - mp-13464, 2, O:6, 1.000, 0.361
2026-02-19 11:56:27,899 - INFO - mp-14306, 16, T:4, 1.000, 0.000
2026-02-19 11:56:28,255 - INFO - mp-14083, 8, O:6, 1.000, 0.000
2026-02-19 11:56:28,264 - INFO - mp-14139, 24, T:4, 1.000, 0.839
2026-02-19 11:56:28,317 - INFO - mp-14139, 48, T:4, 1.000, 0.839
2026-02-19 11:56:29,190 - ERROR - No coordination environment symbols available for mp-14127 and index 8.
2026-02-19 11:56:29,190 - ERROR - No coordination environment symbols available for mp-14127 and index 24.
2026-02-19 11:56:29,190 - ERROR - No coordination environment symbols available for mp-14127 and index 40.
2026-02-19 11:56:29,190 - ERROR - No coordination environment symbols available for mp-14127 and index 48.
2026-02-19 11:56:29,224 - INFO - mp-14127, 56, S:4, 1.000, 2.576
2026-02-19 11:56:29,253 - ERROR - No coordination environment symbols available for mp-14127 and index 60.
2026-02-19 11:56:29,345 - INFO - mp-13745, 40, T:4, 0.838, 0.090
2026-02-19 11:56:31,009 - ERROR - No coordination environment symbols available for mp-13412 and index 6.
2026-02-19 11:56:31,009 - ERROR - No coordination environment symbols available for mp-13412 and index 14.
2026-02-19 11:56:31,009 - ERROR - No coordination environment symbols available for mp-13412 and index 22.
2026-02-19 11:56:31,009 - ERROR - No coordination environment symbols available for mp-13412 and index 30.
2026-02-19 11:56:31,009 - ERROR - No coordination environment symbols available for mp-13412 and index 38.
2026-02-19 11:56:31,013 - ERROR - No coordination environment symbols available for mp-13412 and index 42.
2026-02-19 11:56:31,013 - ERROR - No coordination environment symbols available for mp-13412 and index 46.
2026-02-19 11:56:31,013 - ERROR - No coordination environment symbols available for mp-13412 and index 50.
2026-02-19 11:56:31,013 - ERROR - No coordination environment symbols available for mp-13412 and index 54.
2026-02-19 11:56:31,013 - ERROR - No coordination environment symbols available for mp-13412 and index 58.
2026-02-19 11:56:31,013 - ERROR - No coordination environment symbols available for mp-13412 and index 62.
2026-02-19 11:56:31,316 - ERROR - No coordination environment symbols available for mp-14542 and index 12.
2026-02-19 11:56:32,675 - ERROR - No coordination environment symbols available for mp-13494 and index 6.
2026-02-19 11:56:32,675 - ERROR - No coordination environment symbols available for mp-13494 and index 14.
2026-02-19 11:56:32,675 - ERROR - No coordination environment symbols available for mp-13494 and index 22.
2026-02-19 11:56:32,675 - ERROR - No coordination environment symbols available for mp-13494 and index 30.
2026-02-19 11:56:32,679 - ERROR - No coordination environment symbols available for mp-13494 and index 38.
2026-02-19 11:56:32,679 - ERROR - No coordination environment symbols available for mp-13494 and index 42.
2026-02-19 11:56:32,679 - ERROR - No coordination environment symbols available for mp-13494 and index 46.
2026-02-19 11:56:32,679 - ERROR - No coordination environment symbols available for mp-13494 and index 50.
2026-02-19 11:56:32,679 - ERROR - No coordination environment symbols available for mp-13494 and index 54.
2026-02-19 11:56:32,679 - ERROR - No coordination environment symbols available for mp-13494 and index 58.
2026-02-19 11:56:32,679 - ERROR - No coordination environment symbols available for mp-13494 and index 62.
2026-02-19 11:56:33,219 - INFO - mp-15026, 2, O:6, 1.000, 0.390
2026-02-19 11:56:34,151 - ERROR - No coordination environment symbols available for mp-14698 and index 8.
2026-02-19 11:56:34,151 - ERROR - No coordination environment symbols available for mp-14698 and index 24.
2026-02-19 11:56:34,167 - INFO - mp-14698, 40, T:4, 1.000, 6.696
2026-02-19 11:56:34,176 - ERROR - No coordination environment symbols available for mp-14698 and index 48.
2026-02-19 11:56:34,192 - INFO - mp-14698, 56, S:4, 1.000, 2.865
2026-02-19 11:56:34,201 - ERROR - No coordination environment symbols available for mp-14698 and index 60.
2026-02-19 11:56:34,202 - INFO - mp-14889, 36, T:4, 1.000, 2.812
2026-02-19 11:56:34,256 - INFO - mp-14889, 40, T:4, 1.000, 0.067
2026-02-19 11:56:34,470 - INFO - mp-14892, 36, T:4, 1.000, 2.755
2026-02-19 11:56:34,522 - INFO - mp-14892, 40, T:4, 1.000, 0.062
2026-02-19 11:56:34,693 - INFO - mp-14890, 36, T:4, 1.000, 3.103
2026-02-19 11:56:34,732 - INFO - mp-14890, 40, T:4, 1.000, 0.050
2026-02-19 11:56:35,576 - INFO - mp-14679, 28, T:4, 0.908, 0.027
2026-02-19 11:56:35,600 - INFO - mp-14679, 32, T:4, 1.000, 0.043
2026-02-19 11:56:35,648 - WARNING - /home/esrf/retegan/.conda/envs/xasml/lib/python3.12/site-packages/pymatgen/io/cif.py:1304: UserWarning: Issues encountered while parsing CIF: 4 fractional coordinates rounded to ideal values to avoid issues with finite precision.
  warnings.warn("Issues encountered while parsing CIF: " + "\n".join(self.warnings))

2026-02-19 11:56:36,429 - ERROR - No coordination environment symbols available for mp-15121 and index 4.
2026-02-19 11:56:36,578 - INFO - mp-15071, 12, T:4, 1.000, 0.014
2026-02-19 11:56:36,651 - INFO - mp-15120, 4, T:4, 1.000, 0.352
2026-02-19 11:56:37,539 - ERROR - No coordination environment symbols available for mp-15722 and index 0.
2026-02-19 11:56:37,812 - INFO - mp-16272, 2, O:6, 1.000, 0.902
2026-02-19 11:56:38,255 - INFO - mp-14999, 8, O:6, 1.000, 0.492
2026-02-19 11:56:38,278 - INFO - mp-14999, 12, O:6, 1.000, 0.357
2026-02-19 11:56:38,332 - ERROR - No coordination environment symbols available for mp-16336 and index 4.
2026-02-19 11:56:38,686 - INFO - mp-16335, 6, O:6, 1.000, 0.024
2026-02-19 11:56:39,280 - INFO - mp-16334, 0, O:6, 1.000, 2.288
2026-02-19 11:56:39,620 - INFO - mp-16430, 2, O:6, 1.000, 1.046
2026-02-19 11:56:41,220 - ERROR - No coordination environment symbols available for mp-16495 and index 8.
2026-02-19 11:56:41,644 - INFO - mp-16283, 12, O:6, 1.000, 0.177
2026-02-19 11:56:41,746 - ERROR - No coordination environment symbols available for mp-16483 and index 10.
2026-02-19 11:56:42,112 - INFO - mp-16431, 2, O:6, 1.000, 1.019
2026-02-19 11:56:42,140 - ERROR - No coordination environment symbols available for mp-16486 and index 18.
2026-02-19 11:56:43,292 - INFO - mp-16531, 12, T:4, 1.000, 1.483
2026-02-19 11:56:43,972 - INFO - mp-16533, 12, T:4, 1.000, 1.905
2026-02-19 11:56:44,674 - INFO - mp-16534, 12, T:4, 1.000, 2.205
2026-02-19 11:56:44,804 - ERROR - No coordination environment symbols available for mp-16916 and index 12.
2026-02-19 11:56:45,783 - INFO - mp-16532, 12, T:4, 1.000, 1.845
2026-02-19 11:56:46,768 - ERROR - No coordination environment symbols available for mp-16744 and index 44.
2026-02-19 11:56:47,316 - INFO - mp-16398, 36, T:4, 0.961, 0.136
2026-02-19 11:56:47,342 - INFO - mp-16398, 40, T:4, 1.000, 4.140
2026-02-19 11:56:47,986 - INFO - mp-16933, 4, O:6, 1.000, 0.270
2026-02-19 11:56:49,468 - INFO - mp-15548, 48, O:6, 1.000, 0.498
2026-02-19 11:56:49,537 - INFO - mp-15548, 56, O:6, 1.000, 0.498
2026-02-19 11:56:49,589 - INFO - mp-15548, 60, O:6, 1.000, 0.418
2026-02-19 11:56:50,096 - INFO - mp-17271, 8, O:6, 1.000, 0.677
2026-02-19 11:56:50,520 - INFO - mp-17443, 8, T:4, 1.000, 0.007
2026-02-19 11:56:50,810 - INFO - mp-17436, 4, T:4, 1.000, 0.683
2026-02-19 11:56:50,886 - WARNING - /home/esrf/retegan/Code/xasml/src/xasml/datasets/fdmnes/io.py:30: RuntimeWarning: divide by zero encountered in divide
  a = np.pi * gamma_max * (f - 1 / f**2) / (3 * x_larg)

2026-02-19 11:56:50,912 - INFO - mp-17241, 6, O:6, 1.000, 0.028
2026-02-19 11:56:50,964 - INFO - mp-17435, 16, O:6, 1.000, 4.353
2026-02-19 11:56:51,050 - INFO - mp-16955, 20, T:4, 1.000, 0.230
2026-02-19 11:56:52,272 - INFO - mp-17488, 8, T:4, 1.000, 0.662
2026-02-19 11:56:52,309 - INFO - mp-17488, 16, T:4, 1.000, 0.662
2026-02-19 11:56:53,106 - ERROR - No coordination environment symbols available for mp-17849 and index 12.
2026-02-19 11:56:53,106 - ERROR - No coordination environment symbols available for mp-17849 and index 36.
2026-02-19 11:56:54,758 - INFO - mp-17477, 4, S:5, 0.590, 3.472
2026-02-19 11:56:54,770 - INFO - mp-17682, 64, T:6, 1.000, 2.658
2026-02-19 11:56:55,476 - INFO - mp-17631, 0, O:6, 1.000, 3.322
2026-02-19 11:56:56,040 - INFO - mp-17258, 0, O:6, 1.000, 1.973
2026-02-19 11:56:56,083 - INFO - mp-17258, 2, O:6, 1.000, 1.300
2026-02-19 11:56:56,573 - INFO - mp-18014, 14, T:6, 1.000, 0.142
2026-02-19 11:56:56,866 - INFO - mp-17977, 0, S:5, 0.540, 5.677
2026-02-19 11:56:56,880 - ERROR - No coordination environment symbols available for mp-17977 and index 18.
2026-02-19 11:56:56,911 - INFO - mp-17977, 27, S:5, 0.540, 5.677
2026-02-19 11:56:56,955 - INFO - mp-17977, 33, T:6, 1.000, 3.404
2026-02-19 11:56:57,159 - INFO - mp-17881, 4, S:5, 0.921, 2.319
2026-02-19 11:56:58,310 - INFO - mp-17508, 12, O:6, 1.000, 2.721
2026-02-19 11:56:58,470 - ERROR - No coordination environment symbols available for mp-18257 and index 0.
2026-02-19 11:56:58,471 - ERROR - No coordination environment symbols available for mp-18257 and index 6.
2026-02-19 11:56:58,471 - ERROR - No coordination environment symbols available for mp-18257 and index 12.
2026-02-19 11:56:58,749 - INFO - mp-18038, 16, T:4, 0.940, 0.213
2026-02-19 11:56:58,784 - WARNING - /home/esrf/retegan/.conda/envs/xasml/lib/python3.12/site-packages/pymatgen/io/cif.py:1304: UserWarning: Issues encountered while parsing CIF: 4 fractional coordinates rounded to ideal values to avoid issues with finite precision.
  warnings.warn("Issues encountered while parsing CIF: " + "\n".join(self.warnings))

2026-02-19 11:57:00,478 - INFO - mp-18121, 0, T:5, 0.858, 2.220
2026-02-19 11:57:00,562 - INFO - mp-18121, 8, T:5, 0.858, 2.220
2026-02-19 11:57:00,776 - INFO - mp-18307, 0, O:6, 1.000, 1.856
2026-02-19 11:57:00,785 - WARNING - /home/esrf/retegan/Code/xasml/src/xasml/datasets/fdmnes/io.py:30: RuntimeWarning: divide by zero encountered in divide
  a = np.pi * gamma_max * (f - 1 / f**2) / (3 * x_larg)

2026-02-19 11:57:00,818 - INFO - mp-18307, 4, O:6, 1.000, 0.787
2026-02-19 11:57:01,323 - ERROR - No coordination environment symbols available for mp-18450 and index 1.
2026-02-19 11:57:02,556 - ERROR - No coordination environment symbols available for mp-18269 and index 0.
2026-02-19 11:57:02,598 - INFO - mp-18269, 2, O:6, 1.000, 0.498
2026-02-19 11:57:03,272 - INFO - mp-18484, 8, T:4, 0.929, 0.068
2026-02-19 11:57:03,493 - INFO - mp-18215, 2, O:6, 1.000, 1.084
2026-02-19 11:57:03,534 - INFO - mp-18215, 6, O:6, 1.000, 0.779
2026-02-19 11:57:03,868 - INFO - mp-18396, 4, O:6, 1.000, 0.221
2026-02-19 11:57:03,916 - WARNING - /home/esrf/retegan/.conda/envs/xasml/lib/python3.12/site-packages/pymatgen/io/cif.py:1304: UserWarning: Issues encountered while parsing CIF: 4 fractional coordinates rounded to ideal values to avoid issues with finite precision.
  warnings.warn("Issues encountered while parsing CIF: " + "\n".join(self.warnings))

2026-02-19 11:57:04,183 - INFO - mp-18085, 0, O:6, 1.000, 1.920
2026-02-19 11:57:04,249 - INFO - mp-18085, 2, O:6, 1.000, 1.162
2026-02-19 11:57:04,352 - WARNING - /home/esrf/retegan/.conda/envs/xasml/lib/python3.12/site-packages/pymatgen/io/cif.py:1304: UserWarning: Issues encountered while parsing CIF: 6 fractional coordinates rounded to ideal values to avoid issues with finite precision.
  warnings.warn("Issues encountered while parsing CIF: " + "\n".join(self.warnings))

2026-02-19 11:57:04,956 - INFO - mp-18455, 4, O:6, 1.000, 0.285
2026-02-19 11:57:05,103 - INFO - mp-18708, 0, T:4, 0.954, 3.944
2026-02-19 11:57:05,107 - ERROR - No coordination environment symbols available for mp-18708 and index 8.
2026-02-19 11:57:05,123 - INFO - mp-18708, 16, T:4, 0.940, 0.586
2026-02-19 11:57:05,428 - INFO - mp-18493, 24, O:6, 1.000, 0.482
2026-02-19 11:57:05,943 - ERROR - No coordination environment symbols available for mp-18695 and index 0.
2026-02-19 11:57:05,944 - ERROR - No coordination environment symbols available for mp-18695 and index 8.
2026-02-19 11:57:05,944 - ERROR - No coordination environment symbols available for mp-18695 and index 11.
2026-02-19 11:57:05,944 - ERROR - No coordination environment symbols available for mp-18695 and index 14.
2026-02-19 11:57:06,389 - INFO - mp-18706, 20, T:6, 1.000, 2.641
2026-02-19 11:57:06,410 - INFO - mp-18706, 24, T:6, 1.000, 2.641
2026-02-19 11:57:06,504 - ERROR - mp-18728, Fractional coordinates mapping failed.
2026-02-19 11:57:06,549 - INFO - mp-18401, 21, O:6, 1.000, 1.413
2026-02-19 11:57:07,075 - ERROR - mp-18782, mumps returned an error
2026-02-19 11:57:07,255 - INFO - mp-18730, 4, T:4, 1.000, 0.019
2026-02-19 11:57:07,907 - INFO - mp-18775, 0, T:5, 0.999, 0.800
2026-02-19 11:57:07,945 - INFO - mp-18816, 0, O:6, 1.000, 0.256
2026-02-19 11:57:08,351 - INFO - mp-18750, 2, O:6, 1.000, 0.716
2026-02-19 11:57:08,367 - INFO - mp-18750, 3, O:6, 1.000, 0.818
2026-02-19 11:57:08,383 - INFO - mp-18750, 4, O:6, 1.000, 0.795
2026-02-19 11:57:08,400 - INFO - mp-18750, 5, O:6, 1.000, 0.718
2026-02-19 11:57:08,701 - INFO - mp-18843, 18, T:6, 1.000, 0.638
2026-02-19 11:57:09,150 - INFO - mp-18783, 4, O:6, 1.000, 0.049
2026-02-19 11:57:09,330 - INFO - mp-18820, 6, O:6, 1.000, 0.010
2026-02-19 11:57:09,363 - INFO - mp-18830, 0, O:6, 1.000, 0.885
2026-02-19 11:57:10,004 - INFO - mp-18857, 4, O:6, 1.000, 0.001
2026-02-19 11:57:10,004 - INFO - mp-18774, 4, O:6, 1.000, 0.273
2026-02-19 11:57:10,413 - INFO - mp-18845, 4, O:6, 1.000, 0.084
2026-02-19 11:57:11,248 - INFO - mp-18890, 4, O:6, 1.000, 0.273
2026-02-19 11:57:11,281 - INFO - mp-18865, 24, T:4, 1.000, 0.271
2026-02-19 11:57:11,317 - INFO - mp-18878, 2, O:6, 1.000, 1.052
2026-02-19 11:57:11,328 - WARNING - /home/esrf/retegan/.conda/envs/xasml/lib/python3.12/site-packages/pymatgen/io/cif.py:1304: UserWarning: Issues encountered while parsing CIF: 4 fractional coordinates rounded to ideal values to avoid issues with finite precision.
  warnings.warn("Issues encountered while parsing CIF: " + "\n".join(self.warnings))

2026-02-19 11:57:11,622 - INFO - mp-18868, 1, O:6, 1.000, 0.038
2026-02-19 11:57:11,991 - INFO - mp-18905, 0, O:6, 1.000, 0.000
2026-02-19 11:57:12,084 - INFO - mp-18924, 6, S:5, 0.999, 0.599
2026-02-19 11:57:12,578 - INFO - mp-18849, 0, O:6, 0.946, 4.094
2026-02-19 11:57:12,600 - INFO - mp-18849, 1, O:6, 0.992, 3.814
2026-02-19 11:57:13,206 - INFO - mp-18951, 4, O:6, 1.000, 0.156
2026-02-19 11:57:13,553 - INFO - mp-18949, 4, O:6, 1.000, 0.377
2026-02-19 11:57:13,793 - INFO - mp-18950, 2, T:4, 1.000, 0.230
2026-02-19 11:57:14,067 - INFO - mp-18966, 0, O:6, 1.000, 0.629
2026-02-19 11:57:14,345 - INFO - mp-18936, 3, O:6, 1.000, 0.888
2026-02-19 11:57:14,389 - INFO - mp-18968, 4, T:4, 0.555, 0.863
2026-02-19 11:57:15,289 - INFO - mp-18969, 0, O:6, 1.000, 0.013
2026-02-19 11:57:15,444 - INFO - mp-18959, 8, O:6, 1.000, 2.559
2026-02-19 11:57:16,317 - INFO - mp-18995, 4, O:6, 1.000, 0.003
2026-02-19 11:57:16,360 - INFO - mp-18917, 14, T:4, 0.967, 0.691
2026-02-19 11:57:16,380 - INFO - mp-18917, 16, T:4, 0.974, 0.483
2026-02-19 11:57:16,400 - INFO - mp-18917, 18, T:4, 1.000, 0.350
2026-02-19 11:57:17,170 - INFO - mp-19017, 4, O:6, 1.000, 2.332
2026-02-19 11:57:17,455 - INFO - mp-19035, 1, O:6, 1.000, 0.000
2026-02-19 11:57:17,796 - INFO - mp-18979, 3, O:6, 1.000, 1.369
2026-02-19 11:57:17,818 - INFO - mp-18979, 9, O:6, 1.000, 0.947
2026-02-19 11:57:17,830 - INFO - mp-19004, 16, O:6, 1.000, 0.044
2026-02-19 11:57:17,854 - INFO - mp-19004, 24, O:6, 1.000, 0.044
2026-02-19 11:57:17,877 - INFO - mp-19004, 28, S:5, 1.000, 0.415
2026-02-19 11:57:17,960 - INFO - mp-19044, 8, T:4, 1.000, 0.008
2026-02-19 11:57:18,485 - ERROR - No coordination environment symbols available for mp-19026 and index 16.
2026-02-19 11:57:18,687 - INFO - mp-19028, 12, O:6, 1.000, 0.150
2026-02-19 11:57:18,699 - WARNING - /home/esrf/retegan/.conda/envs/xasml/lib/python3.12/site-packages/pymatgen/io/cif.py:1304: UserWarning: Issues encountered while parsing CIF: 1 fractional coordinates rounded to ideal values to avoid issues with finite precision.
  warnings.warn("Issues encountered while parsing CIF: " + "\n".join(self.warnings))

2026-02-19 11:57:18,714 - INFO - mp-19022, 8, T:4, 0.964, 2.449
2026-02-19 11:57:19,780 - INFO - mp-19059, 8, O:6, 1.000, 0.000
2026-02-19 11:57:19,846 - INFO - mp-19102, 4, O:6, 1.000, 0.000
2026-02-19 11:57:20,088 - INFO - mp-19112, 0, O:6, 1.000, 0.577
2026-02-19 11:57:20,117 - INFO - mp-19097, 0, O:6, 1.000, 0.036
2026-02-19 11:57:20,147 - INFO - mp-19074, 4, T:6, 1.000, 0.569
2026-02-19 11:57:20,868 - INFO - mp-19109, 0, T:4, 1.000, 0.150
2026-02-19 11:57:21,208 - INFO - mp-19115, 4, O:6, 1.000, 0.003
2026-02-19 11:57:22,026 - INFO - mp-19061, 4, O:6, 1.000, 0.449
2026-02-19 11:57:22,559 - INFO - mp-19127, 4, O:6, 1.000, 0.001
2026-02-19 11:57:22,754 - INFO - mp-19165, 4, S:4, 1.000, 0.001
2026-02-19 11:57:23,141 - INFO - mp-19136, 3, O:6, 1.000, 1.000
2026-02-19 11:57:23,507 - INFO - mp-19154, 8, T:4, 1.000, 0.428
2026-02-19 11:57:23,528 - INFO - mp-19154, 16, T:4, 1.000, 0.428
2026-02-19 11:57:24,072 - INFO - mp-19171, 4, T:5, 1.000, 0.095
2026-02-19 11:57:24,092 - INFO - mp-19171, 8, T:5, 1.000, 0.095
2026-02-19 11:57:24,230 - INFO - mp-19225, 0, O:6, 1.000, 0.898
2026-02-19 11:57:24,295 - INFO - mp-19067, 9, O:6, 1.000, 1.558
2026-02-19 11:57:24,315 - INFO - mp-19067, 11, O:6, 1.000, 0.805
2026-02-19 11:57:25,262 - INFO - mp-19193, 4, O:6, 1.000, 0.296
2026-02-19 11:57:25,283 - INFO - mp-19193, 12, O:6, 1.000, 0.296
2026-02-19 11:57:25,346 - INFO - mp-19226, 4, O:6, 0.988, 1.621
2026-02-19 11:57:25,498 - INFO - mp-19218, 6, S:4, 1.000, 0.004
2026-02-19 11:57:25,670 - INFO - mp-19180, 2, O:6, 1.000, 0.263
2026-02-19 11:57:26,189 - INFO - mp-19130, 4, T:5, 0.522, 2.515
2026-02-19 11:57:26,473 - INFO - mp-19270, 6, O:6, 1.000, 0.848
2026-02-19 11:57:26,547 - INFO - mp-19254, 0, O:6, 1.000, 1.697
2026-02-19 11:57:26,767 - INFO - mp-19255, 4, O:6, 1.000, 1.154
2026-02-19 11:57:26,847 - INFO - mp-19306, 0, O:6, 1.000, 0.136
2026-02-19 11:57:26,868 - INFO - mp-19306, 16, T:4, 1.000, 0.000
2026-02-19 11:57:27,987 - INFO - mp-19293, 4, O:6, 1.000, 1.131
2026-02-19 11:57:28,761 - INFO - mp-19309, 6, T:4, 1.000, 1.397
2026-02-19 11:57:28,836 - INFO - mp-19313, 8, O:6, 1.000, 0.323
2026-02-19 11:57:29,213 - INFO - mp-19266, 4, O:6, 1.000, 0.032
2026-02-19 11:57:29,230 - INFO - mp-19266, 5, O:6, 1.000, 0.037
2026-02-19 11:57:29,286 - INFO - mp-19320, 8, T:4, 1.000, 0.014
2026-02-19 11:57:29,352 - INFO - mp-19294, 2, O:6, 1.000, 0.756
2026-02-19 11:57:29,745 - INFO - mp-19346, 0, O:6, 1.000, 3.479
2026-02-19 11:57:29,762 - INFO - mp-19346, 4, O:6, 1.000, 2.707
2026-02-19 11:57:29,989 - INFO - mp-19359, 3, O:6, 1.000, 0.310
2026-02-19 11:57:30,067 - INFO - mp-19333, 0, O:6, 1.000, 0.917
2026-02-19 11:57:30,084 - INFO - mp-19333, 2, O:6, 1.000, 2.853
2026-02-19 11:57:31,106 - INFO - mp-19366, 3, T:5, 1.000, 0.291
2026-02-19 11:57:31,135 - INFO - mp-19419, 3, O:6, 1.000, 0.103
2026-02-19 11:57:31,218 - INFO - mp-19362, 1, O:6, 1.000, 0.059
2026-02-19 11:57:31,538 - INFO - mp-19398, 0, O:6, 1.000, 0.829
2026-02-19 11:57:31,562 - INFO - mp-19398, 8, O:6, 1.000, 0.829
2026-02-19 11:57:31,632 - WARNING - /home/esrf/retegan/Code/xasml/src/xasml/datasets/fdmnes/io.py:30: RuntimeWarning: divide by zero encountered in divide
  a = np.pi * gamma_max * (f - 1 / f**2) / (3 * x_larg)

2026-02-19 11:57:31,648 - INFO - mp-19415, 3, T:5, 1.000, 0.249
2026-02-19 11:57:31,800 - INFO - mp-19417, 6, O:6, 1.000, 0.483
2026-02-19 11:57:32,309 - INFO - mp-19421, 0, O:6, 1.000, 0.418
2026-02-19 11:57:32,971 - INFO - mp-19396, 16, T:4, 1.000, 0.968
2026-02-19 11:57:32,991 - INFO - mp-19396, 20, T:4, 1.000, 0.667
2026-02-19 11:57:33,016 - WARNING - /home/esrf/retegan/.conda/envs/xasml/lib/python3.12/site-packages/pymatgen/io/cif.py:1304: UserWarning: Issues encountered while parsing CIF: 4 fractional coordinates rounded to ideal values to avoid issues with finite precision.
  warnings.warn("Issues encountered while parsing CIF: " + "\n".join(self.warnings))

2026-02-19 11:57:33,512 - INFO - mp-19710, 24, T:4, 1.000, 0.812
2026-02-19 11:57:33,547 - INFO - mp-19710, 48, T:4, 1.000, 0.812
2026-02-19 11:57:33,825 - ERROR - mp-19725, partial output file
2026-02-19 11:57:33,836 - WARNING - /home/esrf/retegan/.conda/envs/xasml/lib/python3.12/site-packages/pymatgen/io/cif.py:1304: UserWarning: Issues encountered while parsing CIF: 1 fractional coordinates rounded to ideal values to avoid issues with finite precision.
  warnings.warn("Issues encountered while parsing CIF: " + "\n".join(self.warnings))

2026-02-19 11:57:34,333 - INFO - mp-19466, 0, O:6, 1.000, 0.000
2026-02-19 11:57:34,430 - INFO - mp-19430, 18, O:6, 1.000, 1.172
2026-02-19 11:57:34,460 - INFO - mp-19430, 24, O:6, 1.000, 0.211
2026-02-19 11:57:35,480 - ERROR - No coordination environment symbols available for mp-19739 and index 1.
2026-02-19 11:57:35,795 - INFO - mp-19743, 2, O:6, 1.000, 3.284
2026-02-19 11:57:35,837 - INFO - mp-19785, 4, O:6, 1.000, 0.047
2026-02-19 11:57:36,003 - INFO - mp-19752, 0, T:4, 1.000, 0.040
2026-02-19 11:57:36,323 - INFO - mp-19770, 0, O:6, 1.000, 0.686
2026-02-19 11:57:36,353 - ERROR - mp-19511, maximum energy too large
2026-02-19 11:57:36,757 - INFO - mp-19792, 2, T:5, 1.000, 7.904
2026-02-19 11:57:37,783 - INFO - mp-19844, 2, O:6, 1.000, 0.369
2026-02-19 11:57:37,891 - ERROR - No coordination environment symbols available for mp-19870 and index 1.
2026-02-19 11:57:38,143 - ERROR - No coordination environment symbols available for mp-19800 and index 0.
2026-02-19 11:57:38,143 - ERROR - No coordination environment symbols available for mp-19800 and index 8.
2026-02-19 11:57:38,374 - INFO - mp-19842, 1, S:4, 0.952, 0.000
2026-02-19 11:57:38,529 - INFO - mp-19853, 4, O:6, 1.000, 0.038
2026-02-19 11:57:39,457 - INFO - mp-19590, 0, O:6, 1.000, 0.008
2026-02-19 11:57:39,925 - INFO - mp-19476, 2, O:6, 1.000, 0.266
2026-02-19 11:57:39,970 - INFO - mp-19476, 4, O:6, 1.000, 0.291
2026-02-19 11:57:40,191 - INFO - mp-19880, 0, O:6, 1.000, 0.386
2026-02-19 11:57:41,110 - ERROR - No coordination environment symbols available for mp-19963 and index 4.
2026-02-19 11:57:41,714 - INFO - mp-19883, 0, O:6, 1.000, 0.052
2026-02-19 11:57:42,028 - INFO - mp-19935, 4, O:6, 1.000, 0.051
2026-02-19 11:57:42,500 - ERROR - No coordination environment symbols available for mp-19887 and index 1.
2026-02-19 11:57:42,801 - INFO - mp-20027, 0, O:6, 1.000, 1.204
2026-02-19 11:57:43,443 - INFO - mp-20002, 0, T:4, 1.000, 0.026
2026-02-19 11:57:43,729 - INFO - mp-20073, 4, T:4, 1.000, 3.872
2026-02-19 11:57:44,013 - INFO - mp-20049, 2, T:4, 1.000, 0.157
2026-02-19 11:57:44,270 - ERROR - No coordination environment symbols available for mp-20089 and index 8.
2026-02-19 11:57:44,553 - INFO - mp-20095, 2, T:4, 1.000, 0.972
2026-02-19 11:57:44,690 - ERROR - mp-20028, the turning point is beyond the atomic radius
2026-02-19 11:57:45,704 - INFO - mp-19980, 4, T:5, 0.972, 1.564
2026-02-19 11:57:46,597 - INFO - mp-20177, 2, T:4, 1.000, 0.769
2026-02-19 11:57:47,152 - INFO - mp-20140, 8, O:6, 1.000, 0.000
2026-02-19 11:57:47,331 - INFO - mp-20121, 4, T:4, 0.887, 0.509
2026-02-19 11:57:48,019 - INFO - mp-20117, 4, O:6, 1.000, 3.490
2026-02-19 11:57:48,130 - INFO - mp-20168, 8, T:4, 1.000, 0.054
2026-02-19 11:57:48,878 - INFO - mp-20238, 2, T:4, 1.000, 0.004
2026-02-19 11:57:49,155 - INFO - mp-20247, 2, T:4, 1.000, 2.489
2026-02-19 11:57:49,189 - INFO - mp-20113, 4, O:6, 1.000, 0.441
2026-02-19 11:57:49,789 - INFO - mp-20264, 2, T:4, 1.000, 0.077
2026-02-19 11:57:50,079 - INFO - mp-20243, 4, O:6, 1.000, 0.024
2026-02-19 11:57:50,306 - INFO - mp-20311, 0, T:4, 1.000, 0.152
2026-02-19 11:57:50,314 - INFO - mp-20278, 0, O:6, 1.000, 0.427
2026-02-19 11:57:50,317 - INFO - mp-20245, 2, T:4, 1.000, 0.999
2026-02-19 11:57:50,843 - INFO - mp-20287, 4, T:4, 1.000, 0.167
2026-02-19 11:57:51,424 - ERROR - No coordination environment symbols available for mp-20344 and index 0.
2026-02-19 11:57:52,422 - INFO - mp-20167, 4, T:4, 1.000, 0.015
2026-02-19 11:57:52,440 - INFO - mp-20167, 5, T:4, 1.000, 0.021
2026-02-19 11:57:53,038 - INFO - mp-20426, 0, T:4, 1.000, 0.696
2026-02-19 11:57:53,068 - INFO - mp-20426, 2, S:5, 1.000, 0.240
2026-02-19 11:57:53,116 - INFO - mp-20361, 0, O:6, 1.000, 2.554
2026-02-19 11:57:53,558 - INFO - mp-20349, 2, T:4, 1.000, 0.371
2026-02-19 11:57:54,032 - INFO - mp-20302, 0, O:6, 1.000, 0.650
2026-02-19 11:57:54,065 - INFO - mp-20302, 4, O:6, 1.000, 0.899
2026-02-19 11:57:54,680 - INFO - mp-20407, 4, O:6, 1.000, 0.017
2026-02-19 11:57:54,807 - ERROR - No coordination environment symbols available for mp-20416 and index 4.
2026-02-19 11:57:54,889 - INFO - mp-20313, 0, O:6, 1.000, 1.666
2026-02-19 11:57:54,927 - INFO - mp-20313, 4, O:6, 1.000, 1.757
2026-02-19 11:57:54,975 - INFO - mp-20313, 6, O:6, 1.000, 1.829
2026-02-19 11:57:56,079 - INFO - mp-20499, 16, T:4, 1.000, 0.000
2026-02-19 11:57:56,214 - ERROR - No coordination environment symbols available for mp-20512 and index 0.
2026-02-19 11:57:56,588 - ERROR - No coordination environment symbols available for mp-20432 and index 0.
2026-02-19 11:57:56,623 - INFO - mp-20432, 2, T:5, 1.000, 0.057
2026-02-19 11:57:56,626 - INFO - mp-20431, 4, O:6, 1.000, 0.029
2026-02-19 11:57:57,198 - INFO - mp-20480, 2, T:4, 1.000, 1.880
2026-02-19 11:57:57,223 - INFO - mp-20480, 6, T:4, 1.000, 3.134
2026-02-19 11:57:57,853 - INFO - mp-20527, 2, T:4, 1.000, 0.009
2026-02-19 11:57:58,551 - INFO - mp-20484, 8, O:6, 1.000, 0.000
2026-02-19 11:57:58,743 - INFO - mp-20651, 4, O:6, 1.000, 0.063
2026-02-19 11:57:59,005 - INFO - mp-20690, 2, T:4, 1.000, 1.350
2026-02-19 11:57:59,281 - INFO - mp-20547, 4, O:6, 1.000, 0.977
2026-02-19 11:57:59,330 - INFO - mp-20547, 8, O:6, 1.000, 0.346
2026-02-19 11:57:59,356 - ERROR - No coordination environment symbols available for mp-20673 and index 1.
2026-02-19 11:57:59,505 - INFO - mp-20602, 2, T:4, 1.000, 1.009
2026-02-19 11:57:59,956 - INFO - mp-20693, 3, T:5, 1.000, 0.517
2026-02-19 11:58:00,450 - ERROR - No coordination environment symbols available for mp-20548 and index 44.
2026-02-19 11:58:00,985 - ERROR - No coordination environment symbols available for mp-20696 and index 0.
2026-02-19 11:58:00,985 - ERROR - No coordination environment symbols available for mp-20696 and index 32.
2026-02-19 11:58:01,216 - INFO - mp-20722, 2, O:6, 1.000, 3.279
2026-02-19 11:58:02,132 - ERROR - No coordination environment symbols available for mp-20711 and index 0.
2026-02-19 11:58:02,136 - ERROR - No coordination environment symbols available for mp-20711 and index 8.
2026-02-19 11:58:02,225 - INFO - mp-20714, 0, O:6, 1.000, 0.302
2026-02-19 11:58:02,299 - ERROR - No coordination environment symbols available for mp-20738 and index 0.
2026-02-19 11:58:03,289 - INFO - mp-20768, 4, T:4, 1.000, 0.000
2026-02-19 11:58:03,804 - INFO - mp-20785, 2, T:4, 1.000, 0.007
2026-02-19 11:58:03,934 - INFO - mp-20856, 2, O:6, 1.000, 0.944
2026-02-19 11:58:03,962 - INFO - mp-20783, 4, O:6, 1.000, 0.044
2026-02-19 11:58:04,167 - INFO - mp-20793, 2, O:6, 1.000, 0.423
2026-02-19 11:58:04,219 - INFO - mp-20807, 2, T:4, 1.000, 0.214
2026-02-19 11:58:04,238 - INFO - mp-20787, 0, S:5, 0.971, 2.095
2026-02-19 11:58:04,842 - ERROR - No coordination environment symbols available for mp-20868 and index 0.
2026-02-19 11:58:04,842 - ERROR - No coordination environment symbols available for mp-20868 and index 6.
2026-02-19 11:58:04,922 - ERROR - No coordination environment symbols available for mp-20883 and index 0.
2026-02-19 11:58:05,133 - INFO - mp-20767, 0, O:6, 1.000, 0.985
2026-02-19 11:58:05,712 - INFO - mp-20924, 2, T:4, 1.000, 1.338
2026-02-19 11:58:05,756 - INFO - mp-20890, 2, T:4, 1.000, 0.705
2026-02-19 11:58:07,036 - INFO - mp-20986, 10, S:4, 1.000, 0.114
2026-02-19 11:58:07,147 - INFO - mp-20892, 4, T:4, 1.000, 0.402
2026-02-19 11:58:07,225 - INFO - mp-20917, 4, T:4, 1.000, 7.849
2026-02-19 11:58:08,530 - INFO - mp-20968, 2, O:6, 1.000, 0.094
2026-02-19 11:58:08,585 - INFO - mp-20946, 2, S:5, 0.710, 0.824
2026-02-19 11:58:08,840 - INFO - mp-20884, 8, O:6, 1.000, 0.480
2026-02-19 11:58:09,041 - INFO - mp-21040, 4, T:4, 1.000, 7.675
2026-02-19 11:58:09,491 - INFO - mp-21013, 12, O:6, 1.000, 0.000
2026-02-19 11:58:09,851 - INFO - mp-21037, 8, O:6, 1.000, 0.354
2026-02-19 11:58:10,017 - INFO - mp-21016, 0, T:5, 0.987, 2.073
2026-02-19 11:58:10,350 - INFO - mp-21041, 2, O:6, 1.000, 0.922
2026-02-19 11:58:10,361 - ERROR - No coordination environment symbols available for mp-21050 and index 8.
2026-02-19 11:58:10,456 - INFO - mp-21019, 16, T:4, 1.000, 0.000
2026-02-19 11:58:12,269 - INFO - mp-21053, 2, O:6, 1.000, 0.824
2026-02-19 11:58:12,465 - INFO - mp-21112, 16, T:4, 1.000, 0.000
2026-02-19 11:58:12,729 - INFO - mp-21060, 4, T:4, 1.000, 0.048
2026-02-19 11:58:12,945 - ERROR - No coordination environment symbols available for mp-21078 and index 0.
2026-02-19 11:58:13,610 - ERROR - No coordination environment symbols available for mp-21108 and index 24.
2026-02-19 11:58:13,649 - INFO - mp-21094, 2, T:5, 1.000, 0.028
2026-02-19 11:58:14,197 - INFO - mp-21086, 0, O:6, 1.000, 0.938
2026-02-19 11:58:14,235 - INFO - mp-21086, 4, O:6, 1.000, 0.822
2026-02-19 11:58:14,301 - INFO - mp-21059, 8, S:5, 1.000, 0.369
2026-02-19 11:58:14,345 - INFO - mp-21059, 12, S:5, 1.000, 0.369
2026-02-19 11:58:14,375 - INFO - mp-21145, 1, S:4, 0.999, 0.000
2026-02-19 11:58:14,421 - INFO - mp-21113, 2, T:4, 1.000, 0.084
2026-02-19 11:58:14,827 - INFO - mp-21141, 0, O:6, 1.000, 1.210
2026-02-19 11:58:14,832 - ERROR - No coordination environment symbols available for mp-21141 and index 2.
2026-02-19 11:58:15,288 - ERROR - No coordination environment symbols available for mp-21117 and index 0.
2026-02-19 11:58:15,459 - ERROR - No coordination environment symbols available for mp-21211 and index 4.
2026-02-19 11:58:15,789 - ERROR - No coordination environment symbols available for mp-21255 and index 0.
2026-02-19 11:58:15,937 - INFO - mp-21221, 2, T:4, 1.000, 0.001
2026-02-19 11:58:17,316 - INFO - mp-21260, 0, O:6, 1.000, 2.384
2026-02-19 11:58:18,122 - ERROR - No coordination environment symbols available for mp-21273 and index 0.
2026-02-19 11:58:18,139 - INFO - mp-21231, 0, O:6, 1.000, 0.020
2026-02-19 11:58:18,513 - INFO - mp-21239, 0, O:6, 1.000, 0.003
2026-02-19 11:58:19,021 - INFO - mp-21216, 8, O:6, 1.000, 0.763
2026-02-19 11:58:19,025 - INFO - mp-21336, 4, T:4, 1.000, 0.468
2026-02-19 11:58:19,052 - INFO - mp-21216, 12, O:6, 1.000, 0.837
2026-02-19 11:58:19,513 - INFO - mp-21259, 8, O:6, 1.000, 0.000
2026-02-19 11:58:19,572 - INFO - mp-21333, 8, O:6, 1.000, 1.077
2026-02-19 11:58:19,597 - INFO - mp-21363, 2, T:4, 1.000, 1.057
2026-02-19 11:58:19,655 - ERROR - No coordination environment symbols available for mp-21357 and index 4.
2026-02-19 11:58:20,193 - INFO - mp-21410, 0, O:6, 1.000, 0.767
2026-02-19 11:58:20,784 - INFO - mp-21476, 0, T:4, 1.000, 3.287
2026-02-19 11:58:20,842 - INFO - mp-21270, 4, O:6, 1.000, 0.635
2026-02-19 11:58:21,105 - ERROR - No coordination environment symbols available for mp-21471 and index 2.
2026-02-19 11:58:21,475 - INFO - mp-21495, 4, T:4, 1.000, 0.502
2026-02-19 11:58:21,974 - INFO - mp-21515, 0, O:6, 1.000, 0.085
2026-02-19 11:58:22,025 - INFO - mp-21515, 16, T:4, 1.000, 0.000
2026-02-19 11:58:22,607 - INFO - mp-21426, 2, T:4, 1.000, 0.092
2026-02-19 11:58:22,952 - INFO - mp-21437, 0, O:6, 1.000, 0.699
2026-02-19 11:58:24,260 - INFO - mp-21498, 0, O:6, 1.000, 0.000
2026-02-19 11:58:25,591 - INFO - mp-21588, 8, O:6, 1.000, 4.231
2026-02-19 11:58:25,624 - INFO - mp-21588, 16, T:4, 1.000, 1.428
2026-02-19 11:58:26,090 - ERROR - No coordination environment symbols available for mp-21581 and index 4.
2026-02-19 11:58:26,090 - ERROR - No coordination environment symbols available for mp-21581 and index 12.
2026-02-19 11:58:26,090 - ERROR - No coordination environment symbols available for mp-21581 and index 20.
2026-02-19 11:58:26,128 - ERROR - No coordination environment symbols available for mp-21565 and index 4.
2026-02-19 11:58:26,128 - ERROR - No coordination environment symbols available for mp-21565 and index 12.
2026-02-19 11:58:26,129 - ERROR - No coordination environment symbols available for mp-21565 and index 20.
2026-02-19 11:58:27,197 - INFO - mp-21590, 48, O:6, 1.000, 0.426
2026-02-19 11:58:28,289 - INFO - mp-21522, 0, O:6, 1.000, 0.639
2026-02-19 11:58:28,305 - INFO - mp-21623, 4, T:4, 1.000, 0.114
2026-02-19 11:58:28,343 - INFO - mp-21623, 8, S:5, 0.995, 1.517
2026-02-19 11:58:28,379 - INFO - mp-21623, 12, T:4, 0.706, 0.465
2026-02-19 11:58:28,410 - INFO - mp-21623, 16, T:4, 1.000, 0.106
2026-02-19 11:58:28,432 - INFO - mp-21623, 20, T:4, 1.000, 0.177
2026-02-19 11:58:29,784 - INFO - mp-21656, 22, T:6, 1.000, 0.176
2026-02-19 11:58:29,941 - INFO - mp-21662, 12, O:6, 1.000, 4.352
2026-02-19 11:58:29,998 - INFO - mp-21662, 20, O:6, 1.000, 3.865
2026-02-19 11:58:30,072 - INFO - mp-21666, 12, S:4, 1.000, 2.209
2026-02-19 11:58:30,103 - INFO - mp-21666, 60, S:4, 1.000, 2.209
2026-02-19 11:58:31,236 - ERROR - No coordination environment symbols available for mp-21701 and index 4.
2026-02-19 11:58:31,237 - ERROR - No coordination environment symbols available for mp-21701 and index 12.
2026-02-19 11:58:31,237 - ERROR - No coordination environment symbols available for mp-21701 and index 16.
2026-02-19 11:58:31,237 - ERROR - No coordination environment symbols available for mp-21701 and index 20.
2026-02-19 11:58:31,331 - INFO - mp-21671, 12, O:6, 1.000, 0.066
2026-02-19 11:58:32,891 - ERROR - No coordination environment symbols available for mp-21791 and index 16.
2026-02-19 11:58:33,134 - ERROR - No coordination environment symbols available for mp-21717 and index 0.
2026-02-19 11:58:33,134 - ERROR - No coordination environment symbols available for mp-21717 and index 8.
2026-02-19 11:58:33,134 - ERROR - No coordination environment symbols available for mp-21717 and index 16.
2026-02-19 11:58:33,134 - ERROR - No coordination environment symbols available for mp-21717 and index 20.
2026-02-19 11:58:33,134 - ERROR - No coordination environment symbols available for mp-21717 and index 24.
2026-02-19 11:58:33,219 - INFO - mp-21735, 4, O:6, 1.000, 0.332
2026-02-19 11:58:33,241 - INFO - mp-21735, 16, T:4, 1.000, 0.030
2026-02-19 11:58:33,650 - ERROR - No coordination environment symbols available for mp-21845 and index 0.
2026-02-19 11:58:34,792 - ERROR - No coordination environment symbols available for mp-21865 and index 0.
2026-02-19 11:58:34,885 - INFO - mp-21679, 0, O:6, 1.000, 0.183
2026-02-19 11:58:34,941 - INFO - mp-21679, 8, O:6, 1.000, 0.183
2026-02-19 11:58:34,956 - INFO - mp-21778, 8, O:6, 1.000, 1.418
2026-02-19 11:58:34,980 - INFO - mp-21679, 12, O:6, 1.000, 0.156
2026-02-19 11:58:35,308 - INFO - mp-21850, 0, O:6, 1.000, 2.288
2026-02-19 11:58:35,336 - ERROR - No coordination environment symbols available for mp-21834 and index 24.
2026-02-19 11:58:35,336 - ERROR - No coordination environment symbols available for mp-21834 and index 40.
2026-02-19 11:58:35,336 - ERROR - No coordination environment symbols available for mp-21834 and index 56.
2026-02-19 11:58:35,336 - ERROR - No coordination environment symbols available for mp-21834 and index 72.
2026-02-19 11:58:35,359 - INFO - mp-21880, 4, T:4, 1.000, 0.116
2026-02-19 11:58:35,433 - INFO - mp-21867, 4, O:6, 1.000, 0.665
2026-02-19 11:58:35,906 - INFO - mp-21688, 0, O:6, 1.000, 1.001
2026-02-19 11:58:35,928 - INFO - mp-21688, 3, O:6, 1.000, 0.926
2026-02-19 11:58:35,950 - INFO - mp-21688, 6, O:6, 1.000, 0.859
2026-02-19 11:58:35,972 - INFO - mp-21688, 9, O:6, 1.000, 0.756
2026-02-19 11:58:35,993 - INFO - mp-21688, 12, O:6, 1.000, 0.366
2026-02-19 11:58:36,015 - INFO - mp-21688, 15, O:6, 1.000, 0.727
2026-02-19 11:58:36,037 - INFO - mp-21688, 18, O:6, 1.000, 0.190
2026-02-19 11:58:36,979 - INFO - mp-21882, 2, T:4, 1.000, 0.023
2026-02-19 11:58:37,304 - ERROR - No coordination environment symbols available for mp-21883 and index 8.
2026-02-19 11:58:37,754 - ERROR - No coordination environment symbols available for mp-21902 and index 4.
2026-02-19 11:58:38,842 - INFO - mp-21925, 0, O:6, 1.000, 0.028
2026-02-19 11:58:38,879 - INFO - mp-21971, 24, O:6, 1.000, 0.062
2026-02-19 11:58:39,094 - INFO - mp-21939, 0, O:6, 1.000, 0.462
2026-02-19 11:58:39,118 - INFO - mp-21974, 24, T:4, 1.000, 0.955
2026-02-19 11:58:39,119 - INFO - mp-21939, 8, O:6, 1.000, 4.066
2026-02-19 11:58:39,154 - INFO - mp-21974, 48, T:4, 1.000, 0.955
2026-02-19 11:58:39,894 - INFO - mp-21960, 36, T:4, 1.000, 2.591
2026-02-19 11:58:39,918 - INFO - mp-21960, 40, T:4, 1.000, 0.090
2026-02-19 11:58:40,343 - INFO - mp-22015, 0, O:6, 1.000, 0.000
2026-02-19 11:58:40,644 - INFO - mp-21941, 6, T:4, 1.000, 0.812
2026-02-19 11:58:40,650 - ERROR - No coordination environment symbols available for mp-21941 and index 10.
2026-02-19 11:58:40,666 - INFO - mp-21941, 14, T:5, 1.000, 4.652
2026-02-19 11:58:40,687 - INFO - mp-21941, 18, T:4, 1.000, 0.330
2026-02-19 11:58:40,707 - INFO - mp-21941, 22, T:4, 0.901, 2.347
2026-02-19 11:58:40,728 - INFO - mp-21941, 26, T:4, 1.000, 2.722
2026-02-19 11:58:41,169 - INFO - mp-22034, 2, T:4, 1.000, 0.019
2026-02-19 11:58:41,235 - INFO - mp-22035, 4, T:4, 1.000, 0.180
2026-02-19 11:58:41,484 - INFO - mp-22053, 0, T:4, 1.000, 0.003
2026-02-19 11:58:41,604 - INFO - mp-21926, 8, T:4, 0.986, 0.424
2026-02-19 11:58:41,626 - INFO - mp-21926, 12, T:4, 0.993, 0.428
2026-02-19 11:58:41,648 - INFO - mp-21926, 16, T:4, 0.898, 0.778
2026-02-19 11:58:41,669 - INFO - mp-21926, 20, T:4, 0.981, 0.698
2026-02-19 11:58:41,783 - INFO - mp-22038, 1, T:6, 0.829, 3.650
2026-02-19 11:58:42,087 - INFO - mp-22113, 8, O:6, 1.000, 0.206
2026-02-19 11:58:42,106 - INFO - mp-22113, 12, T:4, 0.995, 0.327
2026-02-19 11:58:42,404 - INFO - mp-22124, 0, O:6, 1.000, 0.708
2026-02-19 11:58:42,423 - INFO - mp-22124, 4, O:6, 1.000, 0.387
2026-02-19 11:58:42,600 - INFO - mp-22152, 2, T:4, 1.000, 0.405
2026-02-19 11:58:42,725 - ERROR - No coordination environment symbols available for mp-22130 and index 1.
2026-02-19 11:58:42,890 - INFO - mp-22076, 2, O:6, 1.000, 0.390
2026-02-19 11:58:43,700 - INFO - mp-22173, 4, O:6, 1.000, 0.359
2026-02-19 11:58:44,098 - INFO - mp-22191, 3, T:4, 1.000, 1.252
2026-02-19 11:58:44,470 - INFO - mp-22194, 2, O:6, 1.000, 0.419
2026-02-19 11:58:45,126 - INFO - mp-22135, 6, O:6, 1.000, 2.701
2026-02-19 11:58:45,306 - INFO - mp-22200, 6, O:6, 1.000, 0.166
2026-02-19 11:58:45,330 - INFO - mp-22200, 8, O:6, 1.000, 0.202
2026-02-19 11:58:46,622 - INFO - mp-22223, 0, O:6, 1.000, 0.632
2026-02-19 11:58:46,642 - INFO - mp-22223, 4, O:6, 1.000, 0.684
2026-02-19 11:58:46,662 - INFO - mp-22223, 8, O:6, 1.000, 0.513
2026-02-19 11:58:46,682 - INFO - mp-22223, 10, O:6, 1.000, 0.725
2026-02-19 11:58:47,204 - INFO - mp-22252, 3, O:6, 1.000, 0.814
2026-02-19 11:58:47,415 - INFO - mp-22242, 6, O:6, 1.000, 0.205
2026-02-19 11:58:47,444 - INFO - mp-22283, 4, O:6, 1.000, 0.043
2026-02-19 11:58:47,533 - INFO - mp-22208, 4, T:5, 0.953, 1.802
2026-02-19 11:58:47,560 - ERROR - No coordination environment symbols available for mp-22300 and index 0.
2026-02-19 11:58:48,577 - INFO - mp-22349, 2, T:4, 1.000, 0.033
2026-02-19 11:58:48,598 - INFO - mp-22219, 0, O:6, 1.000, 3.848
2026-02-19 11:58:48,650 - ERROR - No coordination environment symbols available for mp-22312 and index 8.
2026-02-19 11:58:48,942 - INFO - mp-22334, 0, O:6, 1.000, 0.222
2026-02-19 11:58:48,961 - INFO - mp-22334, 4, O:6, 1.000, 0.222
2026-02-19 11:58:49,170 - INFO - mp-22366, 8, O:6, 1.000, 0.399
2026-02-19 11:58:50,000 - INFO - mp-22341, 4, O:6, 1.000, 0.012
2026-02-19 11:58:50,720 - INFO - mp-22398, 0, O:6, 1.000, 0.000
2026-02-19 11:58:50,906 - ERROR - No coordination environment symbols available for mp-22385 and index 18.
2026-02-19 11:58:51,000 - INFO - mp-22265, 0, O:6, 1.000, 1.046
2026-02-19 11:58:51,021 - INFO - mp-22265, 2, O:6, 1.000, 1.117
2026-02-19 11:58:51,042 - INFO - mp-22265, 4, O:6, 1.000, 1.046
2026-02-19 11:58:51,063 - INFO - mp-22265, 6, O:6, 1.000, 1.117
2026-02-19 11:58:51,251 - INFO - mp-22413, 0, O:6, 1.000, 0.000
2026-02-19 11:58:51,325 - INFO - mp-22421, 0, O:6, 1.000, 0.017
2026-02-19 11:58:51,708 - INFO - mp-22427, 2, T:4, 1.000, 0.187
2026-02-19 11:58:51,743 - ERROR - No coordination environment symbols available for mp-22461 and index 0.
2026-02-19 11:58:51,873 - ERROR - No coordination environment symbols available for mp-22444 and index 8.
2026-02-19 11:58:51,972 - INFO - mp-22369, 0, O:6, 1.000, 0.833
2026-02-19 11:58:52,037 - INFO - mp-22434, 4, T:4, 1.000, 0.421
2026-02-19 11:58:52,433 - INFO - mp-22478, 0, O:6, 1.000, 2.007
2026-02-19 11:58:52,477 - INFO - mp-22470, 2, O:6, 1.000, 0.653
2026-02-19 11:58:53,245 - INFO - mp-22589, 4, T:4, 1.000, 0.000
2026-02-19 11:58:53,736 - INFO - mp-22468, 8, O:6, 1.000, 4.941
2026-02-19 11:58:53,756 - INFO - mp-22468, 16, T:4, 1.000, 0.872
2026-02-19 11:58:54,002 - INFO - mp-22491, 2, T:4, 1.000, 0.340
2026-02-19 11:58:54,326 - INFO - mp-22588, 4, O:6, 1.000, 0.075
2026-02-19 11:58:54,423 - ERROR - No coordination environment symbols available for mp-22510 and index 0.
2026-02-19 11:58:54,423 - ERROR - No coordination environment symbols available for mp-22510 and index 4.
2026-02-19 11:58:54,423 - ERROR - No coordination environment symbols available for mp-22510 and index 6.
2026-02-19 11:58:54,753 - INFO - mp-22611, 2, T:4, 1.000, 0.082
2026-02-19 11:58:54,760 - INFO - mp-22590, 4, O:6, 1.000, 0.021
2026-02-19 11:58:55,126 - INFO - mp-22613, 6, O:6, 1.000, 0.017
2026-02-19 11:58:55,466 - INFO - mp-22612, 0, T:4, 1.000, 0.404
2026-02-19 11:58:56,070 - INFO - mp-22648, 0, T:4, 1.000, 0.265
2026-02-19 11:58:56,741 - INFO - mp-22614, 4, O:6, 1.000, 1.177
2026-02-19 11:58:56,841 - INFO - mp-22667, 4, O:6, 1.000, 1.147
2026-02-19 11:58:57,537 - INFO - mp-22652, 0, O:6, 1.000, 1.450
2026-02-19 11:58:57,555 - INFO - mp-22652, 4, T:6, 1.000, 6.777
2026-02-19 11:58:57,573 - INFO - mp-22652, 8, O:6, 1.000, 1.179
2026-02-19 11:58:57,659 - INFO - mp-22484, 16, O:6, 1.000, 0.233
2026-02-19 11:58:57,684 - INFO - mp-22640, 4, S:5, 0.998, 0.707
2026-02-19 11:58:57,686 - INFO - mp-22484, 24, O:6, 1.000, 0.233
2026-02-19 11:58:57,703 - INFO - mp-22640, 8, T:4, 1.000, 1.153
2026-02-19 11:58:57,723 - INFO - mp-22640, 12, T:4, 0.997, 0.448
2026-02-19 11:58:57,726 - ERROR - No coordination environment symbols available for mp-22640 and index 16.
2026-02-19 11:58:57,846 - INFO - mp-22698, 2, T:4, 1.000, 1.019
2026-02-19 11:58:58,073 - INFO - mp-22663, 18, O:6, 1.000, 0.207
2026-02-19 11:58:58,095 - INFO - mp-22663, 21, O:6, 1.000, 0.019
2026-02-19 11:58:58,306 - INFO - mp-22684, 0, O:6, 1.000, 0.284
2026-02-19 11:58:58,558 - ERROR - No coordination environment symbols available for mp-22752 and index 0.
2026-02-19 11:58:58,925 - INFO - mp-22701, 4, T:4, 0.911, 0.612
2026-02-19 11:58:58,941 - INFO - mp-22753, 4, T:4, 1.000, 3.732
2026-02-19 11:58:59,008 - INFO - mp-22739, 4, T:4, 1.000, 0.146
2026-02-19 11:58:59,859 - ERROR - No coordination environment symbols available for mp-22787 and index 0.
2026-02-19 11:58:59,859 - ERROR - No coordination environment symbols available for mp-22787 and index 2.
2026-02-19 11:58:59,860 - ERROR - No coordination environment symbols available for mp-22787 and index 3.
2026-02-19 11:59:00,084 - INFO - mp-22793, 1, O:6, 1.000, 2.288
2026-02-19 11:59:00,312 - INFO - mp-22776, 8, O:6, 1.000, 0.000
2026-02-19 11:59:00,851 - INFO - mp-22880, 0, O:6, 1.000, 0.030
2026-02-19 11:59:01,048 - INFO - mp-22774, 0, O:6, 1.000, 1.256
2026-02-19 11:59:01,068 - INFO - mp-22774, 8, O:6, 1.000, 1.563
2026-02-19 11:59:01,239 - INFO - mp-22635, 0, T:4, 1.000, 0.071
2026-02-19 11:59:01,264 - INFO - mp-22635, 2, O:6, 1.000, 0.272
2026-02-19 11:59:01,289 - INFO - mp-22635, 4, O:6, 1.000, 0.260
2026-02-19 11:59:01,314 - INFO - mp-22635, 6, O:6, 1.000, 0.573
2026-02-19 11:59:01,338 - INFO - mp-22635, 8, O:6, 1.000, 0.299
2026-02-19 11:59:01,362 - INFO - mp-22728, 8, O:6, 1.000, 0.318
2026-02-19 11:59:01,363 - INFO - mp-22635, 10, O:6, 1.000, 0.254
2026-02-19 11:59:01,388 - INFO - mp-22635, 12, O:6, 1.000, 0.971
2026-02-19 11:59:01,981 - INFO - mp-22949, 0, O:6, 1.000, 0.421
2026-02-19 11:59:02,387 - INFO - mp-22967, 4, O:6, 1.000, 0.018
2026-02-19 11:59:02,446 - INFO - mp-23069, 0, O:6, 1.000, 0.693
2026-02-19 11:59:02,500 - INFO - mp-22972, 6, T:6, 1.000, 1.208
2026-02-19 11:59:02,775 - INFO - mp-23123, 0, O:6, 0.863, 4.089
2026-02-19 11:59:03,309 - INFO - mp-23204, 0, O:6, 1.000, 0.843
2026-02-19 11:59:03,404 - INFO - mp-23125, 24, O:6, 1.000, 0.017
2026-02-19 11:59:03,441 - INFO - mp-23232, 0, O:6, 1.000, 0.278
2026-02-19 11:59:03,874 - INFO - mp-23081, 6, O:6, 0.918, 1.778
2026-02-19 11:59:03,909 - INFO - mp-22806, 0, O:6, 1.000, 0.132
2026-02-19 11:59:03,927 - INFO - mp-22806, 1, O:6, 1.000, 0.095
2026-02-19 11:59:04,230 - INFO - mp-23105, 6, O:6, 0.523, 2.759
2026-02-19 11:59:04,314 - INFO - mp-23229, 0, O:6, 1.000, 0.040
2026-02-19 11:59:05,317 - INFO - mp-23804, 8, O:6, 1.000, 0.000
2026-02-19 11:59:05,330 - INFO - mp-23348, 4, O:6, 1.000, 0.462
2026-02-19 11:59:05,490 - INFO - mp-23501, 0, O:6, 1.000, 0.503
2026-02-19 11:59:05,804 - INFO - mp-23415, 4, O:6, 1.000, 0.486
2026-02-19 11:59:05,941 - INFO - mp-23538, 4, O:6, 1.000, 0.602
2026-02-19 11:59:05,980 - INFO - mp-23972, 0, O:6, 1.000, 0.675
2026-02-19 11:59:06,182 - INFO - mp-23880, 0, O:6, 1.000, 0.942
2026-02-19 11:59:07,300 - INFO - mp-24200, 0, O:6, 1.000, 1.456
2026-02-19 11:59:08,513 - INFO - mp-24008, 8, O:6, 1.000, 0.314
2026-02-19 11:59:08,980 - INFO - mp-24102, 2, O:6, 1.000, 0.469
2026-02-19 11:59:09,192 - INFO - mp-24117, 4, O:6, 1.000, 0.003
2026-02-19 11:59:10,567 - INFO - mp-24447, 0, O:6, 1.000, 0.003
2026-02-19 11:59:11,879 - INFO - mp-24056, 0, O:6, 1.000, 0.030
2026-02-19 11:59:11,928 - INFO - mp-24056, 4, O:6, 1.000, 0.020
2026-02-19 11:59:12,031 - INFO - mp-24220, 4, O:6, 1.000, 0.095
2026-02-19 11:59:12,414 - INFO - mp-24537, 0, O:6, 0.943, 1.524
2026-02-19 11:59:13,343 - INFO - mp-23881, 0, O:6, 1.000, 0.529
2026-02-19 11:59:13,371 - INFO - mp-23881, 4, O:6, 1.000, 0.615
2026-02-19 11:59:14,107 - INFO - mp-24470, 0, O:6, 1.000, 0.784
2026-02-19 11:59:14,134 - INFO - mp-24470, 8, O:6, 1.000, 0.784
2026-02-19 11:59:14,966 - INFO - mp-24813, 2, T:6, 1.000, 5.312
2026-02-19 11:59:14,983 - INFO - mp-24813, 6, S:4, 1.000, 2.833
2026-02-19 11:59:15,000 - INFO - mp-24813, 10, O:6, 1.000, 6.735
2026-02-19 11:59:15,538 - INFO - mp-24619, 0, O:6, 1.000, 0.063
2026-02-19 11:59:15,661 - INFO - mp-24392, 8, O:6, 1.000, 3.020
2026-02-19 11:59:17,201 - INFO - mp-24971, 4, S:5, 0.682, 1.120
2026-02-19 11:59:17,219 - INFO - mp-24971, 6, S:5, 0.707, 1.010
2026-02-19 11:59:17,238 - INFO - mp-24474, 0, O:6, 1.000, 2.263
2026-02-19 11:59:17,259 - INFO - mp-24474, 2, T:5, 0.961, 1.540
2026-02-19 11:59:17,280 - INFO - mp-24474, 4, O:6, 1.000, 0.980
2026-02-19 11:59:17,299 - INFO - mp-24474, 6, O:6, 1.000, 0.125
2026-02-19 11:59:17,356 - INFO - mp-25303, 0, O:6, 1.000, 0.799
2026-02-19 11:59:17,760 - INFO - mp-24648, 4, O:6, 1.000, 0.229
2026-02-19 11:59:19,227 - INFO - mp-27334, 12, T:4, 1.000, 0.061
2026-02-19 11:59:20,700 - INFO - mp-26985, 4, O:6, 1.000, 1.100
2026-02-19 11:59:20,748 - INFO - mp-26985, 8, O:6, 1.000, 1.019
2026-02-19 11:59:21,746 - INFO - mp-27164, 0, O:6, 1.000, 0.705
2026-02-19 11:59:21,788 - INFO - mp-27164, 4, O:6, 1.000, 0.820
2026-02-19 11:59:21,963 - INFO - mp-24752, 1, O:6, 1.000, 0.017
2026-02-19 11:59:21,991 - INFO - mp-27380, 0, T:6, 1.000, 7.300
2026-02-19 11:59:22,008 - INFO - mp-24752, 2, O:6, 1.000, 0.403
2026-02-19 11:59:23,539 - INFO - mp-27338, 8, O:6, 1.000, 0.374
2026-02-19 11:59:23,569 - INFO - mp-27338, 12, O:6, 1.000, 1.584
2026-02-19 11:59:23,683 - ERROR - No coordination environment symbols available for mp-27505 and index 0.
2026-02-19 11:59:23,835 - INFO - mp-27489, 12, T:4, 1.000, 0.477
2026-02-19 11:59:25,211 - INFO - mp-25993, 12, O:6, 1.000, 0.697
2026-02-19 11:59:25,260 - INFO - mp-25993, 16, O:6, 1.000, 0.752
2026-02-19 11:59:25,782 - INFO - mp-27491, 4, O:6, 1.000, 0.383
2026-02-19 11:59:25,817 - INFO - mp-27491, 12, O:6, 1.000, 0.383
2026-02-19 11:59:26,372 - INFO - mp-27514, 4, T:4, 1.000, 0.075
2026-02-19 11:59:26,950 - INFO - mp-27492, 4, O:6, 1.000, 0.283
2026-02-19 11:59:26,997 - INFO - mp-27492, 12, O:6, 1.000, 0.553
2026-02-19 11:59:27,046 - INFO - mp-27492, 20, O:6, 1.000, 0.688
2026-02-19 11:59:27,944 - INFO - mp-27570, 4, T:4, 1.000, 0.038
2026-02-19 11:59:28,401 - INFO - mp-27660, 2, T:4, 1.000, 0.048
2026-02-19 11:59:28,801 - INFO - mp-27904, 0, O:6, 1.000, 0.556
2026-02-19 11:59:28,956 - INFO - mp-27884, 48, T:6, 1.000, 3.147
2026-02-19 11:59:28,957 - INFO - mp-27609, 6, T:5, 0.652, 6.741
2026-02-19 11:59:28,990 - INFO - mp-27884, 80, O:6, 1.000, 6.935
2026-02-19 11:59:30,800 - INFO - mp-28100, 4, T:4, 1.000, 0.593
2026-02-19 11:59:30,829 - INFO - mp-28100, 6, T:4, 1.000, 0.593
2026-02-19 11:59:30,985 - INFO - mp-24776, 0, O:6, 1.000, 0.081
2026-02-19 11:59:30,990 - INFO - mp-27908, 0, O:6, 1.000, 6.308
2026-02-19 11:59:31,033 - INFO - mp-24776, 2, O:6, 1.000, 0.149
2026-02-19 11:59:31,034 - INFO - mp-27908, 12, T:4, 1.000, 3.338
2026-02-19 11:59:31,054 - INFO - mp-27908, 18, T:4, 1.000, 3.117
2026-02-19 11:59:32,712 - INFO - mp-28208, 2, O:6, 1.000, 0.304
2026-02-19 11:59:33,233 - INFO - mp-27557, 32, T:4, 1.000, 0.164
2026-02-19 11:59:33,285 - INFO - mp-27557, 36, T:4, 1.000, 0.262
2026-02-19 11:59:33,435 - INFO - mp-28231, 4, T:4, 0.990, 1.843
2026-02-19 11:59:34,002 - INFO - mp-28104, 0, O:6, 1.000, 0.404
2026-02-19 11:59:35,197 - INFO - mp-28220, 4, O:6, 1.000, 0.330
2026-02-19 11:59:37,716 - INFO - mp-28378, 12, O:6, 1.000, 3.886
2026-02-19 11:59:37,762 - INFO - mp-28378, 20, O:6, 1.000, 3.886
2026-02-19 11:59:38,085 - INFO - mp-28009, 8, T:4, 0.673, 0.059
2026-02-19 11:59:38,107 - INFO - mp-28444, 0, O:6, 1.000, 2.098
2026-02-19 11:59:38,137 - INFO - mp-28009, 12, O:6, 1.000, 0.433
2026-02-19 11:59:38,150 - INFO - mp-28444, 4, O:6, 1.000, 2.502
2026-02-19 11:59:38,180 - INFO - mp-28009, 16, O:6, 1.000, 0.395
2026-02-19 11:59:38,230 - INFO - mp-28009, 20, T:5, 1.000, 0.060
2026-02-19 11:59:38,253 - INFO - mp-28009, 22, O:6, 1.000, 0.433
2026-02-19 11:59:38,276 - INFO - mp-28009, 24, O:6, 1.000, 0.367
2026-02-19 11:59:38,406 - INFO - mp-28359, 8, O:6, 1.000, 0.800
2026-02-19 11:59:38,439 - INFO - mp-28189, 0, T:4, 1.000, 0.049
2026-02-19 11:59:38,464 - INFO - mp-28359, 12, O:6, 1.000, 1.456
2026-02-19 11:59:38,467 - INFO - mp-28189, 1, T:4, 1.000, 0.054
2026-02-19 11:59:38,513 - INFO - mp-28359, 16, O:6, 1.000, 0.495
2026-02-19 11:59:38,761 - INFO - mp-28452, 0, T:6, 1.000, 3.406
2026-02-19 11:59:38,793 - ERROR - No coordination environment symbols available for mp-28452 and index 32.
2026-02-19 11:59:40,663 - INFO - mp-28435, 4, T:4, 0.952, 0.082
2026-02-19 11:59:40,688 - INFO - mp-28435, 6, T:4, 0.951, 0.074
2026-02-19 11:59:41,274 - ERROR - No coordination environment symbols available for mp-28637 and index 8.
2026-02-19 11:59:42,253 - INFO - mp-28628, 12, T:4, 1.000, 0.200
2026-02-19 11:59:42,334 - INFO - mp-28696, 12, T:4, 1.000, 0.836
2026-02-19 11:59:42,984 - INFO - mp-28600, 8, O:6, 1.000, 0.139
2026-02-19 11:59:43,741 - ERROR - No coordination environment symbols available for mp-28770 and index 8.
2026-02-19 11:59:43,804 - ERROR - No coordination environment symbols available for mp-28618 and index 6.
2026-02-19 11:59:43,846 - INFO - mp-28618, 54, T:5, 1.000, 5.821
2026-02-19 11:59:43,884 - ERROR - No coordination environment symbols available for mp-28618 and index 102.
2026-02-19 11:59:43,919 - INFO - mp-28618, 118, T:5, 1.000, 5.821
2026-02-19 11:59:45,656 - INFO - mp-28828, 24, O:6, 1.000, 0.000
2026-02-19 11:59:47,042 - INFO - mp-28884, 2, T:4, 1.000, 0.535
2026-02-19 11:59:47,443 - INFO - mp-28901, 2, O:6, 1.000, 2.178
2026-02-19 11:59:47,789 - INFO - mp-28640, 32, O:6, 1.000, 0.125
2026-02-19 11:59:47,828 - INFO - mp-28640, 40, O:6, 1.000, 0.095
2026-02-19 11:59:49,026 - INFO - mp-28519, 0, O:6, 1.000, 2.633
2026-02-19 11:59:49,036 - ERROR - No coordination environment symbols available for mp-28771 and index 10.
2026-02-19 11:59:49,040 - ERROR - No coordination environment symbols available for mp-28771 and index 12.
2026-02-19 11:59:49,042 - ERROR - No coordination environment symbols available for mp-28771 and index 14.
2026-02-19 11:59:49,084 - INFO - mp-28519, 2, O:6, 1.000, 1.061
2026-02-19 11:59:49,129 - INFO - mp-28519, 4, O:6, 1.000, 1.018
2026-02-19 11:59:49,176 - INFO - mp-28519, 6, O:6, 1.000, 0.498
2026-02-19 11:59:49,221 - INFO - mp-28519, 7, O:6, 1.000, 0.281
2026-02-19 11:59:50,917 - INFO - mp-28700, 0, O:6, 1.000, 0.392
2026-02-19 11:59:50,959 - INFO - mp-28700, 2, O:6, 1.000, 0.420
2026-02-19 11:59:51,404 - INFO - mp-28903, 24, O:6, 1.000, 0.021
2026-02-19 11:59:52,018 - ERROR - No coordination environment symbols available for mp-28964 and index 16.
2026-02-19 11:59:52,534 - INFO - mp-29076, 0, O:6, 1.000, 1.021
2026-02-19 11:59:52,864 - ERROR - No coordination environment symbols available for mp-29068 and index 20.
2026-02-19 11:59:54,114 - INFO - mp-29400, 2, O:6, 1.000, 0.019
2026-02-19 11:59:55,168 - ERROR - No coordination environment symbols available for mp-29111 and index 8.
2026-02-19 11:59:55,172 - ERROR - No coordination environment symbols available for mp-29111 and index 16.
2026-02-19 11:59:55,913 - INFO - mp-29110, 4, S:5, 1.000, 7.343
2026-02-19 11:59:55,920 - ERROR - No coordination environment symbols available for mp-29110 and index 6.
2026-02-19 11:59:55,953 - INFO - mp-29110, 8, S:5, 1.000, 6.184
2026-02-19 11:59:56,067 - INFO - mp-29423, 4, T:4, 1.000, 0.108
2026-02-19 11:59:56,587 - INFO - mp-29100, 0, O:6, 1.000, 1.246
2026-02-19 11:59:56,634 - INFO - mp-29100, 8, O:6, 1.000, 0.654
2026-02-19 11:59:56,684 - INFO - mp-29100, 12, T:4, 0.902, 1.704
2026-02-19 11:59:57,165 - INFO - mp-28780, 10, T:6, 1.000, 4.322
2026-02-19 11:59:57,192 - INFO - mp-28780, 14, T:4, 1.000, 0.434
2026-02-19 11:59:57,217 - INFO - mp-28780, 18, T:4, 1.000, 0.120
2026-02-19 11:59:57,241 - INFO - mp-28780, 22, S:5, 0.994, 1.601
2026-02-19 11:59:57,266 - INFO - mp-28780, 26, T:4, 1.000, 0.095
2026-02-19 11:59:57,267 - INFO - mp-29066, 24, O:6, 1.000, 6.961
2026-02-19 11:59:57,297 - INFO - mp-28780, 30, T:6, 1.000, 4.322
2026-02-19 11:59:57,310 - INFO - mp-29066, 28, O:6, 1.000, 6.933
2026-02-19 11:59:57,321 - INFO - mp-28780, 34, T:4, 1.000, 0.434
2026-02-19 11:59:57,333 - ERROR - No coordination environment symbols available for mp-29066 and index 32.
2026-02-19 11:59:57,348 - INFO - mp-28780, 38, T:4, 1.000, 0.120
2026-02-19 11:59:57,364 - INFO - mp-29066, 36, T:6, 1.000, 7.823
2026-02-19 11:59:57,384 - INFO - mp-28780, 42, S:5, 0.994, 1.601
2026-02-19 11:59:57,428 - INFO - mp-28780, 46, T:4, 1.000, 0.095
2026-02-19 11:59:57,794 - INFO - mp-29659, 0, O:6, 1.000, 0.718
2026-02-19 11:59:57,935 - INFO - mp-29248, 4, O:6, 1.000, 0.130
2026-02-19 11:59:58,006 - INFO - mp-29248, 8, O:6, 1.000, 0.252
2026-02-19 11:59:58,062 - INFO - mp-29248, 12, O:6, 1.000, 0.130
2026-02-19 11:59:58,109 - INFO - mp-29248, 16, O:6, 1.000, 0.252
2026-02-19 11:59:58,973 - ERROR - No coordination environment symbols available for mp-30044 and index 0.
2026-02-19 11:59:59,373 - INFO - mp-29472, 0, O:6, 1.000, 1.631
2026-02-19 11:59:59,409 - INFO - mp-29472, 2, O:6, 1.000, 0.833
2026-02-19 11:59:59,439 - INFO - mp-30073, 2, O:6, 1.000, 0.437
2026-02-19 11:59:59,581 - INFO - mp-29575, 6, O:6, 1.000, 0.305
2026-02-19 12:00:00,225 - INFO - mp-30075, 8, O:6, 1.000, 0.003
2026-02-19 12:00:01,804 - INFO - mp-30328, 6, T:6, 1.000, 1.239
2026-02-19 12:00:01,845 - INFO - mp-30084, 16, T:4, 1.000, 0.000
2026-02-19 12:00:03,151 - ERROR - No coordination environment symbols available for mp-30326 and index 20.
2026-02-19 12:00:03,886 - INFO - mp-30093, 12, T:4, 1.000, 1.820
2026-02-19 12:00:04,010 - ERROR - No coordination environment symbols available for mp-30551 and index 4.
2026-02-19 12:00:04,062 - WARNING - /home/esrf/retegan/.conda/envs/xasml/lib/python3.12/site-packages/pymatgen/io/cif.py:1304: UserWarning: Issues encountered while parsing CIF: 6 fractional coordinates rounded to ideal values to avoid issues with finite precision.
  warnings.warn("Issues encountered while parsing CIF: " + "\n".join(self.warnings))

2026-02-19 12:00:04,327 - INFO - mp-30154, 0, T:4, 1.000, 0.546
2026-02-19 12:00:04,356 - INFO - mp-29757, 0, O:6, 1.000, 0.038
2026-02-19 12:00:04,378 - INFO - mp-30154, 4, T:4, 1.000, 0.546
2026-02-19 12:00:04,434 - ERROR - No coordination environment symbols available for mp-30634 and index 9.
2026-02-19 12:00:04,434 - ERROR - No coordination environment symbols available for mp-30634 and index 27.
2026-02-19 12:00:04,467 - INFO - mp-30634, 33, T:6, 1.000, 4.213
2026-02-19 12:00:04,823 - ERROR - No coordination environment symbols available for mp-30635 and index 0.
2026-02-19 12:00:05,598 - INFO - mp-30076, 24, O:6, 1.000, 5.225
2026-02-19 12:00:05,600 - ERROR - No coordination environment symbols available for mp-30570 and index 8.
2026-02-19 12:00:05,625 - INFO - mp-30076, 32, O:6, 1.000, 3.909
2026-02-19 12:00:05,651 - INFO - mp-30076, 40, O:6, 1.000, 3.928
2026-02-19 12:00:07,417 - ERROR - No coordination environment symbols available for mp-30640 and index 4.
2026-02-19 12:00:07,450 - INFO - mp-30640, 16, T:6, 1.000, 6.567
2026-02-19 12:00:07,459 - ERROR - No coordination environment symbols available for mp-30640 and index 28.
2026-02-19 12:00:07,496 - INFO - mp-30640, 34, T:4, 1.000, 0.082
2026-02-19 12:00:07,939 - ERROR - No coordination environment symbols available for mp-30638 and index 9.
2026-02-19 12:00:07,939 - ERROR - No coordination environment symbols available for mp-30638 and index 27.
2026-02-19 12:00:07,970 - INFO - mp-30638, 33, T:6, 1.000, 5.008
2026-02-19 12:00:08,731 - ERROR - No coordination environment symbols available for mp-30639 and index 8.
2026-02-19 12:00:08,731 - ERROR - No coordination environment symbols available for mp-30639 and index 20.
2026-02-19 12:00:08,758 - INFO - mp-30639, 26, T:6, 1.000, 5.128
2026-02-19 12:00:08,799 - INFO - mp-30639, 30, T:6, 1.000, 5.083
2026-02-19 12:00:08,810 - ERROR - No coordination environment symbols available for mp-30639 and index 34.
2026-02-19 12:00:09,159 - INFO - mp-30641, 24, T:4, 1.000, 0.012
2026-02-19 12:00:09,206 - ERROR - No coordination environment symbols available for mp-30641 and index 56.
2026-02-19 12:00:09,206 - ERROR - No coordination environment symbols available for mp-30641 and index 88.
2026-02-19 12:00:09,206 - ERROR - No coordination environment symbols available for mp-30641 and index 112.
2026-02-19 12:00:09,487 - ERROR - No coordination environment symbols available for mp-30701 and index 36.
2026-02-19 12:00:09,493 - ERROR - No coordination environment symbols available for mp-30701 and index 40.
2026-02-19 12:00:10,076 - INFO - mp-30947, 12, T:4, 1.000, 0.327
2026-02-19 12:00:11,269 - INFO - mp-31094, 8, T:4, 0.812, 1.318
2026-02-19 12:00:11,287 - ERROR - No coordination environment symbols available for mp-31179 and index 18.
2026-02-19 12:00:11,478 - ERROR - No coordination environment symbols available for mp-31185 and index 8.
2026-02-19 12:00:12,205 - INFO - mp-31095, 8, T:4, 0.827, 1.293
2026-02-19 12:00:12,256 - ERROR - No coordination environment symbols available for mp-31187 and index 8.
2026-02-19 12:00:12,484 - INFO - mp-30702, 116, S:4, 1.000, 3.537
2026-02-19 12:00:12,520 - ERROR - No coordination environment symbols available for mp-30702 and index 128.
2026-02-19 12:00:13,029 - ERROR - No coordination environment symbols available for mp-31186 and index 4.
2026-02-19 12:00:14,570 - INFO - mp-30995, 0, O:6, 1.000, 3.177
2026-02-19 12:00:14,637 - INFO - mp-30995, 4, O:6, 1.000, 0.784
2026-02-19 12:00:14,652 - INFO - mp-31205, 12, T:6, 1.000, 0.120
2026-02-19 12:00:15,015 - ERROR - No coordination environment symbols available for mp-31218 and index 12.
2026-02-19 12:00:16,079 - INFO - mp-31755, 4, O:6, 1.000, 0.216
2026-02-19 12:00:16,674 - INFO - mp-31756, 8, O:6, 1.000, 0.000
2026-02-19 12:00:17,071 - INFO - mp-31760, 6, O:6, 1.000, 0.004
2026-02-19 12:00:17,576 - INFO - mp-31758, 4, T:4, 0.976, 0.738
2026-02-19 12:00:18,810 - INFO - mp-31761, 4, O:6, 1.000, 1.774
2026-02-19 12:00:19,893 - INFO - mp-31763, 4, O:6, 1.000, 0.017
2026-02-19 12:00:20,001 - INFO - mp-35596, 0, T:4, 1.000, 0.006
2026-02-19 12:00:20,027 - INFO - mp-35596, 4, T:4, 1.000, 0.006
2026-02-19 12:00:20,448 - ERROR - No coordination environment symbols available for mp-35276 and index 2.
2026-02-19 12:00:20,670 - ERROR - No coordination environment symbols available for mp-31197 and index 8.
2026-02-19 12:00:20,670 - ERROR - No coordination environment symbols available for mp-31197 and index 24.
2026-02-19 12:00:20,670 - ERROR - No coordination environment symbols available for mp-31197 and index 32.
2026-02-19 12:00:20,670 - ERROR - No coordination environment symbols available for mp-31197 and index 40.
2026-02-19 12:00:20,674 - ERROR - No coordination environment symbols available for mp-31197 and index 48.
2026-02-19 12:00:21,206 - INFO - mp-31770, 0, T:4, 1.000, 0.020
2026-02-19 12:00:21,249 - INFO - mp-31770, 4, O:6, 1.000, 0.126
2026-02-19 12:00:21,287 - INFO - mp-31770, 8, O:6, 1.000, 0.264
2026-02-19 12:00:21,424 - INFO - mp-31512, 28, T:4, 1.000, 0.934
2026-02-19 12:00:21,474 - INFO - mp-31512, 32, T:4, 0.997, 0.839
2026-02-19 12:00:22,906 - ERROR - No coordination environment symbols available for mp-504491 and index 12.
2026-02-19 12:00:22,906 - ERROR - No coordination environment symbols available for mp-504491 and index 36.
2026-02-19 12:00:23,621 - INFO - mp-504549, 4, O:6, 1.000, 0.291
2026-02-19 12:00:23,676 - INFO - mp-504445, 2, T:4, 0.761, 0.237
2026-02-19 12:00:23,708 - INFO - mp-504445, 6, O:6, 1.000, 0.423
2026-02-19 12:00:23,979 - ERROR - No coordination environment symbols available for mp-504492 and index 12.
2026-02-19 12:00:23,979 - ERROR - No coordination environment symbols available for mp-504492 and index 36.
2026-02-19 12:00:24,007 - ERROR - No coordination environment symbols available for mp-36915 and index 12.
2026-02-19 12:00:24,007 - ERROR - No coordination environment symbols available for mp-36915 and index 14.
2026-02-19 12:00:26,923 - INFO - mp-504563, 4, T:4, 1.000, 0.483
2026-02-19 12:00:27,086 - INFO - mp-504603, 12, O:6, 1.000, 0.000
2026-02-19 12:00:27,802 - INFO - mp-504570, 12, T:4, 1.000, 1.101
2026-02-19 12:00:28,503 - INFO - mp-504583, 0, O:6, 1.000, 0.842
2026-02-19 12:00:29,418 - INFO - mp-504179, 4, O:6, 1.000, 0.410
2026-02-19 12:00:30,215 - INFO - mp-504587, 0, T:4, 1.000, 0.031
2026-02-19 12:00:30,255 - INFO - mp-504587, 4, T:4, 1.000, 0.006
2026-02-19 12:00:30,289 - INFO - mp-504587, 6, T:4, 1.000, 0.173
2026-02-19 12:00:30,332 - INFO - mp-504587, 7, T:4, 1.000, 0.007
2026-02-19 12:00:30,365 - INFO - mp-504587, 8, T:4, 1.000, 0.086
2026-02-19 12:00:31,447 - INFO - mp-504611, 18, O:6, 1.000, 0.085
2026-02-19 12:00:31,475 - INFO - mp-504611, 21, O:6, 1.000, 0.006
2026-02-19 12:00:31,579 - INFO - mp-504615, 0, O:6, 1.000, 0.671
2026-02-19 12:00:31,628 - INFO - mp-504615, 4, T:4, 0.928, 0.177
2026-02-19 12:00:31,658 - INFO - mp-504509, 6, O:6, 1.000, 1.046
2026-02-19 12:00:31,697 - INFO - mp-504509, 8, O:6, 1.000, 0.627
2026-02-19 12:00:31,737 - INFO - mp-504509, 10, T:5, 0.986, 0.963
2026-02-19 12:00:32,120 - ERROR - No coordination environment symbols available for mp-504619 and index 0.
2026-02-19 12:00:32,120 - ERROR - No coordination environment symbols available for mp-504619 and index 32.
2026-02-19 12:00:32,420 - INFO - mp-504699, 12, O:6, 1.000, 0.000
2026-02-19 12:00:32,498 - INFO - mp-504703, 4, O:6, 1.000, 0.011
2026-02-19 12:00:34,426 - INFO - mp-504649, 12, O:6, 1.000, 0.034
2026-02-19 12:00:34,572 - INFO - mp-504821, 4, O:6, 1.000, 0.268
2026-02-19 12:00:35,418 - INFO - mp-504741, 4, S:5, 0.998, 5.921
2026-02-19 12:00:35,421 - ERROR - No coordination environment symbols available for mp-504741 and index 8.
2026-02-19 12:00:36,354 - INFO - mp-504863, 12, T:4, 1.000, 0.211
2026-02-19 12:00:37,714 - INFO - mp-504752, 0, O:6, 1.000, 0.726
2026-02-19 12:00:37,732 - INFO - mp-504752, 2, O:6, 1.000, 0.729
2026-02-19 12:00:37,749 - INFO - mp-504752, 3, O:6, 1.000, 0.481
2026-02-19 12:00:37,766 - INFO - mp-504752, 4, O:6, 1.000, 0.756
2026-02-19 12:00:37,783 - INFO - mp-504752, 5, O:6, 1.000, 0.815
2026-02-19 12:00:38,005 - INFO - mp-504968, 4, T:4, 1.000, 0.035
2026-02-19 12:00:38,105 - INFO - mp-504974, 0, O:6, 1.000, 0.223
2026-02-19 12:00:38,123 - INFO - mp-504974, 2, T:4, 1.000, 1.220
2026-02-19 12:00:38,308 - INFO - mp-504885, 2, S:4, 1.000, 2.014
2026-02-19 12:00:39,040 - INFO - mp-505009, 0, O:6, 1.000, 0.733
2026-02-19 12:00:40,675 - INFO - mp-33325, 16, O:6, 1.000, 0.218
2026-02-19 12:00:40,733 - INFO - mp-33325, 20, O:6, 1.000, 0.188
2026-02-19 12:00:40,738 - INFO - mp-505066, 4, O:6, 1.000, 0.142
2026-02-19 12:00:40,774 - INFO - mp-33325, 24, T:4, 0.979, 0.014
2026-02-19 12:00:40,834 - INFO - mp-33325, 28, T:4, 1.000, 0.009
2026-02-19 12:00:40,891 - INFO - mp-33325, 32, O:6, 1.000, 0.218
2026-02-19 12:00:40,903 - ERROR - No coordination environment symbols available for mp-505040 and index 12.
2026-02-19 12:00:40,920 - INFO - mp-33325, 34, O:6, 1.000, 0.124
2026-02-19 12:00:40,947 - INFO - mp-33325, 36, O:6, 1.000, 0.188
2026-02-19 12:00:40,982 - INFO - mp-505110, 0, O:6, 1.000, 0.539
2026-02-19 12:00:40,995 - INFO - mp-33325, 38, O:6, 1.000, 0.175
2026-02-19 12:00:41,042 - INFO - mp-33325, 40, T:4, 0.979, 0.014
2026-02-19 12:00:41,087 - INFO - mp-33325, 42, T:4, 1.000, 0.009
2026-02-19 12:00:41,115 - INFO - mp-33325, 44, T:4, 1.000, 0.009
2026-02-19 12:00:41,143 - INFO - mp-33325, 46, T:4, 0.976, 0.007
2026-02-19 12:00:43,068 - ERROR - No coordination environment symbols available for mp-505147 and index 12.
2026-02-19 12:00:43,842 - INFO - mp-504945, 4, O:6, 1.000, 0.018
2026-02-19 12:00:44,410 - ERROR - No coordination environment symbols available for mp-505229 and index 12.
2026-02-19 12:00:44,585 - INFO - mp-505244, 0, T:4, 1.000, 0.183
2026-02-19 12:00:46,188 - WARNING - /home/esrf/retegan/Code/xasml/src/xasml/datasets/fdmnes/io.py:30: RuntimeWarning: divide by zero encountered in divide
  a = np.pi * gamma_max * (f - 1 / f**2) / (3 * x_larg)

2026-02-19 12:00:46,209 - INFO - mp-505259, 2, T:4, 1.000, 0.000
2026-02-19 12:00:46,214 - INFO - mp-505098, 0, O:6, 1.000, 0.721
2026-02-19 12:00:46,252 - INFO - mp-505098, 4, O:6, 1.000, 0.635
2026-02-19 12:00:46,299 - INFO - mp-505170, 4, O:6, 1.000, 0.913
2026-02-19 12:00:46,347 - INFO - mp-505170, 8, O:6, 1.000, 1.280
2026-02-19 12:00:46,403 - INFO - mp-505170, 12, O:6, 1.000, 0.424
2026-02-19 12:00:46,446 - INFO - mp-505170, 14, O:6, 1.000, 0.355
2026-02-19 12:00:47,381 - INFO - mp-505310, 6, S:5, 0.625, 0.416
2026-02-19 12:00:48,513 - INFO - mp-505286, 6, O:6, 1.000, 0.002
2026-02-19 12:00:49,616 - INFO - mp-505312, 4, S:5, 0.708, 0.627
2026-02-19 12:00:50,045 - INFO - mp-505332, 2, T:4, 1.000, 0.744
2026-02-19 12:00:50,312 - INFO - mp-505351, 12, T:4, 1.000, 0.245
2026-02-19 12:00:50,461 - INFO - mp-505314, 12, T:4, 0.974, 0.224
2026-02-19 12:00:50,894 - INFO - mp-505361, 64, T:6, 1.000, 3.009
2026-02-19 12:00:51,055 - INFO - mp-504740, 36, T:5, 1.000, 7.188
2026-02-19 12:00:51,064 - ERROR - No coordination environment symbols available for mp-504740 and index 37.
2026-02-19 12:00:51,064 - ERROR - No coordination environment symbols available for mp-504740 and index 38.
2026-02-19 12:00:51,064 - ERROR - No coordination environment symbols available for mp-504740 and index 39.
2026-02-19 12:00:51,064 - ERROR - No coordination environment symbols available for mp-504740 and index 40.
2026-02-19 12:00:51,064 - ERROR - No coordination environment symbols available for mp-504740 and index 41.
2026-02-19 12:00:51,064 - ERROR - No coordination environment symbols available for mp-504740 and index 42.
2026-02-19 12:00:51,064 - ERROR - No coordination environment symbols available for mp-504740 and index 43.
2026-02-19 12:00:52,254 - INFO - mp-505531, 0, T:4, 1.000, 0.032
2026-02-19 12:00:52,300 - INFO - mp-505443, 12, T:4, 1.000, 0.164
2026-02-19 12:00:52,564 - INFO - mp-505522, 0, T:4, 1.000, 0.000
2026-02-19 12:00:56,071 - ERROR - No coordination environment symbols available for mp-505545 and index 8.
2026-02-19 12:00:56,238 - INFO - mp-505478, 4, O:6, 1.000, 0.049
2026-02-19 12:00:56,297 - INFO - mp-505440, 16, O:6, 0.759, 4.865
2026-02-19 12:00:56,372 - INFO - mp-505440, 24, T:5, 0.999, 1.213
2026-02-19 12:00:56,464 - INFO - mp-505440, 32, O:6, 1.000, 0.748
2026-02-19 12:00:56,773 - INFO - mp-505589, 2, S:5, 0.515, 1.657
2026-02-19 12:00:59,194 - ERROR - No coordination environment symbols available for mp-505554 and index 4.
2026-02-19 12:00:59,198 - ERROR - No coordination environment symbols available for mp-505554 and index 6.
2026-02-19 12:00:59,229 - INFO - mp-505554, 8, S:5, 1.000, 6.261
2026-02-19 12:00:59,268 - INFO - mp-505554, 10, S:5, 1.000, 6.327
2026-02-19 12:00:59,526 - INFO - mp-505632, 4, T:4, 1.000, 0.186
2026-02-19 12:00:59,580 - INFO - mp-505623, 8, O:6, 1.000, 0.001
2026-02-19 12:01:01,159 - INFO - mp-505803, 2, T:4, 1.000, 0.358
2026-02-19 12:01:01,383 - INFO - mp-505660, 6, O:6, 1.000, 0.000
2026-02-19 12:01:01,645 - INFO - mp-505661, 6, O:6, 1.000, 0.060
2026-02-19 12:01:01,797 - INFO - mp-505595, 0, O:6, 1.000, 0.707
2026-02-19 12:01:01,832 - INFO - mp-505595, 2, O:6, 1.000, 0.726
2026-02-19 12:01:01,871 - INFO - mp-505595, 4, O:6, 1.000, 0.843
2026-02-19 12:01:01,904 - INFO - mp-505595, 6, O:6, 1.000, 0.804
2026-02-19 12:01:01,939 - INFO - mp-505595, 8, T:5, 1.000, 5.356
2026-02-19 12:01:01,957 - INFO - mp-505595, 10, T:5, 1.000, 5.143
2026-02-19 12:01:02,736 - INFO - mp-505526, 0, O:6, 1.000, 0.807
2026-02-19 12:01:02,774 - INFO - mp-505526, 1, O:6, 1.000, 0.938
2026-02-19 12:01:02,806 - INFO - mp-505526, 2, O:6, 1.000, 0.813
2026-02-19 12:01:02,824 - INFO - mp-505526, 3, O:6, 1.000, 0.821
2026-02-19 12:01:03,294 - INFO - mp-505108, 0, O:6, 1.000, 0.033
2026-02-19 12:01:03,369 - INFO - mp-505108, 2, O:6, 1.000, 0.031
2026-02-19 12:01:03,436 - INFO - mp-505108, 3, O:6, 1.000, 0.034
2026-02-19 12:01:03,776 - INFO - mp-510080, 0, O:6, 1.000, 1.924
2026-02-19 12:01:04,081 - INFO - mp-505811, 0, O:6, 1.000, 1.010
2026-02-19 12:01:04,343 - ERROR - No coordination environment symbols available for mp-510133 and index 2.
2026-02-19 12:01:04,344 - INFO - mp-505732, 0, O:6, 1.000, 0.003
2026-02-19 12:01:04,617 - INFO - mp-505819, 4, O:6, 1.000, 0.146
2026-02-19 12:01:04,804 - ERROR - No coordination environment symbols available for mp-510164 and index 0.
2026-02-19 12:01:04,832 - INFO - mp-510164, 2, T:5, 1.000, 0.027
2026-02-19 12:01:05,651 - INFO - mp-510281, 0, O:6, 1.000, 0.691
2026-02-19 12:01:06,524 - INFO - mp-510381, 0, O:6, 1.000, 2.288
2026-02-19 12:01:06,991 - INFO - mp-510028, 2, S:5, 0.994, 1.151
2026-02-19 12:01:07,031 - INFO - mp-510028, 5, T:4, 1.000, 1.075
2026-02-19 12:01:07,076 - INFO - mp-510028, 8, T:4, 1.000, 0.240
2026-02-19 12:01:07,117 - INFO - mp-510028, 11, T:4, 1.000, 0.034
2026-02-19 12:01:07,971 - INFO - mp-510367, 0, O:6, 1.000, 3.241
2026-02-19 12:01:08,093 - INFO - mp-510036, 0, O:6, 1.000, 0.605
2026-02-19 12:01:08,951 - INFO - mp-510252, 0, O:6, 1.000, 0.147
2026-02-19 12:01:09,003 - INFO - mp-510252, 4, O:6, 1.000, 0.226
2026-02-19 12:01:09,051 - INFO - mp-510252, 6, O:6, 1.000, 0.105
2026-02-19 12:01:09,100 - INFO - mp-510252, 8, T:4, 1.000, 0.094
2026-02-19 12:01:09,138 - INFO - mp-510252, 10, T:4, 1.000, 0.069
2026-02-19 12:01:12,748 - INFO - mp-510511, 0, O:6, 1.000, 0.158
2026-02-19 12:01:13,972 - INFO - mp-510450, 0, O:6, 1.000, 2.823
2026-02-19 12:01:14,006 - INFO - mp-510450, 2, T:5, 0.991, 1.678
2026-02-19 12:01:14,020 - INFO - mp-510351, 0, O:6, 1.000, 2.145
2026-02-19 12:01:14,051 - INFO - mp-510450, 4, O:6, 1.000, 1.111
2026-02-19 12:01:14,057 - INFO - mp-510351, 2, T:5, 0.976, 1.827
2026-02-19 12:01:14,075 - INFO - mp-510450, 6, O:6, 1.000, 0.917
2026-02-19 12:01:14,106 - INFO - mp-510351, 4, O:6, 1.000, 1.195
2026-02-19 12:01:14,144 - INFO - mp-510351, 6, O:6, 1.000, 0.654
2026-02-19 12:01:14,432 - INFO - mp-510510, 0, O:6, 1.000, 0.305
2026-02-19 12:01:14,804 - INFO - mp-510517, 0, O:6, 0.999, 2.289
2026-02-19 12:01:14,852 - INFO - mp-510517, 4, O:6, 0.999, 3.094
2026-02-19 12:01:16,229 - INFO - mp-510624, 1, O:6, 1.000, 0.000
2026-02-19 12:01:16,639 - ERROR - No coordination environment symbols available for mp-510623 and index 0.
2026-02-19 12:01:16,639 - ERROR - No coordination environment symbols available for mp-510623 and index 8.
2026-02-19 12:01:17,122 - INFO - mp-510532, 0, O:6, 1.000, 0.641
2026-02-19 12:01:17,256 - INFO - mp-510524, 0, O:6, 1.000, 0.117
2026-02-19 12:01:17,300 - INFO - mp-510524, 2, O:6, 1.000, 0.073
2026-02-19 12:01:17,534 - INFO - mp-510606, 3, O:6, 1.000, 0.256
2026-02-19 12:01:17,786 - INFO - mp-510473, 0, O:6, 1.000, 0.398
2026-02-19 12:01:18,239 - INFO - mp-510619, 0, T:6, 1.000, 3.201
2026-02-19 12:01:18,273 - ERROR - No coordination environment symbols available for mp-510619 and index 32.
2026-02-19 12:01:18,485 - INFO - mp-510668, 2, T:4, 1.000, 0.047
2026-02-19 12:01:20,197 - INFO - mp-510641, 4, O:6, 1.000, 1.350
2026-02-19 12:01:20,259 - INFO - mp-510670, 0, O:6, 1.000, 0.258
2026-02-19 12:01:21,240 - INFO - mp-510708, 4, O:6, 1.000, 0.498
2026-02-19 12:01:22,100 - INFO - mp-532767, 7, T:4, 1.000, 0.453
2026-02-19 12:01:23,552 - ERROR - No coordination environment symbols available for mp-540538 and index 24.
2026-02-19 12:01:23,555 - ERROR - No coordination environment symbols available for mp-540538 and index 32.
2026-02-19 12:01:23,558 - ERROR - No coordination environment symbols available for mp-540538 and index 36.
2026-02-19 12:01:23,558 - ERROR - No coordination environment symbols available for mp-540538 and index 40.
2026-02-19 12:01:25,280 - INFO - mp-540592, 0, O:6, 1.000, 0.620
2026-02-19 12:01:25,335 - WARNING - /home/esrf/retegan/.conda/envs/xasml/lib/python3.12/site-packages/pymatgen/io/cif.py:1304: UserWarning: Issues encountered while parsing CIF: 1 fractional coordinates rounded to ideal values to avoid issues with finite precision.
  warnings.warn("Issues encountered while parsing CIF: " + "\n".join(self.warnings))

2026-02-19 12:01:26,339 - INFO - mp-510730, 4, O:6, 1.000, 0.096
2026-02-19 12:01:26,789 - INFO - mp-540591, 8, O:6, 1.000, 0.294
2026-02-19 12:01:27,365 - INFO - mp-540639, 0, O:6, 1.000, 1.941
2026-02-19 12:01:29,387 - INFO - mp-540658, 12, T:4, 1.000, 0.129
2026-02-19 12:01:29,445 - INFO - mp-540658, 20, O:6, 1.000, 0.395
2026-02-19 12:01:29,505 - INFO - mp-540658, 28, T:4, 1.000, 0.472
2026-02-19 12:01:30,599 - INFO - mp-540652, 16, O:6, 1.000, 0.302
2026-02-19 12:01:30,652 - INFO - mp-540652, 24, O:6, 1.000, 0.302
2026-02-19 12:01:30,701 - INFO - mp-540652, 28, O:6, 1.000, 0.271
2026-02-19 12:01:30,718 - INFO - mp-540702, 0, O:6, 1.000, 0.161
2026-02-19 12:01:30,749 - INFO - mp-540652, 30, O:6, 1.000, 0.053
2026-02-19 12:01:30,771 - INFO - mp-540702, 6, O:6, 1.000, 0.593
2026-02-19 12:01:30,810 - INFO - mp-540702, 12, O:6, 1.000, 0.378
2026-02-19 12:01:30,841 - INFO - mp-540702, 15, O:6, 1.000, 0.808
2026-02-19 12:01:30,862 - INFO - mp-540702, 18, O:6, 1.000, 0.558
2026-02-19 12:01:30,950 - INFO - mp-540724, 0, T:4, 1.000, 0.095
2026-02-19 12:01:33,001 - INFO - mp-540712, 0, O:6, 1.000, 0.828
2026-02-19 12:01:33,051 - INFO - mp-540712, 8, O:6, 1.000, 1.158
2026-02-19 12:01:33,796 - INFO - mp-540760, 0, T:4, 0.970, 0.049
2026-02-19 12:01:33,815 - INFO - mp-540740, 12, O:6, 1.000, 0.319
2026-02-19 12:01:34,771 - INFO - mp-510635, 24, O:6, 1.000, 0.791
2026-02-19 12:01:34,842 - INFO - mp-510635, 28, O:6, 1.000, 0.791
2026-02-19 12:01:34,953 - INFO - mp-540828, 0, O:6, 1.000, 3.106
2026-02-19 12:01:35,201 - INFO - mp-540767, 0, O:6, 1.000, 0.652
2026-02-19 12:01:35,248 - INFO - mp-540767, 6, O:6, 1.000, 0.031
2026-02-19 12:01:35,769 - INFO - mp-540809, 2, T:4, 1.000, 0.493
2026-02-19 12:01:35,788 - INFO - mp-540809, 5, S:5, 0.995, 1.167
2026-02-19 12:01:35,806 - INFO - mp-540809, 8, T:4, 1.000, 0.533
2026-02-19 12:01:35,824 - INFO - mp-540809, 11, T:4, 1.000, 0.190
2026-02-19 12:01:36,289 - INFO - mp-540655, 0, O:6, 1.000, 2.635
2026-02-19 12:01:36,325 - INFO - mp-540655, 1, O:6, 1.000, 2.631
2026-02-19 12:01:36,364 - INFO - mp-540655, 2, O:6, 1.000, 2.564
2026-02-19 12:01:36,408 - INFO - mp-540655, 3, O:6, 1.000, 2.587
2026-02-19 12:01:36,447 - INFO - mp-540655, 4, O:6, 1.000, 2.647
2026-02-19 12:01:36,479 - INFO - mp-540655, 5, O:6, 1.000, 2.558
2026-02-19 12:01:37,014 - INFO - mp-540715, 0, O:6, 1.000, 0.033
2026-02-19 12:01:38,434 - INFO - mp-540965, 20, T:4, 1.000, 0.292
2026-02-19 12:01:38,794 - INFO - mp-541138, 3, O:6, 1.000, 0.003
2026-02-19 12:01:40,280 - INFO - mp-541140, 12, T:4, 1.000, 0.378
2026-02-19 12:01:41,223 - INFO - mp-541447, 12, T:4, 1.000, 0.560
2026-02-19 12:01:42,532 - INFO - mp-541196, 2, T:4, 0.995, 0.151
2026-02-19 12:01:42,563 - INFO - mp-541196, 5, T:4, 0.932, 0.437
2026-02-19 12:01:42,566 - ERROR - No coordination environment symbols available for mp-541196 and index 8.
2026-02-19 12:01:42,592 - INFO - mp-541196, 11, T:4, 1.000, 0.181
2026-02-19 12:01:42,644 - INFO - mp-541023, 4, O:6, 1.000, 0.545
2026-02-19 12:01:42,679 - INFO - mp-541023, 12, O:6, 1.000, 0.740
2026-02-19 12:01:42,715 - INFO - mp-540894, 0, O:6, 1.000, 0.210
2026-02-19 12:01:42,766 - INFO - mp-540894, 4, O:6, 1.000, 0.517
2026-02-19 12:01:43,312 - INFO - mp-540997, 0, T:4, 1.000, 0.041
2026-02-19 12:01:43,350 - INFO - mp-540997, 1, T:4, 1.000, 0.016
2026-02-19 12:01:43,604 - INFO - mp-540998, 0, T:4, 1.000, 0.061
2026-02-19 12:01:43,622 - INFO - mp-540998, 1, T:4, 1.000, 0.035
2026-02-19 12:01:44,551 - INFO - mp-541557, 8, O:6, 1.000, 4.569
2026-02-19 12:01:44,559 - INFO - mp-541448, 12, T:4, 1.000, 0.763
2026-02-19 12:01:44,589 - INFO - mp-541557, 16, T:4, 1.000, 1.030
2026-02-19 12:01:45,589 - INFO - mp-541669, 2, O:6, 1.000, 0.245
2026-02-19 12:01:47,648 - INFO - mp-541662, 6, O:6, 1.000, 0.628
2026-02-19 12:01:48,396 - INFO - mp-541627, 6, O:6, 1.000, 0.007
2026-02-19 12:01:49,176 - INFO - mp-541913, 0, T:4, 1.000, 0.067
2026-02-19 12:01:49,680 - INFO - mp-541673, 4, O:6, 1.000, 0.238
2026-02-19 12:01:49,706 - INFO - mp-541423, 0, O:6, 1.000, 0.187
2026-02-19 12:01:49,733 - INFO - mp-541423, 4, O:6, 1.000, 0.129
2026-02-19 12:01:51,012 - INFO - mp-541648, 8, O:6, 1.000, 0.140
2026-02-19 12:01:51,392 - INFO - mp-541620, 4, O:6, 1.000, 0.584
2026-02-19 12:01:51,440 - INFO - mp-541620, 8, O:6, 1.000, 0.393
2026-02-19 12:01:51,478 - INFO - mp-541620, 12, O:6, 1.000, 0.129
2026-02-19 12:01:51,500 - INFO - mp-541620, 16, O:6, 1.000, 0.273
2026-02-19 12:01:51,524 - INFO - mp-541620, 20, O:6, 1.000, 0.534
2026-02-19 12:01:53,005 - INFO - mp-541794, 2, O:6, 1.000, 0.502
2026-02-19 12:01:53,336 - INFO - mp-541929, 0, O:6, 1.000, 0.075
2026-02-19 12:01:53,354 - INFO - mp-541963, 12, T:4, 0.999, 0.617
2026-02-19 12:01:54,710 - INFO - mp-541997, 12, T:4, 0.710, 0.456
2026-02-19 12:01:54,727 - INFO - mp-541977, 6, O:6, 1.000, 0.002
2026-02-19 12:01:55,847 - INFO - mp-541998, 12, T:4, 0.998, 0.485
2026-02-19 12:01:55,894 - ERROR - No coordination environment symbols available for mp-542023 and index 4.
2026-02-19 12:01:57,407 - INFO - mp-542018, 8, O:6, 1.000, 0.585
2026-02-19 12:01:57,434 - INFO - mp-542018, 12, O:6, 1.000, 0.585
2026-02-19 12:01:58,626 - INFO - mp-541954, 0, O:6, 1.000, 1.483
2026-02-19 12:01:58,667 - INFO - mp-541954, 4, O:6, 1.000, 1.076
2026-02-19 12:01:59,261 - INFO - mp-542120, 8, T:4, 1.000, 2.216
2026-02-19 12:01:59,927 - INFO - mp-542157, 0, O:6, 1.000, 0.753
2026-02-19 12:02:00,405 - INFO - mp-542158, 0, O:6, 1.000, 1.254
2026-02-19 12:02:02,926 - INFO - mp-542205, 4, S:5, 0.721, 0.970
2026-02-19 12:02:02,954 - INFO - mp-542205, 6, S:5, 0.682, 1.071
2026-02-19 12:02:02,974 - INFO - mp-542008, 12, O:6, 1.000, 0.807
2026-02-19 12:02:03,020 - INFO - mp-542008, 16, O:6, 1.000, 0.891
2026-02-19 12:02:03,472 - INFO - mp-542232, 4, O:6, 1.000, 0.410
2026-02-19 12:02:03,485 - INFO - mp-542475, 4, T:4, 1.000, 0.197
2026-02-19 12:02:06,049 - INFO - mp-542274, 12, O:6, 1.000, 1.036
2026-02-19 12:02:06,542 - INFO - mp-542627, 0, T:4, 1.000, 0.142
2026-02-19 12:02:06,635 - INFO - mp-542758, 0, S:4, 1.000, 1.921
2026-02-19 12:02:06,688 - INFO - mp-542758, 48, S:4, 1.000, 1.921
2026-02-19 12:02:06,738 - INFO - mp-541930, 0, O:6, 1.000, 0.358
2026-02-19 12:02:06,748 - INFO - mp-542758, 80, S:4, 1.000, 1.921
2026-02-19 12:02:06,807 - INFO - mp-542758, 88, T:4, 1.000, 0.546
2026-02-19 12:02:06,810 - INFO - mp-541930, 4, O:6, 1.000, 0.133
2026-02-19 12:02:06,910 - INFO - mp-541930, 8, O:6, 1.000, 0.238
2026-02-19 12:02:07,299 - INFO - mp-542146, 8, O:6, 1.000, 0.490
2026-02-19 12:02:07,338 - INFO - mp-542146, 10, O:6, 1.000, 0.110
2026-02-19 12:02:07,933 - ERROR - No coordination environment symbols available for mp-542794 and index 0.
2026-02-19 12:02:07,968 - INFO - mp-542794, 8, O:6, 1.000, 0.506
2026-02-19 12:02:07,983 - ERROR - No coordination environment symbols available for mp-542794 and index 16.
2026-02-19 12:02:08,017 - INFO - mp-542794, 24, O:6, 1.000, 0.506
2026-02-19 12:02:09,466 - INFO - mp-542986, 2, T:4, 1.000, 0.481
2026-02-19 12:02:09,881 - INFO - mp-542530, 20, O:6, 1.000, 0.709
2026-02-19 12:02:09,932 - INFO - mp-542530, 28, O:6, 1.000, 0.206
2026-02-19 12:02:09,979 - INFO - mp-542530, 36, T:4, 1.000, 0.428
2026-02-19 12:02:10,926 - INFO - mp-542189, 0, O:6, 1.000, 0.248
2026-02-19 12:02:10,964 - INFO - mp-542189, 1, O:6, 1.000, 0.304
2026-02-19 12:02:10,995 - INFO - mp-542189, 2, O:6, 1.000, 0.250
2026-02-19 12:02:11,030 - INFO - mp-542189, 3, O:6, 1.000, 0.299
2026-02-19 12:02:12,122 - INFO - mp-542869, 4, O:6, 1.000, 0.240
2026-02-19 12:02:13,299 - INFO - mp-542896, 0, O:6, 1.000, 0.827
2026-02-19 12:02:13,334 - INFO - mp-542896, 4, T:4, 1.000, 0.267
2026-02-19 12:02:13,369 - INFO - mp-542896, 8, O:6, 1.000, 0.584
2026-02-19 12:02:13,402 - INFO - mp-542896, 12, O:6, 1.000, 0.718
2026-02-19 12:02:13,442 - INFO - mp-542995, 24, T:4, 1.000, 0.028
2026-02-19 12:02:13,500 - INFO - mp-542995, 56, T:4, 1.000, 0.028
2026-02-19 12:02:14,264 - INFO - mp-542976, 4, O:6, 1.000, 4.566
2026-02-19 12:02:14,313 - INFO - mp-542976, 8, S:4, 0.545, 1.887
2026-02-19 12:02:14,561 - INFO - mp-542996, 24, T:4, 1.000, 0.030
2026-02-19 12:02:14,621 - INFO - mp-542996, 56, T:4, 1.000, 0.030
2026-02-19 12:02:14,744 - INFO - mp-542803, 9, O:6, 1.000, 1.525
2026-02-19 12:02:14,784 - INFO - mp-542803, 11, O:6, 1.000, 0.749
2026-02-19 12:02:15,230 - INFO - mp-547069, 0, O:6, 1.000, 0.008
2026-02-19 12:02:15,414 - INFO - mp-549058, 4, O:6, 1.000, 1.938
2026-02-19 12:02:16,714 - INFO - mp-549711, 4, O:6, 0.623, 4.667
2026-02-19 12:02:17,023 - INFO - mp-549237, 4, O:6, 1.000, 1.946
2026-02-19 12:02:17,252 - INFO - mp-543041, 0, O:6, 1.000, 0.559
2026-02-19 12:02:17,724 - INFO - mp-550944, 4, O:6, 1.000, 1.908
2026-02-19 12:02:18,967 - INFO - mp-549767, 8, O:6, 1.000, 0.000
2026-02-19 12:02:20,323 - INFO - mp-551403, 4, O:6, 1.000, 2.047
2026-02-19 12:02:20,597 - INFO - mp-552676, 1, O:6, 1.000, 0.000
2026-02-19 12:02:21,118 - INFO - mp-552651, 4, O:6, 1.000, 1.921
2026-02-19 12:02:21,219 - INFO - mp-553913, 0, O:6, 1.000, 0.549
2026-02-19 12:02:21,257 - INFO - mp-553913, 4, O:6, 1.000, 0.549
2026-02-19 12:02:22,311 - INFO - mp-551086, 6, O:6, 1.000, 0.326
2026-02-19 12:02:22,377 - INFO - mp-551086, 9, O:6, 1.000, 0.357
2026-02-19 12:02:22,427 - WARNING - /home/esrf/retegan/.conda/envs/xasml/lib/python3.12/site-packages/pymatgen/io/cif.py:1304: UserWarning: Issues encountered while parsing CIF: 6 fractional coordinates rounded to ideal values to avoid issues with finite precision.
  warnings.warn("Issues encountered while parsing CIF: " + "\n".join(self.warnings))

2026-02-19 12:02:24,725 - INFO - mp-553960, 8, T:4, 1.000, 0.341
2026-02-19 12:02:27,714 - INFO - mp-554079, 0, T:4, 1.000, 0.013
2026-02-19 12:02:29,103 - INFO - mp-554093, 18, O:6, 1.000, 0.589
2026-02-19 12:02:29,391 - INFO - mp-553974, 14, O:6, 1.000, 0.239
2026-02-19 12:02:29,445 - INFO - mp-553974, 22, O:6, 1.000, 0.239
2026-02-19 12:02:29,804 - INFO - mp-554148, 2, O:6, 1.000, 0.063
2026-02-19 12:02:29,879 - WARNING - /home/esrf/retegan/.conda/envs/xasml/lib/python3.12/site-packages/pymatgen/io/cif.py:1304: UserWarning: Issues encountered while parsing CIF: 8 fractional coordinates rounded to ideal values to avoid issues with finite precision.
  warnings.warn("Issues encountered while parsing CIF: " + "\n".join(self.warnings))

2026-02-19 12:02:30,752 - INFO - mp-552162, 16, O:6, 1.000, 0.032
2026-02-19 12:02:30,782 - INFO - mp-552162, 18, O:6, 1.000, 0.026
2026-02-19 12:02:30,806 - INFO - mp-552162, 20, O:6, 1.000, 0.032
2026-02-19 12:02:30,831 - INFO - mp-552162, 22, O:6, 1.000, 0.026
2026-02-19 12:02:31,202 - INFO - mp-554007, 0, O:6, 1.000, 0.939
2026-02-19 12:02:31,254 - INFO - mp-554007, 4, O:6, 1.000, 1.420
2026-02-19 12:02:31,586 - INFO - mp-542912, 0, O:6, 1.000, 0.033
2026-02-19 12:02:31,626 - INFO - mp-542912, 1, O:6, 1.000, 0.026
2026-02-19 12:02:33,076 - INFO - mp-554225, 4, O:6, 1.000, 0.107
2026-02-19 12:02:34,253 - INFO - mp-550745, 4, O:6, 1.000, 0.585
2026-02-19 12:02:34,293 - INFO - mp-550745, 5, O:6, 1.000, 0.588
2026-02-19 12:02:34,322 - INFO - mp-550745, 6, O:6, 1.000, 0.588
2026-02-19 12:02:34,342 - INFO - mp-550745, 7, O:6, 1.000, 0.596
2026-02-19 12:02:35,268 - INFO - mp-554104, 54, O:6, 1.000, 0.868
2026-02-19 12:02:35,633 - INFO - mp-554416, 16, O:6, 1.000, 0.265
2026-02-19 12:02:35,801 - INFO - mp-554465, 1, O:6, 1.000, 0.000
2026-02-19 12:02:35,932 - INFO - mp-554451, 4, O:6, 1.000, 0.925
2026-02-19 12:02:35,996 - WARNING - /home/esrf/retegan/.conda/envs/xasml/lib/python3.12/site-packages/pymatgen/io/cif.py:1304: UserWarning: Issues encountered while parsing CIF: 16 fractional coordinates rounded to ideal values to avoid issues with finite precision.
  warnings.warn("Issues encountered while parsing CIF: " + "\n".join(self.warnings))

2026-02-19 12:02:36,052 - INFO - mp-554362, 8, O:6, 1.000, 0.327
2026-02-19 12:02:36,089 - WARNING - /home/esrf/retegan/.conda/envs/xasml/lib/python3.12/site-packages/pymatgen/io/cif.py:1304: UserWarning: Issues encountered while parsing CIF: 8 fractional coordinates rounded to ideal values to avoid issues with finite precision.
  warnings.warn("Issues encountered while parsing CIF: " + "\n".join(self.warnings))

2026-02-19 12:02:36,108 - INFO - mp-554149, 8, O:6, 1.000, 0.134
2026-02-19 12:02:36,140 - INFO - mp-554149, 12, O:6, 1.000, 0.160
2026-02-19 12:02:36,748 - INFO - mp-554391, 0, S:4, 0.581, 1.569
2026-02-19 12:02:36,842 - WARNING - /home/esrf/retegan/.conda/envs/xasml/lib/python3.12/site-packages/pymatgen/io/cif.py:1304: UserWarning: Issues encountered while parsing CIF: 6 fractional coordinates rounded to ideal values to avoid issues with finite precision.
  warnings.warn("Issues encountered while parsing CIF: " + "\n".join(self.warnings))

2026-02-19 12:02:37,007 - INFO - mp-554293, 2, O:6, 1.000, 0.288
2026-02-19 12:02:37,051 - INFO - mp-554293, 14, O:6, 1.000, 0.410
2026-02-19 12:02:37,097 - INFO - mp-554293, 18, T:4, 1.000, 0.058
2026-02-19 12:02:37,138 - INFO - mp-554293, 22, O:6, 1.000, 0.129
2026-02-19 12:02:37,190 - INFO - mp-554293, 24, T:5, 1.000, 0.957
2026-02-19 12:02:38,131 - INFO - mp-554971, 4, O:6, 1.000, 0.000
2026-02-19 12:02:40,357 - INFO - mp-554814, 2, T:4, 1.000, 0.011
2026-02-19 12:02:40,392 - INFO - mp-554814, 4, T:4, 1.000, 0.018
2026-02-19 12:02:41,985 - INFO - mp-555287, 12, T:4, 1.000, 0.794
2026-02-19 12:02:44,412 - INFO - mp-555302, 6, O:6, 1.000, 0.498
2026-02-19 12:02:44,451 - INFO - mp-555302, 10, O:6, 1.000, 0.170
2026-02-19 12:02:44,801 - INFO - mp-554531, 46, O:6, 1.000, 0.085
2026-02-19 12:02:44,848 - INFO - mp-554531, 50, O:6, 1.000, 0.336
2026-02-19 12:02:45,170 - INFO - mp-554683, 6, O:6, 1.000, 0.017
2026-02-19 12:02:45,212 - INFO - mp-554683, 8, O:6, 1.000, 0.244
2026-02-19 12:02:45,340 - INFO - mp-554569, 24, O:6, 1.000, 3.883
2026-02-19 12:02:46,259 - INFO - mp-555333, 6, O:6, 1.000, 0.221
2026-02-19 12:02:47,961 - INFO - mp-555262, 36, T:4, 1.000, 0.074
2026-02-19 12:02:48,024 - INFO - mp-555262, 40, T:4, 1.000, 0.295
2026-02-19 12:02:48,083 - INFO - mp-555262, 44, T:4, 1.000, 0.079
2026-02-19 12:02:48,112 - INFO - mp-555262, 48, T:4, 1.000, 0.311
2026-02-19 12:02:48,537 - INFO - mp-555458, 8, T:4, 1.000, 0.002
2026-02-19 12:02:48,554 - INFO - mp-555031, 0, O:6, 1.000, 0.937
2026-02-19 12:02:48,591 - INFO - mp-555031, 6, O:6, 1.000, 0.971
2026-02-19 12:02:49,132 - INFO - mp-555399, 4, O:6, 1.000, 1.639
2026-02-19 12:02:49,186 - INFO - mp-555399, 12, O:6, 1.000, 1.639
2026-02-19 12:02:49,630 - ERROR - No coordination environment symbols available for mp-555470 and index 16.
2026-02-19 12:02:51,269 - INFO - mp-555667, 4, O:6, 1.000, 0.158
2026-02-19 12:02:52,386 - INFO - mp-554621, 32, O:6, 1.000, 0.104
2026-02-19 12:02:52,446 - INFO - mp-554621, 36, O:6, 1.000, 0.088
2026-02-19 12:02:52,500 - INFO - mp-554621, 40, O:6, 1.000, 0.123
2026-02-19 12:02:52,552 - INFO - mp-554621, 44, O:6, 1.000, 0.134
2026-02-19 12:02:52,998 - INFO - mp-555631, 8, O:6, 1.000, 0.081
2026-02-19 12:02:53,071 - WARNING - /home/esrf/retegan/.conda/envs/xasml/lib/python3.12/site-packages/pymatgen/io/cif.py:1304: UserWarning: Issues encountered while parsing CIF: 8 fractional coordinates rounded to ideal values to avoid issues with finite precision.
  warnings.warn("Issues encountered while parsing CIF: " + "\n".join(self.warnings))

2026-02-19 12:02:53,898 - INFO - mp-555698, 0, O:6, 1.000, 0.000
2026-02-19 12:02:53,956 - INFO - mp-555579, 16, O:6, 1.000, 0.163
2026-02-19 12:02:53,992 - INFO - mp-555579, 20, O:6, 1.000, 0.310
2026-02-19 12:02:54,596 - ERROR - No coordination environment symbols available for mp-555755 and index 0.
2026-02-19 12:02:54,596 - ERROR - No coordination environment symbols available for mp-555755 and index 24.
2026-02-19 12:02:56,594 - INFO - mp-555981, 6, O:6, 0.976, 1.498
2026-02-19 12:02:56,600 - INFO - mp-555758, 24, T:4, 1.000, 0.756
2026-02-19 12:02:56,646 - INFO - mp-555758, 48, T:4, 1.000, 0.756
2026-02-19 12:02:58,483 - INFO - mp-555752, 2, O:6, 1.000, 0.362
2026-02-19 12:02:58,534 - INFO - mp-555752, 4, O:6, 1.000, 0.140
2026-02-19 12:02:58,687 - INFO - mp-555778, 0, O:6, 1.000, 0.361
2026-02-19 12:02:58,744 - INFO - mp-555778, 12, O:6, 1.000, 0.372
2026-02-19 12:02:58,797 - INFO - mp-555778, 16, T:4, 1.000, 0.127
2026-02-19 12:02:58,828 - INFO - mp-555778, 20, O:6, 1.000, 0.069
2026-02-19 12:02:58,851 - INFO - mp-555778, 22, T:5, 1.000, 0.840
2026-02-19 12:02:59,873 - INFO - mp-556016, 0, O:6, 1.000, 0.169
2026-02-19 12:02:59,976 - INFO - mp-555589, 0, O:6, 1.000, 0.604
2026-02-19 12:03:00,027 - INFO - mp-555589, 4, O:6, 1.000, 0.359
2026-02-19 12:03:00,478 - INFO - mp-555502, 36, O:6, 1.000, 0.055
2026-02-19 12:03:00,533 - INFO - mp-555502, 38, O:6, 1.000, 0.059
2026-02-19 12:03:01,294 - INFO - mp-555802, 6, O:6, 1.000, 0.748
2026-02-19 12:03:02,036 - INFO - mp-556320, 12, O:6, 1.000, 0.000
2026-02-19 12:03:02,272 - INFO - mp-556086, 40, T:4, 0.750, 0.050
2026-02-19 12:03:03,317 - INFO - mp-556067, 1, O:6, 1.000, 0.139
2026-02-19 12:03:03,360 - INFO - mp-556067, 2, O:6, 1.000, 0.201
2026-02-19 12:03:04,436 - INFO - mp-556300, 0, T:5, 0.832, 1.622
2026-02-19 12:03:05,231 - INFO - mp-556401, 4, O:6, 1.000, 1.726
2026-02-19 12:03:05,355 - INFO - mp-556373, 8, O:6, 1.000, 0.572
2026-02-19 12:03:05,917 - INFO - mp-556507, 4, S:5, 0.582, 0.584
2026-02-19 12:03:07,154 - INFO - mp-556435, 0, T:6, 1.000, 7.555
2026-02-19 12:03:07,201 - INFO - mp-556435, 6, O:6, 1.000, 0.519
2026-02-19 12:03:07,242 - INFO - mp-556435, 12, O:6, 1.000, 0.516
2026-02-19 12:03:07,283 - INFO - mp-556435, 15, O:6, 1.000, 1.195
2026-02-19 12:03:07,321 - INFO - mp-556435, 18, O:6, 1.000, 0.574
2026-02-19 12:03:07,645 - INFO - mp-556603, 0, O:6, 0.931, 3.914
2026-02-19 12:03:07,675 - INFO - mp-556646, 1, O:6, 1.000, 0.021
2026-02-19 12:03:07,877 - INFO - mp-556428, 12, T:4, 1.000, 0.032
2026-02-19 12:03:09,392 - INFO - mp-556297, 0, T:4, 0.952, 0.080
2026-02-19 12:03:09,460 - INFO - mp-556297, 4, T:4, 0.968, 0.025
2026-02-19 12:03:10,711 - INFO - mp-556590, 4, O:6, 1.000, 0.293
2026-02-19 12:03:10,829 - INFO - mp-556540, 12, O:6, 1.000, 1.192
2026-02-19 12:03:10,871 - INFO - mp-556540, 20, O:6, 1.000, 1.192
2026-02-19 12:03:11,218 - INFO - mp-556723, 24, O:6, 1.000, 0.006
2026-02-19 12:03:13,281 - INFO - mp-556692, 4, O:6, 1.000, 1.914
2026-02-19 12:03:13,302 - ERROR - mp-556667, two atoms are too close
2026-02-19 12:03:13,302 - ERROR - mp-556667, two atoms are too close
2026-02-19 12:03:13,318 - INFO - mp-556692, 12, O:6, 1.000, 1.914
2026-02-19 12:03:13,754 - INFO - mp-556581, 0, O:6, 0.954, 2.369
2026-02-19 12:03:13,843 - INFO - mp-556581, 4, O:6, 1.000, 1.886
2026-02-19 12:03:13,896 - INFO - mp-556581, 8, O:6, 0.954, 2.369
2026-02-19 12:03:13,947 - INFO - mp-556581, 12, O:6, 1.000, 1.886
2026-02-19 12:03:13,999 - INFO - mp-556581, 14, O:6, 1.000, 2.445
2026-02-19 12:03:14,034 - INFO - mp-556891, 1, O:6, 1.000, 0.000
2026-02-19 12:03:14,068 - INFO - mp-556802, 8, O:6, 1.000, 0.643
2026-02-19 12:03:14,715 - INFO - mp-556911, 0, O:6, 1.000, 1.102
2026-02-19 12:03:15,054 - INFO - mp-556875, 8, O:6, 1.000, 0.849
2026-02-19 12:03:16,280 - INFO - mp-556765, 2, O:6, 1.000, 0.229
2026-02-19 12:03:16,300 - INFO - mp-556765, 4, O:6, 1.000, 0.814
2026-02-19 12:03:16,758 - INFO - mp-556927, 2, O:6, 1.000, 0.029
2026-02-19 12:03:17,948 - INFO - mp-556960, 18, O:6, 1.000, 0.240
2026-02-19 12:03:17,992 - INFO - mp-556960, 24, O:6, 1.000, 0.184
2026-02-19 12:03:18,291 - INFO - mp-556885, 0, S:4, 0.580, 0.743
2026-02-19 12:03:18,371 - INFO - mp-557020, 6, S:5, 0.643, 0.297
2026-02-19 12:03:19,650 - INFO - mp-556984, 12, O:6, 1.000, 0.373
2026-02-19 12:03:20,805 - INFO - mp-557161, 16, T:4, 1.000, 0.350
2026-02-19 12:03:20,850 - INFO - mp-557161, 20, O:6, 1.000, 0.092
2026-02-19 12:03:20,900 - INFO - mp-557161, 24, T:4, 1.000, 0.278
2026-02-19 12:03:20,937 - WARNING - /home/esrf/retegan/.conda/envs/xasml/lib/python3.12/site-packages/pymatgen/io/cif.py:1304: UserWarning: Issues encountered while parsing CIF: 10 fractional coordinates rounded to ideal values to avoid issues with finite precision.
  warnings.warn("Issues encountered while parsing CIF: " + "\n".join(self.warnings))

2026-02-19 12:03:21,093 - INFO - mp-557085, 0, T:4, 0.986, 0.313
2026-02-19 12:03:21,353 - INFO - mp-557370, 24, T:4, 1.000, 0.979
2026-02-19 12:03:21,449 - INFO - mp-557370, 48, T:4, 1.000, 0.979
2026-02-19 12:03:23,305 - ERROR - mp-557403, mumps returned an error
2026-02-19 12:03:23,305 - ERROR - mp-557403, mumps returned an error
2026-02-19 12:03:24,004 - INFO - mp-557331, 0, T:4, 1.000, 0.310
2026-02-19 12:03:25,561 - INFO - mp-557398, 16, T:5, 0.993, 1.148
2026-02-19 12:03:26,312 - INFO - mp-557850, 4, O:6, 1.000, 0.438
2026-02-19 12:03:26,352 - INFO - mp-557850, 6, O:6, 1.000, 0.206
2026-02-19 12:03:28,343 - INFO - mp-558078, 12, O:6, 1.000, 0.000
2026-02-19 12:03:29,028 - INFO - mp-558146, 0, T:4, 1.000, 0.918
2026-02-19 12:03:29,844 - INFO - mp-557546, 0, T:4, 1.000, 1.137
2026-02-19 12:03:29,856 - INFO - mp-557221, 32, O:6, 1.000, 0.511
2026-02-19 12:03:29,891 - INFO - mp-557546, 3, T:4, 1.000, 1.242
2026-02-19 12:03:29,917 - INFO - mp-557546, 6, O:6, 1.000, 0.775
2026-02-19 12:03:29,936 - INFO - mp-557546, 7, O:6, 1.000, 0.707
2026-02-19 12:03:29,938 - INFO - mp-557221, 40, O:6, 1.000, 0.511
2026-02-19 12:03:29,955 - INFO - mp-557546, 8, O:6, 1.000, 1.330
2026-02-19 12:03:29,974 - INFO - mp-557546, 9, O:6, 1.000, 1.427
2026-02-19 12:03:29,993 - INFO - mp-557546, 10, O:6, 1.000, 0.140
2026-02-19 12:03:30,010 - INFO - mp-557221, 44, O:6, 1.000, 0.457
2026-02-19 12:03:30,012 - INFO - mp-557546, 11, O:6, 1.000, 1.495
2026-02-19 12:03:31,456 - INFO - mp-557307, 36, O:6, 1.000, 0.060
2026-02-19 12:03:31,500 - INFO - mp-557307, 38, O:6, 1.000, 0.066
2026-02-19 12:03:31,562 - INFO - mp-558155, 4, O:6, 1.000, 0.075
2026-02-19 12:03:33,888 - INFO - mp-557942, 2, O:6, 1.000, 1.029
2026-02-19 12:03:33,932 - INFO - mp-557942, 4, S:5, 0.747, 1.278
2026-02-19 12:03:33,973 - INFO - mp-557942, 6, O:6, 1.000, 1.899
2026-02-19 12:03:35,151 - INFO - mp-557864, 0, S:5, 0.913, 1.112
2026-02-19 12:03:35,192 - INFO - mp-557864, 2, S:5, 0.867, 1.192
2026-02-19 12:03:36,721 - INFO - mp-558337, 16, T:4, 1.000, 0.048
2026-02-19 12:03:36,728 - INFO - mp-558339, 8, O:6, 1.000, 3.588
2026-02-19 12:03:36,779 - INFO - mp-558337, 24, T:4, 1.000, 0.045
2026-02-19 12:03:37,530 - INFO - mp-558202, 0, O:6, 1.000, 0.854
2026-02-19 12:03:37,724 - INFO - mp-558156, 6, O:6, 1.000, 0.714
2026-02-19 12:03:37,759 - INFO - mp-558156, 8, O:6, 1.000, 0.823
2026-02-19 12:03:37,861 - INFO - mp-558367, 6, O:6, 1.000, 0.047
2026-02-19 12:03:38,287 - INFO - mp-558179, 0, O:6, 1.000, 0.474
2026-02-19 12:03:38,354 - INFO - mp-558179, 8, O:6, 1.000, 0.323
2026-02-19 12:03:38,418 - INFO - mp-558179, 12, O:6, 1.000, 0.520
2026-02-19 12:03:38,477 - INFO - mp-558179, 16, O:6, 1.000, 0.569
2026-02-19 12:03:38,530 - INFO - mp-558179, 20, O:6, 1.000, 0.447
2026-02-19 12:03:39,664 - INFO - mp-557596, 6, O:6, 1.000, 1.603
2026-02-19 12:03:39,691 - INFO - mp-557596, 8, O:6, 1.000, 0.451
2026-02-19 12:03:39,714 - INFO - mp-557596, 10, O:6, 1.000, 1.077
2026-02-19 12:03:39,737 - INFO - mp-557596, 12, O:6, 1.000, 1.363
2026-02-19 12:03:39,761 - INFO - mp-557596, 14, O:6, 1.000, 0.849
2026-02-19 12:03:39,783 - INFO - mp-557596, 15, O:6, 1.000, 0.729
2026-02-19 12:03:41,804 - INFO - mp-558400, 6, T:5, 1.000, 0.246
2026-02-19 12:03:42,168 - INFO - mp-558502, 0, O:6, 1.000, 1.158
2026-02-19 12:03:43,020 - INFO - mp-558345, 2, O:6, 1.000, 1.055
2026-02-19 12:03:43,054 - INFO - mp-558345, 4, O:6, 1.000, 0.606
2026-02-19 12:03:44,072 - INFO - mp-558555, 8, O:6, 1.000, 0.345
2026-02-19 12:03:45,676 - INFO - mp-558486, 0, O:6, 1.000, 0.179
2026-02-19 12:03:47,407 - INFO - mp-558482, 34, T:4, 0.901, 0.028
2026-02-19 12:03:47,453 - INFO - mp-558482, 38, T:4, 1.000, 0.036
2026-02-19 12:03:47,482 - INFO - mp-558482, 42, T:4, 1.000, 0.052
2026-02-19 12:03:47,574 - INFO - mp-558694, 1, O:6, 1.000, 0.000
2026-02-19 12:03:47,627 - INFO - mp-558525, 16, O:6, 1.000, 0.495
2026-02-19 12:03:47,672 - INFO - mp-558525, 20, O:6, 1.000, 0.408
2026-02-19 12:03:47,749 - INFO - mp-558674, 12, O:6, 1.000, 0.000
2026-02-19 12:03:50,089 - INFO - mp-558570, 24, T:4, 0.843, 0.172
2026-02-19 12:03:50,128 - INFO - mp-558611, 16, T:4, 1.000, 0.334
2026-02-19 12:03:50,129 - INFO - mp-558570, 28, T:4, 0.843, 0.172
2026-02-19 12:03:50,179 - INFO - mp-558611, 24, T:4, 0.982, 0.333
2026-02-19 12:03:50,215 - INFO - mp-558611, 32, T:4, 1.000, 0.369
2026-02-19 12:03:50,255 - INFO - mp-558611, 40, T:4, 1.000, 0.335
2026-02-19 12:03:51,944 - INFO - mp-558860, 3, S:5, 0.990, 1.460
2026-02-19 12:03:51,979 - INFO - mp-558860, 5, O:6, 1.000, 0.320
2026-02-19 12:03:52,314 - INFO - mp-558429, 2, O:6, 1.000, 1.049
2026-02-19 12:03:52,346 - INFO - mp-558429, 4, O:6, 1.000, 0.310
2026-02-19 12:03:52,377 - INFO - mp-558429, 6, O:6, 1.000, 1.152
2026-02-19 12:03:52,407 - INFO - mp-558429, 8, O:6, 1.000, 0.200
2026-02-19 12:03:53,686 - INFO - mp-558822, 8, O:6, 1.000, 1.472
2026-02-19 12:03:53,718 - INFO - mp-558822, 16, O:6, 1.000, 1.472
2026-02-19 12:03:53,828 - INFO - mp-558732, 4, O:6, 1.000, 0.856
2026-02-19 12:03:53,853 - INFO - mp-558841, 0, O:6, 1.000, 0.348
2026-02-19 12:03:53,854 - INFO - mp-558732, 8, O:6, 1.000, 0.856
2026-02-19 12:03:55,592 - INFO - mp-559166, 6, O:6, 1.000, 0.100
2026-02-19 12:03:57,227 - INFO - mp-559277, 8, O:6, 1.000, 0.653
2026-02-19 12:03:58,200 - INFO - mp-559295, 0, T:4, 1.000, 0.021
2026-02-19 12:03:59,488 - INFO - mp-558889, 0, O:6, 1.000, 1.480
2026-02-19 12:03:59,527 - INFO - mp-558889, 2, O:6, 1.000, 1.307
2026-02-19 12:03:59,570 - INFO - mp-558889, 4, O:6, 1.000, 0.740
2026-02-19 12:04:01,749 - INFO - mp-559163, 4, O:6, 1.000, 0.822
2026-02-19 12:04:01,788 - INFO - mp-559163, 6, O:6, 1.000, 0.213
2026-02-19 12:04:01,822 - INFO - mp-558641, 0, O:6, 1.000, 0.119
2026-02-19 12:04:02,596 - INFO - mp-559388, 16, O:6, 1.000, 0.360
2026-02-19 12:04:03,065 - INFO - mp-559450, 0, O:6, 1.000, 0.003
2026-02-19 12:04:03,074 - INFO - mp-559280, 8, O:6, 0.805, 3.876
2026-02-19 12:04:03,109 - INFO - mp-559280, 12, T:5, 0.778, 1.973
2026-02-19 12:04:03,146 - INFO - mp-559280, 16, O:6, 0.805, 3.876
2026-02-19 12:04:03,183 - INFO - mp-559280, 20, T:5, 0.778, 1.973
2026-02-19 12:04:03,929 - INFO - mp-559454, 12, O:6, 1.000, 0.000
2026-02-19 12:04:05,276 - INFO - mp-559387, 9, O:6, 1.000, 0.750
2026-02-19 12:04:05,305 - INFO - mp-559387, 11, O:6, 1.000, 1.130
2026-02-19 12:04:05,429 - INFO - mp-559464, 16, T:4, 0.953, 0.098
2026-02-19 12:04:05,460 - INFO - mp-559464, 24, T:4, 1.000, 0.136
2026-02-19 12:04:05,592 - INFO - mp-559328, 0, O:6, 1.000, 1.068
2026-02-19 12:04:05,625 - INFO - mp-559328, 2, O:6, 1.000, 0.998
2026-02-19 12:04:06,085 - INFO - mp-559436, 0, O:6, 1.000, 5.507
2026-02-19 12:04:06,114 - INFO - mp-559436, 4, O:6, 0.922, 4.453
2026-02-19 12:04:07,595 - INFO - mp-559626, 0, O:6, 1.000, 1.391
2026-02-19 12:04:08,651 - INFO - mp-559729, 16, T:4, 1.000, 1.215
2026-02-19 12:04:10,667 - INFO - mp-559713, 0, O:6, 1.000, 0.601
2026-02-19 12:04:10,741 - INFO - mp-559713, 8, T:6, 1.000, 0.123
2026-02-19 12:04:10,822 - INFO - mp-559518, 8, T:5, 0.545, 3.973
2026-02-19 12:04:10,862 - INFO - mp-559518, 10, T:5, 0.550, 3.991
2026-02-19 12:04:10,947 - INFO - mp-559750, 24, T:4, 1.000, 1.099
2026-02-19 12:04:11,003 - INFO - mp-559750, 48, T:4, 1.000, 1.099
2026-02-19 12:04:12,521 - INFO - mp-559609, 0, O:6, 1.000, 0.581
2026-02-19 12:04:12,560 - INFO - mp-559609, 4, O:6, 1.000, 0.675
2026-02-19 12:04:12,582 - INFO - mp-559609, 8, O:6, 1.000, 0.222
2026-02-19 12:04:12,604 - INFO - mp-559609, 10, O:6, 1.000, 0.347
2026-02-19 12:04:12,625 - INFO - mp-559609, 12, O:6, 1.000, 1.023
2026-02-19 12:04:12,647 - INFO - mp-559609, 14, O:6, 1.000, 0.381
2026-02-19 12:04:13,348 - INFO - mp-559716, 0, T:4, 0.952, 0.028
2026-02-19 12:04:13,764 - INFO - mp-559629, 0, O:6, 1.000, 0.032
2026-02-19 12:04:14,533 - INFO - mp-559809, 16, T:4, 0.979, 0.877
2026-02-19 12:04:16,222 - INFO - mp-560103, 24, T:4, 1.000, 1.025
2026-02-19 12:04:16,269 - INFO - mp-560103, 48, T:4, 1.000, 1.025
2026-02-19 12:04:16,682 - INFO - mp-560012, 0, S:5, 0.955, 2.271
2026-02-19 12:04:18,468 - INFO - mp-560112, 0, O:6, 1.000, 1.233
2026-02-19 12:04:18,509 - INFO - mp-560112, 4, O:6, 1.000, 0.942
2026-02-19 12:04:19,980 - INFO - mp-559874, 0, O:6, 1.000, 0.930
2026-02-19 12:04:19,987 - INFO - mp-560123, 0, T:4, 0.996, 1.036
2026-02-19 12:04:20,016 - INFO - mp-559874, 4, O:6, 1.000, 1.459
2026-02-19 12:04:20,447 - INFO - mp-559532, 4, O:6, 1.000, 1.238
2026-02-19 12:04:20,500 - INFO - mp-559532, 6, O:6, 1.000, 0.505
2026-02-19 12:04:20,547 - INFO - mp-559532, 8, O:6, 1.000, 0.939
2026-02-19 12:04:20,582 - INFO - mp-559532, 10, O:6, 1.000, 1.314
2026-02-19 12:04:20,606 - INFO - mp-559532, 12, O:6, 1.000, 0.753
2026-02-19 12:04:20,651 - INFO - mp-559532, 14, O:6, 1.000, 0.462
2026-02-19 12:04:20,680 - INFO - mp-559532, 15, O:6, 1.000, 0.363
2026-02-19 12:04:21,435 - INFO - mp-560149, 1, O:6, 1.000, 0.162
2026-02-19 12:04:21,488 - INFO - mp-560149, 2, O:6, 1.000, 0.028
2026-02-19 12:04:21,489 - INFO - mp-559754, 0, S:5, 0.857, 1.704
2026-02-19 12:04:21,533 - INFO - mp-559754, 2, S:5, 0.765, 1.774
2026-02-19 12:04:23,667 - INFO - mp-560330, 12, T:4, 1.000, 0.018
2026-02-19 12:04:23,755 - INFO - mp-560628, 1, O:6, 1.000, 0.027
2026-02-19 12:04:24,768 - INFO - mp-560130, 0, O:6, 1.000, 0.303
2026-02-19 12:04:24,799 - INFO - mp-560130, 2, O:6, 1.000, 0.174
2026-02-19 12:04:28,150 - INFO - mp-560751, 3, O:6, 1.000, 1.048
2026-02-19 12:04:28,199 - INFO - mp-560751, 9, O:6, 1.000, 0.964
2026-02-19 12:04:28,260 - INFO - mp-560466, 16, O:6, 1.000, 0.500
2026-02-19 12:04:28,316 - INFO - mp-560466, 20, O:6, 1.000, 0.500
2026-02-19 12:04:28,386 - INFO - mp-560924, 12, T:4, 1.000, 0.094
2026-02-19 12:04:30,876 - INFO - mp-560769, 8, O:6, 1.000, 0.867
2026-02-19 12:04:30,939 - INFO - mp-560769, 12, T:4, 0.949, 0.567
2026-02-19 12:04:31,476 - INFO - mp-561000, 18, O:6, 1.000, 0.127
2026-02-19 12:04:32,172 - INFO - mp-560126, 0, O:6, 1.000, 1.012
2026-02-19 12:04:32,227 - INFO - mp-560126, 4, O:6, 1.000, 2.529
2026-02-19 12:04:32,279 - INFO - mp-560126, 8, O:6, 1.000, 1.079
2026-02-19 12:04:32,315 - INFO - mp-560784, 2, O:6, 1.000, 0.915
2026-02-19 12:04:32,325 - INFO - mp-560126, 12, O:6, 1.000, 1.027
2026-02-19 12:04:32,354 - INFO - mp-560784, 4, S:5, 0.434, 1.972
2026-02-19 12:04:32,389 - INFO - mp-560784, 6, O:6, 1.000, 1.631
2026-02-19 12:04:32,837 - INFO - mp-560990, 18, O:6, 1.000, 0.407
2026-02-19 12:04:32,911 - INFO - mp-560990, 24, O:6, 1.000, 0.161
2026-02-19 12:04:33,658 - INFO - mp-560520, 0, O:6, 1.000, 6.087
2026-02-19 12:04:33,693 - INFO - mp-560520, 2, O:6, 1.000, 6.492
2026-02-19 12:04:33,713 - INFO - mp-560520, 4, T:6, 1.000, 4.123
2026-02-19 12:04:34,293 - INFO - mp-560925, 10, O:6, 1.000, 0.099
2026-02-19 12:04:34,329 - INFO - mp-560925, 12, O:6, 1.000, 0.327
2026-02-19 12:04:34,362 - INFO - mp-560925, 14, O:6, 1.000, 0.238
2026-02-19 12:04:35,684 - INFO - mp-561067, 12, O:6, 1.000, 0.000
2026-02-19 12:04:36,025 - INFO - mp-561035, 2, O:6, 1.000, 0.184
2026-02-19 12:04:36,061 - INFO - mp-561035, 4, O:6, 1.000, 0.082
2026-02-19 12:04:36,754 - INFO - mp-561063, 2, O:6, 1.000, 1.761
2026-02-19 12:04:37,498 - INFO - mp-561036, 0, O:6, 1.000, 2.203
2026-02-19 12:04:38,304 - INFO - mp-560849, 0, O:6, 1.000, 0.338
2026-02-19 12:04:39,147 - INFO - mp-561087, 2, O:6, 1.000, 1.052
2026-02-19 12:04:39,330 - INFO - mp-561362, 0, O:6, 1.000, 0.518
2026-02-19 12:04:39,342 - INFO - mp-561139, 16, T:4, 1.000, 0.030
2026-02-19 12:04:39,367 - INFO - mp-561362, 4, O:6, 1.000, 0.518
2026-02-19 12:04:42,554 - INFO - mp-561267, 8, S:5, 0.516, 6.995
2026-02-19 12:04:42,599 - INFO - mp-561267, 12, T:5, 0.984, 2.168
2026-02-19 12:04:42,635 - INFO - mp-561419, 4, O:6, 1.000, 0.107
2026-02-19 12:04:42,762 - INFO - mp-561445, 0, T:5, 0.998, 0.989
2026-02-19 12:04:43,207 - INFO - mp-561395, 8, O:6, 1.000, 0.448
2026-02-19 12:04:44,246 - INFO - mp-561410, 2, O:6, 1.000, 1.336
2026-02-19 12:04:44,357 - INFO - mp-561511, 0, O:6, 1.000, 0.604
2026-02-19 12:04:45,593 - INFO - mp-561135, 0, O:6, 0.798, 4.536
2026-02-19 12:04:45,650 - INFO - mp-561135, 4, O:6, 0.722, 4.603
2026-02-19 12:04:45,701 - INFO - mp-561135, 8, O:6, 0.518, 4.675
2026-02-19 12:04:46,040 - INFO - mp-561402, 4, T:5, 0.875, 2.082
2026-02-19 12:04:46,081 - INFO - mp-561402, 8, O:6, 1.000, 0.252
2026-02-19 12:04:46,502 - INFO - mp-561516, 8, T:4, 1.000, 0.018
2026-02-19 12:04:46,750 - INFO - mp-561519, 2, O:6, 1.000, 0.143
2026-02-19 12:04:47,066 - INFO - mp-562418, 3, O:6, 1.000, 0.095
2026-02-19 12:04:47,071 - INFO - mp-561343, 0, O:6, 1.000, 0.967
2026-02-19 12:04:47,122 - INFO - mp-561343, 4, O:6, 1.000, 0.679
2026-02-19 12:04:47,168 - INFO - mp-561343, 8, O:6, 0.953, 3.811
2026-02-19 12:04:47,679 - INFO - mp-561456, 12, T:4, 0.522, 0.316
2026-02-19 12:04:49,260 - INFO - mp-565814, 0, O:6, 0.530, 5.234
2026-02-19 12:04:49,313 - INFO - mp-565814, 24, O:6, 0.530, 5.234
2026-02-19 12:04:49,378 - INFO - mp-563048, 3, S:4, 1.000, 0.878
2026-02-19 12:04:49,381 - WARNING - /home/esrf/retegan/.conda/envs/xasml/lib/python3.12/site-packages/pymatgen/io/cif.py:1304: UserWarning: Issues encountered while parsing CIF: 16 fractional coordinates rounded to ideal values to avoid issues with finite precision.
  warnings.warn("Issues encountered while parsing CIF: " + "\n".join(self.warnings))

2026-02-19 12:04:49,473 - WARNING - /home/esrf/retegan/.conda/envs/xasml/lib/python3.12/site-packages/pymatgen/io/cif.py:1304: UserWarning: Issues encountered while parsing CIF: 12 fractional coordinates rounded to ideal values to avoid issues with finite precision.
  warnings.warn("Issues encountered while parsing CIF: " + "\n".join(self.warnings))

2026-02-19 12:04:49,869 - INFO - mp-563010, 1, O:6, 1.000, 0.034
2026-02-19 12:04:52,075 - INFO - mp-562028, 14, O:6, 1.000, 0.300
2026-02-19 12:04:52,114 - INFO - mp-562028, 18, O:6, 1.000, 0.253
2026-02-19 12:04:52,390 - INFO - mp-562735, 20, T:4, 1.000, 0.012
2026-02-19 12:04:52,529 - INFO - mp-562456, 0, O:6, 0.992, 4.222
2026-02-19 12:04:52,570 - INFO - mp-562456, 4, S:5, 0.720, 2.022
2026-02-19 12:04:52,628 - INFO - mp-562456, 8, S:5, 0.624, 3.565
2026-02-19 12:04:54,810 - INFO - mp-567429, 6, T:4, 0.999, 0.134
2026-02-19 12:04:55,949 - INFO - mp-567566, 21, O:6, 1.000, 0.089
2026-02-19 12:04:57,240 - INFO - mp-567605, 12, O:6, 1.000, 0.128
2026-02-19 12:04:57,748 - ERROR - No coordination environment symbols available for mp-567636 and index 4.
2026-02-19 12:04:58,412 - INFO - mp-566333, 6, O:6, 1.000, 0.390
2026-02-19 12:04:58,443 - INFO - mp-566333, 8, O:6, 1.000, 0.175
2026-02-19 12:04:58,553 - INFO - mp-566548, 2, O:6, 1.000, 0.303
2026-02-19 12:04:58,611 - INFO - mp-566548, 14, O:6, 1.000, 0.180
2026-02-19 12:04:58,655 - INFO - mp-566548, 20, T:4, 1.000, 0.016
2026-02-19 12:04:58,695 - INFO - mp-566548, 24, T:4, 1.000, 0.189
2026-02-19 12:04:58,722 - INFO - mp-566548, 28, O:6, 1.000, 0.407
2026-02-19 12:04:58,770 - INFO - mp-566548, 32, O:6, 1.000, 0.175
2026-02-19 12:04:58,821 - INFO - mp-566548, 36, T:5, 1.000, 0.841
2026-02-19 12:05:00,074 - INFO - mp-565968, 32, O:6, 1.000, 0.605
2026-02-19 12:05:00,138 - ERROR - No coordination environment symbols available for mp-567623 and index 8.
2026-02-19 12:05:00,138 - ERROR - No coordination environment symbols available for mp-567623 and index 24.
2026-02-19 12:05:00,160 - INFO - mp-567623, 40, T:4, 1.000, 6.545
2026-02-19 12:05:00,169 - ERROR - No coordination environment symbols available for mp-567623 and index 48.
2026-02-19 12:05:00,186 - INFO - mp-567623, 56, S:4, 1.000, 2.830
2026-02-19 12:05:00,187 - INFO - mp-565968, 40, O:6, 1.000, 0.605
2026-02-19 12:05:00,195 - ERROR - No coordination environment symbols available for mp-567623 and index 60.
2026-02-19 12:05:00,233 - INFO - mp-565968, 44, O:6, 1.000, 0.569
2026-02-19 12:05:00,539 - INFO - mp-567703, 0, O:6, 1.000, 2.288
2026-02-19 12:05:00,549 - INFO - mp-566670, 12, T:5, 0.892, 1.427
2026-02-19 12:05:00,595 - INFO - mp-566670, 20, O:6, 1.000, 0.320
2026-02-19 12:05:00,628 - INFO - mp-566670, 24, T:5, 0.892, 1.427
2026-02-19 12:05:00,661 - INFO - mp-566670, 28, O:6, 1.000, 1.154
2026-02-19 12:05:00,832 - INFO - mp-567678, 21, O:6, 1.000, 0.079
2026-02-19 12:05:01,152 - INFO - mp-567844, 4, O:6, 1.000, 5.945
2026-02-19 12:05:01,829 - INFO - mp-567859, 2, T:4, 1.000, 1.722
2026-02-19 12:05:02,366 - ERROR - No coordination environment symbols available for mp-568006 and index 1.
2026-02-19 12:05:02,398 - INFO - mp-568006, 4, T:6, 1.000, 4.376
2026-02-19 12:05:02,663 - ERROR - No coordination environment symbols available for mp-568077 and index 4.
2026-02-19 12:05:02,663 - ERROR - No coordination environment symbols available for mp-568077 and index 10.
2026-02-19 12:05:02,852 - INFO - mp-567933, 0, O:6, 1.000, 0.148
2026-02-19 12:05:03,537 - INFO - mp-568258, 0, T:5, 1.000, 0.191
2026-02-19 12:05:04,016 - INFO - mp-565518, 8, O:6, 1.000, 1.560
2026-02-19 12:05:04,059 - INFO - mp-565518, 9, T:5, 0.995, 0.967
2026-02-19 12:05:04,100 - INFO - mp-565518, 10, O:6, 1.000, 1.406
2026-02-19 12:05:04,140 - INFO - mp-565518, 11, O:6, 1.000, 1.645
2026-02-19 12:05:04,178 - INFO - mp-565518, 12, T:5, 0.987, 0.932
2026-02-19 12:05:04,222 - INFO - mp-565518, 13, O:6, 1.000, 1.770
2026-02-19 12:05:04,474 - INFO - mp-568328, 0, O:6, 1.000, 0.827
2026-02-19 12:05:05,502 - ERROR - No coordination environment symbols available for mp-567900 and index 8.
2026-02-19 12:05:05,502 - ERROR - No coordination environment symbols available for mp-567900 and index 24.
2026-02-19 12:05:05,502 - ERROR - No coordination environment symbols available for mp-568030 and index 44.
2026-02-19 12:05:05,539 - INFO - mp-567900, 40, T:4, 1.000, 6.505
2026-02-19 12:05:05,556 - ERROR - No coordination environment symbols available for mp-567900 and index 48.
2026-02-19 12:05:05,590 - INFO - mp-567900, 56, S:4, 1.000, 2.875
2026-02-19 12:05:05,610 - ERROR - No coordination environment symbols available for mp-567900 and index 60.
2026-02-19 12:05:05,803 - INFO - mp-568349, 2, O:6, 1.000, 0.600
2026-02-19 12:05:06,862 - ERROR - No coordination environment symbols available for mp-568158 and index 16.
2026-02-19 12:05:06,862 - ERROR - No coordination environment symbols available for mp-568158 and index 64.
2026-02-19 12:05:06,862 - ERROR - No coordination environment symbols available for mp-568158 and index 112.
2026-02-19 12:05:06,863 - ERROR - No coordination environment symbols available for mp-568158 and index 160.
2026-02-19 12:05:06,905 - INFO - mp-568158, 184, S:4, 1.000, 3.014
2026-02-19 12:05:07,329 - INFO - mp-568553, 6, O:6, 1.000, 0.220
2026-02-19 12:05:07,348 - INFO - mp-568553, 10, O:6, 1.000, 0.010
2026-02-19 12:05:07,447 - ERROR - No coordination environment symbols available for mp-568431 and index 24.
2026-02-19 12:05:07,448 - ERROR - No coordination environment symbols available for mp-568431 and index 40.
2026-02-19 12:05:07,448 - ERROR - No coordination environment symbols available for mp-568431 and index 56.
2026-02-19 12:05:07,456 - ERROR - No coordination environment symbols available for mp-568431 and index 72.
2026-02-19 12:05:07,646 - INFO - mp-568668, 4, T:4, 0.993, 1.035
2026-02-19 12:05:08,146 - INFO - mp-568396, 8, T:4, 0.956, 0.162
2026-02-19 12:05:08,171 - INFO - mp-568396, 16, T:4, 0.952, 0.194
2026-02-19 12:05:08,181 - INFO - mp-568620, 4, T:4, 1.000, 0.012
2026-02-19 12:05:08,372 - INFO - mp-568725, 2, T:4, 1.000, 1.847
2026-02-19 12:05:08,736 - ERROR - No coordination environment symbols available for mp-568748 and index 0.
2026-02-19 12:05:08,916 - INFO - mp-568663, 0, O:6, 1.000, 0.125
2026-02-19 12:05:09,095 - ERROR - No coordination environment symbols available for mp-568901 and index 4.
2026-02-19 12:05:09,095 - ERROR - No coordination environment symbols available for mp-568901 and index 10.
2026-02-19 12:05:10,606 - INFO - mp-569247, 2, T:4, 1.000, 0.930
2026-02-19 12:05:10,956 - INFO - mp-568961, 2, T:4, 1.000, 0.554
2026-02-19 12:05:11,522 - ERROR - No coordination environment symbols available for mp-569376 and index 0.
2026-02-19 12:05:12,132 - ERROR - No coordination environment symbols available for mp-569200 and index 18.
2026-02-19 12:05:12,290 - INFO - mp-568928, 4, T:4, 0.891, 0.148
2026-02-19 12:05:12,672 - INFO - mp-568816, 2, O:6, 1.000, 0.008
2026-02-19 12:05:12,876 - INFO - mp-568653, 0, T:4, 1.000, 0.031
2026-02-19 12:05:13,597 - INFO - mp-569211, 12, O:6, 1.000, 2.537
2026-02-19 12:05:13,619 - INFO - mp-569211, 20, O:6, 1.000, 4.305
2026-02-19 12:05:13,986 - ERROR - No coordination environment symbols available for mp-569594 and index 0.
2026-02-19 12:05:13,987 - ERROR - No coordination environment symbols available for mp-569594 and index 18.
2026-02-19 12:05:14,047 - INFO - mp-569597, 2, T:4, 1.000, 0.935
2026-02-19 12:05:14,328 - INFO - mp-569748, 4, T:4, 1.000, 0.967
2026-02-19 12:05:15,041 - INFO - mp-569543, 16, O:6, 1.000, 0.001
2026-02-19 12:05:15,898 - ERROR - No coordination environment symbols available for mp-569547 and index 12.
2026-02-19 12:05:16,339 - ERROR - No coordination environment symbols available for mp-569428 and index 8.
2026-02-19 12:05:16,339 - ERROR - No coordination environment symbols available for mp-569428 and index 24.
2026-02-19 12:05:16,371 - INFO - mp-569428, 40, T:4, 1.000, 6.828
2026-02-19 12:05:16,392 - ERROR - No coordination environment symbols available for mp-569428 and index 48.
2026-02-19 12:05:16,424 - INFO - mp-569428, 56, S:4, 1.000, 2.739
2026-02-19 12:05:16,440 - ERROR - No coordination environment symbols available for mp-569428 and index 60.
2026-02-19 12:05:16,773 - ERROR - No coordination environment symbols available for mp-569739 and index 40.
2026-02-19 12:05:16,773 - ERROR - No coordination environment symbols available for mp-569739 and index 48.
2026-02-19 12:05:16,926 - ERROR - No coordination environment symbols available for mp-570001 and index 24.
2026-02-19 12:05:17,244 - ERROR - No coordination environment symbols available for mp-569783 and index 9.
2026-02-19 12:05:17,245 - ERROR - No coordination environment symbols available for mp-569783 and index 27.
2026-02-19 12:05:17,262 - INFO - mp-569783, 33, T:6, 1.000, 4.259
2026-02-19 12:05:18,517 - INFO - mp-570631, 2, T:4, 1.000, 0.660
2026-02-19 12:05:18,786 - INFO - mp-570107, 18, O:6, 1.000, 0.095
2026-02-19 12:05:18,918 - ERROR - No coordination environment symbols available for mp-570271 and index 16.
2026-02-19 12:05:18,932 - WARNING - /home/esrf/retegan/.conda/envs/xasml/lib/python3.12/site-packages/pymatgen/io/cif.py:1304: UserWarning: Issues encountered while parsing CIF: 6 fractional coordinates rounded to ideal values to avoid issues with finite precision.
  warnings.warn("Issues encountered while parsing CIF: " + "\n".join(self.warnings))

2026-02-19 12:05:19,980 - ERROR - No coordination environment symbols available for mp-569961 and index 20.
2026-02-19 12:05:20,010 - INFO - mp-570553, 0, O:6, 1.000, 0.583
2026-02-19 12:05:20,055 - INFO - mp-570553, 4, O:6, 1.000, 0.583
2026-02-19 12:05:20,697 - ERROR - No coordination environment symbols available for mp-570653 and index 1.
2026-02-19 12:05:20,727 - INFO - mp-570653, 4, T:6, 1.000, 0.123
2026-02-19 12:05:21,011 - INFO - mp-570943, 2, T:5, 0.925, 2.438
2026-02-19 12:05:21,030 - INFO - mp-570943, 8, T:4, 1.000, 6.931
2026-02-19 12:05:21,049 - INFO - mp-570943, 10, T:4, 1.000, 0.133
2026-02-19 12:05:21,151 - INFO - mp-571096, 0, O:6, 1.000, 0.052
2026-02-19 12:05:21,163 - ERROR - No coordination environment symbols available for mp-570414 and index 8.
2026-02-19 12:05:21,163 - ERROR - No coordination environment symbols available for mp-570414 and index 24.
2026-02-19 12:05:21,186 - INFO - mp-570414, 40, T:4, 1.000, 6.522
2026-02-19 12:05:21,206 - ERROR - No coordination environment symbols available for mp-570414 and index 48.
2026-02-19 12:05:21,237 - INFO - mp-570414, 56, S:4, 1.000, 2.849
2026-02-19 12:05:21,252 - ERROR - No coordination environment symbols available for mp-570414 and index 60.
2026-02-19 12:05:21,269 - INFO - mp-570039, 12, O:6, 1.000, 0.747
2026-02-19 12:05:22,104 - INFO - mp-571098, 2, T:4, 1.000, 0.305
2026-02-19 12:05:22,578 - ERROR - No coordination environment symbols available for mp-571183 and index 8.
2026-02-19 12:05:23,189 - INFO - mp-570462, 12, O:6, 1.000, 0.044
2026-02-19 12:05:23,233 - ERROR - No coordination environment symbols available for mp-571149 and index 6.
2026-02-19 12:05:23,233 - ERROR - No coordination environment symbols available for mp-571149 and index 24.
2026-02-19 12:05:23,233 - ERROR - No coordination environment symbols available for mp-571149 and index 42.
2026-02-19 12:05:23,233 - ERROR - No coordination environment symbols available for mp-571149 and index 51.
2026-02-19 12:05:23,313 - INFO - mp-571122, 0, O:6, 1.000, 0.020
2026-02-19 12:05:23,530 - INFO - mp-570920, 20, O:6, 0.997, 6.697
2026-02-19 12:05:23,538 - ERROR - No coordination environment symbols available for mp-570920 and index 28.
2026-02-19 12:05:23,558 - INFO - mp-570920, 32, O:6, 0.997, 6.697
2026-02-19 12:05:23,565 - ERROR - No coordination environment symbols available for mp-570920 and index 36.
2026-02-19 12:05:23,565 - ERROR - No coordination environment symbols available for mp-570920 and index 40.
2026-02-19 12:05:23,799 - ERROR - No coordination environment symbols available for mp-571055 and index 0.
2026-02-19 12:05:23,826 - INFO - mp-571055, 8, T:6, 1.000, 4.694
2026-02-19 12:05:23,840 - ERROR - No coordination environment symbols available for mp-571055 and index 12.
2026-02-19 12:05:23,840 - ERROR - No coordination environment symbols available for mp-571055 and index 16.
2026-02-19 12:05:23,875 - INFO - mp-571055, 20, T:6, 1.000, 4.694
2026-02-19 12:05:24,589 - INFO - mp-571500, 2, T:4, 1.000, 0.010
2026-02-19 12:05:25,605 - INFO - mp-571284, 8, O:6, 1.000, 0.000
2026-02-19 12:05:25,742 - INFO - mp-571370, 0, T:4, 1.000, 4.008
2026-02-19 12:05:25,761 - INFO - mp-572159, 6, O:6, 1.000, 0.154
2026-02-19 12:05:25,767 - INFO - mp-571370, 8, T:4, 1.000, 4.008
2026-02-19 12:05:25,814 - WARNING - /home/esrf/retegan/.conda/envs/xasml/lib/python3.12/site-packages/pymatgen/io/cif.py:1304: UserWarning: Issues encountered while parsing CIF: 8 fractional coordinates rounded to ideal values to avoid issues with finite precision.
  warnings.warn("Issues encountered while parsing CIF: " + "\n".join(self.warnings))

2026-02-19 12:05:25,921 - ERROR - No coordination environment symbols available for mp-571165 and index 8.
2026-02-19 12:05:25,921 - ERROR - No coordination environment symbols available for mp-571165 and index 24.
2026-02-19 12:05:25,955 - INFO - mp-571165, 40, T:4, 1.000, 6.565
2026-02-19 12:05:25,973 - ERROR - No coordination environment symbols available for mp-571165 and index 48.
2026-02-19 12:05:26,004 - INFO - mp-571165, 56, S:4, 1.000, 2.810
2026-02-19 12:05:26,012 - ERROR - No coordination environment symbols available for mp-571165 and index 60.
2026-02-19 12:05:26,412 - ERROR - No coordination environment symbols available for mp-571245 and index 8.
2026-02-19 12:05:26,412 - ERROR - No coordination environment symbols available for mp-571245 and index 24.
2026-02-19 12:05:26,416 - ERROR - No coordination environment symbols available for mp-571315 and index 11.
2026-02-19 12:05:26,430 - INFO - mp-571245, 40, T:4, 1.000, 6.545
2026-02-19 12:05:26,438 - ERROR - No coordination environment symbols available for mp-571245 and index 48.
2026-02-19 12:05:26,456 - INFO - mp-571245, 56, S:4, 1.000, 2.829
2026-02-19 12:05:26,464 - ERROR - No coordination environment symbols available for mp-571245 and index 60.
2026-02-19 12:05:28,180 - INFO - mp-579284, 4, O:6, 1.000, 0.185
2026-02-19 12:05:28,205 - INFO - mp-579284, 8, T:4, 1.000, 0.005
2026-02-19 12:05:28,668 - INFO - mp-579496, 0, O:6, 1.000, 2.288
2026-02-19 12:05:28,751 - INFO - mp-580234, 0, O:6, 1.000, 2.288
2026-02-19 12:05:29,200 - INFO - mp-579188, 8, O:6, 1.000, 0.647
2026-02-19 12:05:29,260 - ERROR - No coordination environment symbols available for mp-573523 and index 16.
2026-02-19 12:05:29,264 - ERROR - No coordination environment symbols available for mp-573523 and index 20.
2026-02-19 12:05:30,778 - INFO - mp-572292, 0, T:5, 0.991, 0.910
2026-02-19 12:05:30,824 - INFO - mp-572292, 4, T:5, 0.991, 0.910
2026-02-19 12:05:30,913 - INFO - mp-580439, 1, T:4, 1.000, 0.051
2026-02-19 12:05:30,915 - ERROR - No coordination environment symbols available for mp-580439 and index 5.
2026-02-19 12:05:31,705 - INFO - mp-574915, 2, O:6, 1.000, 0.220
2026-02-19 12:05:31,728 - INFO - mp-574915, 14, O:6, 1.000, 1.141
2026-02-19 12:05:31,752 - INFO - mp-574915, 18, T:4, 1.000, 0.024
2026-02-19 12:05:31,775 - INFO - mp-574915, 22, O:6, 1.000, 0.281
2026-02-19 12:05:31,798 - INFO - mp-574915, 24, T:5, 1.000, 0.561
2026-02-19 12:05:32,250 - INFO - mp-572788, 4, O:6, 1.000, 0.314
2026-02-19 12:05:32,288 - INFO - mp-572788, 20, T:4, 1.000, 0.043
2026-02-19 12:05:32,328 - INFO - mp-572788, 28, O:6, 1.000, 0.314
2026-02-19 12:05:32,366 - INFO - mp-572788, 36, O:6, 1.000, 0.261
2026-02-19 12:05:32,410 - INFO - mp-572788, 44, T:4, 1.000, 0.043
2026-02-19 12:05:32,446 - INFO - mp-572788, 48, O:6, 1.000, 0.336
2026-02-19 12:05:32,785 - ERROR - No coordination environment symbols available for mp-581734 and index 6.
2026-02-19 12:05:32,785 - ERROR - No coordination environment symbols available for mp-581734 and index 24.
2026-02-19 12:05:32,786 - ERROR - No coordination environment symbols available for mp-581734 and index 42.
2026-02-19 12:05:32,786 - ERROR - No coordination environment symbols available for mp-581734 and index 51.
2026-02-19 12:05:33,051 - INFO - mp-582295, 2, O:6, 1.000, 1.074
2026-02-19 12:05:33,601 - INFO - mp-582357, 2, T:4, 1.000, 0.598
2026-02-19 12:05:34,806 - ERROR - No coordination environment symbols available for mp-582023 and index 84.
2026-02-19 12:05:34,889 - INFO - mp-581641, 12, O:6, 1.000, 0.219
2026-02-19 12:05:35,933 - INFO - mp-581532, 12, S:5, 0.617, 2.046
2026-02-19 12:05:35,963 - INFO - mp-581532, 20, T:5, 1.000, 0.160
2026-02-19 12:05:36,423 - INFO - mp-582924, 24, T:4, 1.000, 0.015
2026-02-19 12:05:36,437 - ERROR - No coordination environment symbols available for mp-582924 and index 56.
2026-02-19 12:05:36,437 - ERROR - No coordination environment symbols available for mp-582924 and index 88.
2026-02-19 12:05:36,437 - ERROR - No coordination environment symbols available for mp-582924 and index 112.
2026-02-19 12:05:36,479 - INFO - mp-581237, 24, O:6, 1.000, 1.196
2026-02-19 12:05:36,514 - INFO - mp-581237, 32, O:6, 1.000, 1.196
2026-02-19 12:05:36,760 - ERROR - No coordination environment symbols available for mp-582984 and index 24.
2026-02-19 12:05:36,760 - ERROR - No coordination environment symbols available for mp-582984 and index 40.
2026-02-19 12:05:36,760 - ERROR - No coordination environment symbols available for mp-582984 and index 56.
2026-02-19 12:05:36,760 - ERROR - No coordination environment symbols available for mp-582984 and index 72.
2026-02-19 12:05:36,947 - INFO - mp-581085, 72, O:6, 1.000, 0.309
2026-02-19 12:05:37,008 - INFO - mp-581085, 104, O:6, 1.000, 0.309
2026-02-19 12:05:37,015 - ERROR - No coordination environment symbols available for mp-582883 and index 84.
2026-02-19 12:05:37,066 - INFO - mp-581085, 120, O:6, 1.000, 0.309
2026-02-19 12:05:37,938 - INFO - mp-600152, 0, O:6, 1.000, 1.226
2026-02-19 12:05:38,779 - INFO - mp-600576, 4, O:6, 1.000, 0.032
2026-02-19 12:05:39,116 - INFO - mp-601376, 0, O:6, 1.000, 0.300
2026-02-19 12:05:39,156 - INFO - mp-601267, 4, S:4, 1.000, 0.076
2026-02-19 12:05:39,661 - ERROR - No coordination environment symbols available for mp-601820 and index 0.
2026-02-19 12:05:39,661 - ERROR - No coordination environment symbols available for mp-601820 and index 2.
2026-02-19 12:05:40,581 - ERROR - No coordination environment symbols available for mp-601842 and index 0.
2026-02-19 12:05:40,581 - ERROR - No coordination environment symbols available for mp-601842 and index 8.
2026-02-19 12:05:40,939 - INFO - mp-601716, 0, O:6, 1.000, 1.136
2026-02-19 12:05:41,168 - INFO - mp-583509, 20, T:4, 1.000, 0.140
2026-02-19 12:05:41,207 - INFO - mp-583509, 28, T:4, 1.000, 0.153
2026-02-19 12:05:41,245 - INFO - mp-583509, 36, T:4, 1.000, 0.343
2026-02-19 12:05:41,283 - INFO - mp-583509, 44, T:4, 1.000, 0.591
2026-02-19 12:05:41,321 - INFO - mp-583509, 52, T:4, 1.000, 0.048
2026-02-19 12:05:41,640 - ERROR - No coordination environment symbols available for mp-601833 and index 0.
2026-02-19 12:05:41,640 - ERROR - No coordination environment symbols available for mp-601833 and index 8.
2026-02-19 12:05:41,641 - ERROR - No coordination environment symbols available for mp-601833 and index 11.
2026-02-19 12:05:41,641 - ERROR - No coordination environment symbols available for mp-601833 and index 12.
2026-02-19 12:05:42,590 - ERROR - No coordination environment symbols available for mp-601848 and index 0.
2026-02-19 12:05:42,590 - ERROR - No coordination environment symbols available for mp-601848 and index 8.
2026-02-19 12:05:42,590 - ERROR - No coordination environment symbols available for mp-601848 and index 9.
2026-02-19 12:05:42,590 - ERROR - No coordination environment symbols available for mp-601848 and index 10.
2026-02-19 12:05:42,696 - INFO - mp-600221, 0, O:6, 1.000, 1.156
2026-02-19 12:05:42,856 - INFO - mp-601952, 8, O:6, 1.000, 0.000
2026-02-19 12:05:43,316 - INFO - mp-601882, 0, O:6, 1.000, 1.898
2026-02-19 12:05:44,395 - INFO - mp-603241, 2, S:4, 1.000, 0.021
2026-02-19 12:05:44,559 - INFO - mp-603128, 12, O:6, 1.000, 0.107
2026-02-19 12:05:44,864 - INFO - mp-603934, 0, T:4, 1.000, 0.226
2026-02-19 12:05:45,742 - INFO - mp-600165, 0, T:4, 1.000, 0.160
2026-02-19 12:05:45,822 - INFO - mp-601268, 0, O:6, 1.000, 1.228
2026-02-19 12:05:45,841 - INFO - mp-601268, 1, O:6, 1.000, 1.257
2026-02-19 12:05:46,243 - INFO - mp-605437, 0, O:6, 1.000, 0.755
2026-02-19 12:05:47,321 - INFO - mp-604694, 0, O:6, 1.000, 0.022
2026-02-19 12:05:47,513 - INFO - mp-604429, 3, O:6, 1.000, 0.105
2026-02-19 12:05:48,024 - INFO - mp-603940, 0, T:4, 1.000, 0.033
2026-02-19 12:05:48,101 - ERROR - No coordination environment symbols available for mp-604254 and index 88.
2026-02-19 12:05:48,699 - INFO - mp-607310, 6, T:4, 0.929, 0.368
2026-02-19 12:05:49,147 - INFO - mp-605856, 0, O:6, 1.000, 1.258
2026-02-19 12:05:49,199 - INFO - mp-607816, 4, T:5, 0.945, 3.915
2026-02-19 12:05:49,215 - INFO - mp-607816, 6, T:4, 0.736, 0.619
2026-02-19 12:05:50,210 - INFO - mp-607077, 36, T:5, 1.000, 7.471
2026-02-19 12:05:50,216 - ERROR - No coordination environment symbols available for mp-607077 and index 40.
2026-02-19 12:05:50,756 - INFO - mp-608823, 6, O:6, 1.000, 0.159
2026-02-19 12:05:50,757 - INFO - mp-608016, 4, O:6, 1.000, 0.374
2026-02-19 12:05:50,866 - ERROR - No coordination environment symbols available for mp-607917 and index 84.
2026-02-19 12:05:51,244 - INFO - mp-604071, 16, O:6, 1.000, 1.259
2026-02-19 12:05:51,442 - INFO - mp-607953, 0, T:4, 0.971, 0.050
2026-02-19 12:05:51,763 - INFO - mp-605485, 0, T:4, 1.000, 0.059
2026-02-19 12:05:51,782 - INFO - mp-605485, 2, T:4, 1.000, 0.035
2026-02-19 12:05:51,793 - INFO - mp-613523, 0, T:4, 0.846, 2.371
2026-02-19 12:05:51,801 - INFO - mp-605485, 4, T:4, 1.000, 0.111
2026-02-19 12:05:51,811 - INFO - mp-613523, 8, O:6, 1.000, 4.569
2026-02-19 12:05:51,820 - INFO - mp-605485, 6, T:4, 1.000, 0.045
2026-02-19 12:05:52,121 - INFO - mp-611378, 2, O:6, 0.697, 4.133
2026-02-19 12:05:52,717 - INFO - mp-613327, 0, S:4, 1.000, 0.000
2026-02-19 12:05:52,753 - INFO - mp-611817, 0, O:6, 1.000, 0.826
2026-02-19 12:05:52,775 - INFO - mp-611817, 16, T:4, 1.000, 0.000
2026-02-19 12:05:52,797 - INFO - mp-611817, 20, O:6, 1.000, 0.826
2026-02-19 12:05:53,005 - INFO - mp-616476, 0, O:6, 1.000, 0.712
2026-02-19 12:05:53,022 - INFO - mp-616476, 6, O:6, 1.000, 0.061
2026-02-19 12:05:53,039 - WARNING - /home/esrf/retegan/.conda/envs/xasml/lib/python3.12/site-packages/pymatgen/io/cif.py:1304: UserWarning: Issues encountered while parsing CIF: 8 fractional coordinates rounded to ideal values to avoid issues with finite precision.
  warnings.warn("Issues encountered while parsing CIF: " + "\n".join(self.warnings))

2026-02-19 12:05:53,071 - ERROR - No coordination environment symbols available for mp-616481 and index 4.
2026-02-19 12:05:53,300 - INFO - mp-615821, 9, T:6, 1.000, 0.051
2026-02-19 12:05:54,330 - INFO - mp-616023, 16, O:6, 1.000, 0.677
2026-02-19 12:05:54,353 - INFO - mp-616023, 24, O:6, 1.000, 0.677
2026-02-19 12:05:55,004 - INFO - mp-616515, 4, O:6, 1.000, 0.381
2026-02-19 12:05:55,556 - INFO - mp-616672, 4, O:6, 1.000, 0.238
2026-02-19 12:05:55,598 - INFO - mp-617426, 4, O:6, 1.000, 0.386
2026-02-19 12:05:55,630 - INFO - mp-616561, 0, T:5, 1.000, 0.028
2026-02-19 12:05:57,230 - INFO - mp-616215, 0, O:6, 0.990, 4.253
2026-02-19 12:05:57,249 - INFO - mp-616215, 2, O:6, 0.998, 4.318
2026-02-19 12:05:57,991 - INFO - mp-619475, 4, O:6, 1.000, 0.307
2026-02-19 12:05:58,514 - INFO - mp-618964, 10, T:4, 1.000, 0.895
2026-02-19 12:05:58,538 - INFO - mp-618964, 14, T:4, 1.000, 0.576
2026-02-19 12:05:58,563 - INFO - mp-618964, 16, T:4, 1.000, 0.439
2026-02-19 12:05:58,563 - INFO - mp-619092, 8, O:6, 1.000, 0.355
2026-02-19 12:05:58,584 - INFO - mp-622621, 2, T:4, 1.000, 0.408
2026-02-19 12:05:58,585 - INFO - mp-619092, 12, O:6, 1.000, 0.746
2026-02-19 12:05:58,991 - INFO - mp-621921, 12, O:6, 1.000, 0.016
2026-02-19 12:05:59,823 - ERROR - No coordination environment symbols available for mp-622990 and index 4.
2026-02-19 12:06:01,364 - INFO - mp-622613, 8, O:6, 1.000, 0.286
2026-02-19 12:06:01,513 - INFO - mp-622558, 4, O:6, 1.000, 2.970
2026-02-19 12:06:02,877 - ERROR - mp-623814, the turning point is beyond the atomic radius
2026-02-19 12:06:03,014 - ERROR - No coordination environment symbols available for mp-624492 and index 3.
2026-02-19 12:06:03,115 - INFO - mp-624243, 0, T:6, 1.000, 3.182
2026-02-19 12:06:03,127 - ERROR - No coordination environment symbols available for mp-624243 and index 32.
2026-02-19 12:06:03,474 - INFO - mp-623098, 4, O:6, 1.000, 0.046
2026-02-19 12:06:03,492 - INFO - mp-623098, 5, O:6, 1.000, 0.057
2026-02-19 12:06:03,864 - INFO - mp-622785, 0, T:4, 1.000, 0.660
2026-02-19 12:06:03,886 - INFO - mp-622785, 4, T:4, 1.000, 0.652
2026-02-19 12:06:03,909 - INFO - mp-622785, 8, T:4, 1.000, 0.628
2026-02-19 12:06:03,933 - INFO - mp-622785, 12, T:4, 1.000, 0.645
2026-02-19 12:06:05,314 - INFO - mp-628568, 0, T:4, 1.000, 0.218
2026-02-19 12:06:05,684 - INFO - mp-627591, 0, O:6, 1.000, 0.213
2026-02-19 12:06:05,703 - INFO - mp-627591, 4, O:6, 1.000, 0.148
2026-02-19 12:06:06,393 - INFO - mp-629397, 0, S:4, 1.000, 0.000
2026-02-19 12:06:07,667 - INFO - mp-624762, 0, T:6, 0.715, 4.333
2026-02-19 12:06:07,697 - INFO - mp-624762, 8, O:6, 1.000, 1.828
2026-02-19 12:06:07,921 - INFO - mp-624009, 0, S:5, 0.895, 1.450
2026-02-19 12:06:07,942 - INFO - mp-624009, 2, S:5, 0.832, 1.522
2026-02-19 12:06:08,725 - INFO - mp-624052, 0, S:5, 0.927, 1.111
2026-02-19 12:06:08,746 - INFO - mp-624052, 2, S:5, 0.871, 1.217
2026-02-19 12:06:09,302 - INFO - mp-630328, 12, T:4, 1.000, 0.252
2026-02-19 12:06:09,391 - INFO - mp-616616, 60, O:6, 0.998, 1.400
2026-02-19 12:06:09,445 - INFO - mp-616616, 68, O:6, 0.999, 1.173
2026-02-19 12:06:09,496 - INFO - mp-616616, 76, O:6, 1.000, 0.767
2026-02-19 12:06:09,546 - INFO - mp-629080, 0, O:6, 1.000, 0.227
2026-02-19 12:06:09,547 - INFO - mp-616616, 84, O:6, 1.000, 0.783
2026-02-19 12:06:09,572 - INFO - mp-629080, 4, O:6, 1.000, 0.249
2026-02-19 12:06:09,598 - INFO - mp-616616, 92, O:6, 1.000, 0.606
2026-02-19 12:06:10,020 - INFO - mp-630372, 20, O:6, 1.000, 0.000
2026-02-19 12:06:10,722 - INFO - mp-630511, 4, O:6, 0.980, 1.763
2026-02-19 12:06:11,301 - ERROR - No coordination environment symbols available for mp-636212 and index 4.
2026-02-19 12:06:11,521 - INFO - mp-630641, 4, O:6, 0.860, 2.228
2026-02-19 12:06:11,675 - INFO - mp-628588, 0, O:6, 1.000, 3.219
2026-02-19 12:06:11,703 - INFO - mp-628588, 8, O:6, 1.000, 3.219
2026-02-19 12:06:11,730 - INFO - mp-628588, 12, O:6, 1.000, 0.236
2026-02-19 12:06:11,758 - INFO - mp-628588, 14, O:6, 1.000, 3.190
2026-02-19 12:06:12,079 - INFO - mp-634977, 3, O:6, 1.000, 0.254
2026-02-19 12:06:12,282 - INFO - mp-630866, 0, S:5, 0.991, 1.387
2026-02-19 12:06:12,299 - INFO - mp-630866, 2, O:6, 1.000, 0.030
2026-02-19 12:06:12,825 - ERROR - No coordination environment symbols available for mp-636359 and index 4.
2026-02-19 12:06:13,333 - ERROR - No coordination environment symbols available for mp-636599 and index 0.
2026-02-19 12:06:13,493 - ERROR - No coordination environment symbols available for mp-636320 and index 8.
2026-02-19 12:06:13,732 - INFO - mp-631397, 0, T:4, 1.000, 0.645
2026-02-19 12:06:14,358 - ERROR - No coordination environment symbols available for mp-636368 and index 12.
2026-02-19 12:06:15,393 - INFO - mp-629560, 0, O:6, 0.625, 5.548
2026-02-19 12:06:15,441 - INFO - mp-629560, 2, T:5, 0.985, 2.880
2026-02-19 12:06:15,487 - INFO - mp-629560, 4, O:6, 0.505, 5.736
2026-02-19 12:06:16,447 - INFO - mp-636946, 0, O:6, 1.000, 6.443
2026-02-19 12:06:16,489 - INFO - mp-636946, 8, O:6, 1.000, 7.592
2026-02-19 12:06:16,511 - INFO - mp-636946, 12, O:6, 1.000, 6.443
2026-02-19 12:06:16,517 - ERROR - No coordination environment symbols available for mp-636946 and index 16.
2026-02-19 12:06:16,534 - INFO - mp-636946, 20, O:6, 1.000, 7.592
2026-02-19 12:06:17,417 - INFO - mp-638374, 2, S:5, 0.842, 0.742
2026-02-19 12:06:17,752 - INFO - mp-637965, 2, T:4, 1.000, 0.057
2026-02-19 12:06:18,570 - INFO - mp-636959, 4, O:6, 1.000, 0.242
2026-02-19 12:06:18,689 - INFO - mp-636215, 0, O:6, 0.964, 5.166
2026-02-19 12:06:18,721 - INFO - mp-636215, 2, O:6, 0.981, 5.140
2026-02-19 12:06:19,486 - INFO - mp-640073, 0, T:4, 1.000, 0.012
2026-02-19 12:06:19,812 - INFO - mp-638598, 3, O:6, 1.000, 0.755
2026-02-19 12:06:20,587 - INFO - mp-640080, 0, T:6, 1.000, 5.383
2026-02-19 12:06:20,609 - INFO - mp-640080, 8, T:6, 1.000, 5.383
2026-02-19 12:06:20,758 - INFO - mp-639789, 0, T:6, 1.000, 7.293
2026-02-19 12:06:21,528 - ERROR - No coordination environment symbols available for mp-640075 and index 0.
2026-02-19 12:06:21,533 - ERROR - No coordination environment symbols available for mp-640075 and index 8.
2026-02-19 12:06:22,452 - INFO - mp-640147, 0, T:4, 1.000, 0.000
2026-02-19 12:06:23,006 - INFO - mp-640708, 0, T:6, 1.000, 5.033
2026-02-19 12:06:23,011 - INFO - mp-637295, 18, O:6, 1.000, 0.385
2026-02-19 12:06:23,046 - INFO - mp-640708, 8, T:6, 1.000, 5.033
2026-02-19 12:06:23,364 - INFO - mp-636960, 0, T:5, 0.997, 1.836
2026-02-19 12:06:23,401 - INFO - mp-636960, 4, O:6, 1.000, 0.628
2026-02-19 12:06:23,426 - INFO - mp-638705, 0, T:4, 0.993, 0.038
2026-02-19 12:06:23,435 - INFO - mp-636960, 8, O:6, 1.000, 2.688
2026-02-19 12:06:23,449 - INFO - mp-640158, 24, T:4, 1.000, 0.128
2026-02-19 12:06:23,471 - INFO - mp-636960, 12, O:6, 1.000, 3.707
2026-02-19 12:06:23,485 - INFO - mp-640158, 56, T:4, 1.000, 0.128
2026-02-19 12:06:25,114 - INFO - mp-640345, 12, O:6, 1.000, 0.000
2026-02-19 12:06:26,833 - INFO - mp-640765, 0, O:6, 1.000, 0.193
2026-02-19 12:06:26,906 - INFO - mp-641957, 3, T:4, 1.000, 3.834
2026-02-19 12:06:26,918 - ERROR - No coordination environment symbols available for mp-641957 and index 21.
2026-02-19 12:06:27,380 - ERROR - No coordination environment symbols available for mp-641526 and index 0.
2026-02-19 12:06:27,380 - ERROR - No coordination environment symbols available for mp-641526 and index 8.
2026-02-19 12:06:27,384 - ERROR - No coordination environment symbols available for mp-641526 and index 10.
2026-02-19 12:06:27,384 - ERROR - No coordination environment symbols available for mp-641526 and index 12.
2026-02-19 12:06:29,143 - INFO - mp-641587, 0, S:4, 1.000, 1.599
2026-02-19 12:06:29,203 - INFO - mp-641587, 48, S:4, 1.000, 1.599
2026-02-19 12:06:29,203 - INFO - mp-641595, 0, S:4, 1.000, 1.573
2026-02-19 12:06:29,234 - INFO - mp-641587, 80, T:4, 1.000, 0.798
2026-02-19 12:06:29,264 - INFO - mp-641595, 48, S:4, 1.000, 1.573
2026-02-19 12:06:29,295 - INFO - mp-641595, 80, T:4, 1.000, 0.827
2026-02-19 12:06:29,584 - INFO - mp-642477, 32, O:6, 1.000, 0.000
2026-02-19 12:06:29,770 - INFO - mp-642273, 24, T:4, 1.000, 0.008
2026-02-19 12:06:29,845 - INFO - mp-642273, 56, T:4, 1.000, 0.008
2026-02-19 12:06:31,137 - INFO - mp-642279, 24, T:4, 1.000, 0.012
2026-02-19 12:06:31,173 - INFO - mp-643004, 3, O:6, 1.000, 0.083
2026-02-19 12:06:31,197 - INFO - mp-642279, 56, T:4, 1.000, 0.012
2026-02-19 12:06:32,528 - ERROR - No coordination environment symbols available for mp-643092 and index 14.
2026-02-19 12:06:32,528 - ERROR - No coordination environment symbols available for mp-643092 and index 22.
2026-02-19 12:06:33,351 - INFO - mp-643907, 8, S:4, 1.000, 0.789
2026-02-19 12:06:33,368 - INFO - mp-641117, 18, O:6, 1.000, 0.021
2026-02-19 12:06:33,439 - INFO - mp-643264, 3, O:6, 1.000, 0.100
2026-02-19 12:06:33,730 - INFO - mp-641497, 4, O:6, 1.000, 2.954
2026-02-19 12:06:34,028 - INFO - mp-643081, 0, O:6, 1.000, 0.110
2026-02-19 12:06:36,091 - INFO - mp-645159, 0, O:6, 1.000, 0.017
2026-02-19 12:06:36,186 - INFO - mp-644763, 64, T:4, 1.000, 1.591
2026-02-19 12:06:36,417 - INFO - mp-644264, 8, O:6, 1.000, 0.000
2026-02-19 12:06:36,907 - INFO - mp-644758, 0, T:6, 1.000, 3.230
2026-02-19 12:06:36,943 - WARNING - /home/esrf/retegan/.conda/envs/xasml/lib/python3.12/site-packages/pymatgen/io/cif.py:1304: UserWarning: Issues encountered while parsing CIF: 6 fractional coordinates rounded to ideal values to avoid issues with finite precision.
  warnings.warn("Issues encountered while parsing CIF: " + "\n".join(self.warnings))

2026-02-19 12:06:37,699 - INFO - mp-644324, 8, T:4, 1.000, 0.016
2026-02-19 12:06:38,748 - ERROR - No coordination environment symbols available for mp-645166 and index 14.
2026-02-19 12:06:38,748 - ERROR - No coordination environment symbols available for mp-645166 and index 22.
2026-02-19 12:06:39,080 - INFO - mp-644277, 0, O:6, 1.000, 0.059
2026-02-19 12:06:40,098 - INFO - mp-643564, 0, O:6, 1.000, 0.191
2026-02-19 12:06:40,122 - INFO - mp-643564, 4, O:6, 1.000, 0.191
2026-02-19 12:06:41,026 - INFO - mp-645796, 4, O:6, 1.000, 0.057
2026-02-19 12:06:41,712 - ERROR - No coordination environment symbols available for mp-647363 and index 84.
2026-02-19 12:06:42,561 - INFO - mp-645953, 0, O:6, 1.000, 0.279
2026-02-19 12:06:42,598 - INFO - mp-645953, 2, O:6, 1.000, 1.163
2026-02-19 12:06:42,639 - INFO - mp-645953, 4, O:6, 1.000, 0.474
2026-02-19 12:06:43,272 - INFO - mp-647350, 12, O:6, 1.000, 0.074
2026-02-19 12:06:43,789 - ERROR - No coordination environment symbols available for mp-647805 and index 84.
2026-02-19 12:06:44,014 - INFO - mp-648069, 12, O:6, 1.000, 0.305
2026-02-19 12:06:47,157 - INFO - mp-649039, 4, O:6, 1.000, 0.668
2026-02-19 12:06:48,003 - INFO - mp-649213, 12, O:6, 1.000, 0.000
2026-02-19 12:06:48,095 - INFO - mp-647840, 0, O:6, 0.457, 4.797
2026-02-19 12:06:48,143 - INFO - mp-647840, 4, O:6, 0.381, 5.277
2026-02-19 12:06:48,561 - INFO - mp-648745, 8, O:6, 1.000, 0.788
2026-02-19 12:06:48,873 - ERROR - No coordination environment symbols available for mp-643523 and index 12.
2026-02-19 12:06:48,874 - ERROR - No coordination environment symbols available for mp-643523 and index 13.
2026-02-19 12:06:48,907 - INFO - mp-643523, 14, T:5, 1.000, 7.971
2026-02-19 12:06:48,917 - ERROR - No coordination environment symbols available for mp-643523 and index 15.
2026-02-19 12:06:48,917 - ERROR - No coordination environment symbols available for mp-643523 and index 16.
2026-02-19 12:06:48,917 - ERROR - No coordination environment symbols available for mp-643523 and index 17.
2026-02-19 12:06:48,917 - ERROR - No coordination environment symbols available for mp-643523 and index 18.
2026-02-19 12:06:48,917 - ERROR - No coordination environment symbols available for mp-643523 and index 19.
2026-02-19 12:06:48,939 - INFO - mp-643523, 20, T:5, 1.000, 7.923
2026-02-19 12:06:48,945 - ERROR - No coordination environment symbols available for mp-643523 and index 21.
2026-02-19 12:06:48,949 - ERROR - No coordination environment symbols available for mp-643523 and index 22.
2026-02-19 12:06:48,949 - ERROR - No coordination environment symbols available for mp-643523 and index 23.
2026-02-19 12:06:48,949 - ERROR - No coordination environment symbols available for mp-643523 and index 24.
2026-02-19 12:06:48,949 - ERROR - No coordination environment symbols available for mp-643523 and index 25.
2026-02-19 12:06:48,949 - ERROR - No coordination environment symbols available for mp-643523 and index 26.
2026-02-19 12:06:48,949 - ERROR - No coordination environment symbols available for mp-643523 and index 27.
2026-02-19 12:06:48,949 - ERROR - No coordination environment symbols available for mp-643523 and index 28.
2026-02-19 12:06:48,949 - ERROR - No coordination environment symbols available for mp-643523 and index 29.
2026-02-19 12:06:48,949 - ERROR - No coordination environment symbols available for mp-643523 and index 30.
2026-02-19 12:06:48,949 - ERROR - No coordination environment symbols available for mp-643523 and index 31.
2026-02-19 12:06:48,950 - ERROR - No coordination environment symbols available for mp-643523 and index 32.
2026-02-19 12:06:48,950 - ERROR - No coordination environment symbols available for mp-643523 and index 33.
2026-02-19 12:06:48,950 - ERROR - No coordination environment symbols available for mp-643523 and index 34.
2026-02-19 12:06:48,950 - ERROR - No coordination environment symbols available for mp-643523 and index 35.
2026-02-19 12:06:48,985 - INFO - mp-643523, 36, T:5, 1.000, 7.978
2026-02-19 12:06:49,006 - ERROR - No coordination environment symbols available for mp-643523 and index 37.
2026-02-19 12:06:49,981 - INFO - mp-649086, 8, O:6, 1.000, 0.775
2026-02-19 12:06:50,031 - INFO - mp-649086, 12, O:6, 1.000, 0.805
2026-02-19 12:06:51,374 - INFO - mp-648167, 0, T:4, 0.945, 0.080
2026-02-19 12:06:51,443 - INFO - mp-648167, 2, O:6, 1.000, 0.020
2026-02-19 12:06:51,846 - INFO - mp-649334, 0, T:4, 1.000, 0.031
2026-02-19 12:06:53,653 - INFO - mp-649683, 0, O:6, 1.000, 0.335
2026-02-19 12:06:53,685 - INFO - mp-649683, 4, O:6, 1.000, 0.335
2026-02-19 12:06:55,766 - INFO - mp-648633, 0, S:5, 0.914, 2.053
2026-02-19 12:06:55,793 - INFO - mp-648633, 4, S:5, 0.942, 2.015
2026-02-19 12:06:55,819 - INFO - mp-648633, 8, S:5, 0.495, 3.213
2026-02-19 12:06:57,180 - INFO - mp-650112, 0, T:4, 0.976, 0.067
2026-02-19 12:06:57,225 - INFO - mp-650112, 4, O:6, 1.000, 0.228
2026-02-19 12:06:57,270 - INFO - mp-650112, 8, O:6, 1.000, 0.144
2026-02-19 12:06:57,328 - INFO - mp-650112, 12, O:6, 1.000, 0.228
2026-02-19 12:06:57,385 - INFO - mp-650112, 16, T:4, 0.979, 0.124
2026-02-19 12:06:57,445 - INFO - mp-650112, 20, O:6, 1.000, 0.172
2026-02-19 12:06:58,520 - INFO - mp-650029, 0, O:6, 0.575, 6.132
2026-02-19 12:06:58,604 - INFO - mp-650029, 8, O:6, 0.575, 6.132
2026-02-19 12:06:59,367 - INFO - mp-650518, 20, O:6, 1.000, 0.226
2026-02-19 12:06:59,433 - INFO - mp-650518, 28, T:4, 1.000, 0.214
2026-02-19 12:06:59,461 - INFO - mp-650518, 36, O:6, 1.000, 0.233
2026-02-19 12:07:03,576 - INFO - mp-651268, 0, T:4, 1.000, 0.000
2026-02-19 12:07:03,620 - INFO - mp-651268, 1, T:4, 1.000, 0.031
2026-02-19 12:07:04,076 - INFO - mp-650055, 0, T:4, 1.000, 0.462
2026-02-19 12:07:04,099 - INFO - mp-650055, 2, O:6, 1.000, 1.058
2026-02-19 12:07:04,121 - INFO - mp-650055, 4, O:6, 1.000, 0.777
2026-02-19 12:07:04,132 - INFO - mp-649805, 0, O:6, 0.645, 5.292
2026-02-19 12:07:04,145 - INFO - mp-650055, 6, O:6, 1.000, 0.795
2026-02-19 12:07:04,167 - INFO - mp-650055, 8, O:6, 1.000, 1.361
2026-02-19 12:07:04,189 - INFO - mp-650055, 10, O:6, 1.000, 0.463
2026-02-19 12:07:04,200 - INFO - mp-649805, 4, O:6, 0.688, 4.872
2026-02-19 12:07:04,213 - INFO - mp-650055, 12, O:6, 1.000, 0.319
2026-02-19 12:07:04,236 - INFO - mp-650055, 14, O:6, 1.000, 0.363
2026-02-19 12:07:04,260 - INFO - mp-649805, 8, O:6, 0.801, 4.722
2026-02-19 12:07:04,325 - INFO - mp-649805, 12, O:6, 0.536, 5.483
2026-02-19 12:07:04,588 - INFO - mp-650224, 0, O:6, 1.000, 1.001
2026-02-19 12:07:04,685 - INFO - mp-650224, 8, O:6, 1.000, 3.235
2026-02-19 12:07:04,775 - INFO - mp-650224, 16, O:6, 1.000, 1.001
2026-02-19 12:07:04,838 - INFO - mp-650224, 20, O:6, 0.943, 3.870
2026-02-19 12:07:04,916 - INFO - mp-650224, 24, O:6, 1.000, 2.989
2026-02-19 12:07:05,544 - INFO - mp-650954, 8, O:6, 0.839, 3.987
2026-02-19 12:07:05,583 - INFO - mp-650954, 24, O:6, 1.000, 2.094
2026-02-19 12:07:05,621 - INFO - mp-650954, 40, O:6, 1.000, 1.080
2026-02-19 12:07:10,475 - INFO - mp-651997, 0, O:6, 1.000, 0.827
2026-02-19 12:07:10,520 - INFO - mp-651997, 4, O:6, 1.000, 0.378
2026-02-19 12:07:10,566 - INFO - mp-651997, 8, O:6, 1.000, 1.245
2026-02-19 12:07:11,255 - INFO - mp-651724, 0, T:6, 0.880, 4.166
2026-02-19 12:07:11,374 - INFO - mp-652036, 4, T:4, 1.000, 0.083
2026-02-19 12:07:11,395 - INFO - mp-652036, 8, S:5, 0.994, 1.453
2026-02-19 12:07:11,416 - INFO - mp-652036, 12, T:4, 0.743, 0.407
2026-02-19 12:07:11,420 - ERROR - No coordination environment symbols available for mp-652036 and index 16.
2026-02-19 12:07:11,436 - INFO - mp-652036, 20, T:6, 1.000, 7.481
2026-02-19 12:07:12,190 - INFO - mp-650392, 0, O:6, 1.000, 0.730
2026-02-19 12:07:12,216 - INFO - mp-650392, 2, O:6, 1.000, 1.234
2026-02-19 12:07:12,241 - INFO - mp-650392, 4, O:6, 1.000, 0.712
2026-02-19 12:07:12,266 - INFO - mp-650392, 6, O:6, 1.000, 2.163
2026-02-19 12:07:12,292 - INFO - mp-650392, 8, O:6, 1.000, 0.892
2026-02-19 12:07:12,317 - INFO - mp-650392, 10, O:6, 1.000, 2.034
2026-02-19 12:07:12,330 - INFO - mp-650968, 20, T:5, 1.000, 5.612
2026-02-19 12:07:12,342 - INFO - mp-650392, 12, O:6, 1.000, 4.168
2026-02-19 12:07:12,366 - INFO - mp-650968, 28, T:5, 1.000, 5.382
2026-02-19 12:07:12,367 - INFO - mp-650392, 14, S:5, 0.998, 5.319
2026-02-19 12:07:12,392 - INFO - mp-650392, 16, O:6, 1.000, 3.276
2026-02-19 12:07:12,402 - INFO - mp-650968, 36, T:5, 0.994, 5.427
2026-02-19 12:07:12,437 - INFO - mp-650968, 44, T:5, 1.000, 5.129
2026-02-19 12:07:12,472 - INFO - mp-650968, 52, T:5, 1.000, 5.095
2026-02-19 12:07:12,507 - INFO - mp-650968, 60, T:5, 0.994, 5.323
2026-02-19 12:07:12,542 - INFO - mp-650968, 68, T:5, 1.000, 5.121
2026-02-19 12:07:12,577 - INFO - mp-650968, 76, T:5, 0.998, 5.626
2026-02-19 12:07:12,611 - INFO - mp-650968, 84, T:5, 1.000, 5.522
2026-02-19 12:07:13,545 - ERROR - No coordination environment symbols available for mp-652101 and index 20.
2026-02-19 12:07:14,899 - ERROR - No coordination environment symbols available for mp-652425 and index 6.
2026-02-19 12:07:14,899 - ERROR - No coordination environment symbols available for mp-652425 and index 24.
2026-02-19 12:07:15,568 - INFO - mp-651106, 0, O:6, 0.778, 4.566
2026-02-19 12:07:15,688 - ERROR - No coordination environment symbols available for mp-652399 and index 3.
2026-02-19 12:07:15,688 - ERROR - No coordination environment symbols available for mp-652399 and index 15.
2026-02-19 12:07:18,267 - INFO - mp-652683, 8, T:4, 1.000, 0.284
2026-02-19 12:07:18,291 - INFO - mp-652683, 16, T:4, 0.963, 0.132
2026-02-19 12:07:18,315 - INFO - mp-652683, 24, O:6, 1.000, 0.380
2026-02-19 12:07:18,339 - INFO - mp-652683, 28, O:6, 1.000, 0.156
2026-02-19 12:07:18,364 - INFO - mp-652683, 30, O:6, 1.000, 0.404
2026-02-19 12:07:19,062 - INFO - mp-652337, 0, O:6, 0.948, 5.605
2026-02-19 12:07:19,089 - INFO - mp-652337, 2, T:5, 0.974, 3.534
2026-02-19 12:07:19,115 - INFO - mp-652337, 4, O:6, 0.918, 5.204
2026-02-19 12:07:19,492 - INFO - mp-653429, 56, O:6, 1.000, 0.000
2026-02-19 12:07:19,810 - INFO - mp-652326, 0, S:5, 0.743, 0.855
2026-02-19 12:07:19,839 - INFO - mp-652326, 2, T:5, 0.972, 2.623
2026-02-19 12:07:19,860 - INFO - mp-652326, 4, S:5, 0.606, 0.881
2026-02-19 12:07:20,338 - INFO - mp-652318, 4, O:6, 1.000, 3.498
2026-02-19 12:07:20,366 - INFO - mp-652318, 8, O:6, 1.000, 3.286
2026-02-19 12:07:20,932 - INFO - mp-652092, 0, O:6, 0.970, 5.003
2026-02-19 12:07:20,964 - INFO - mp-652092, 4, O:6, 0.881, 5.249
2026-02-19 12:07:20,996 - INFO - mp-652092, 8, O:6, 0.933, 4.851
2026-02-19 12:07:21,028 - INFO - mp-652092, 12, O:6, 1.000, 5.062
2026-02-19 12:07:23,653 - INFO - mp-654225, 4, O:6, 1.000, 0.148
2026-02-19 12:07:23,737 - ERROR - No coordination environment symbols available for mp-653838 and index 8.
2026-02-19 12:07:23,737 - ERROR - No coordination environment symbols available for mp-653838 and index 32.
2026-02-19 12:07:23,737 - ERROR - No coordination environment symbols available for mp-653838 and index 56.
2026-02-19 12:07:23,737 - ERROR - No coordination environment symbols available for mp-653838 and index 80.
2026-02-19 12:07:23,737 - ERROR - No coordination environment symbols available for mp-653838 and index 92.
2026-02-19 12:07:26,096 - INFO - mp-654202, 8, O:6, 1.000, 0.104
2026-02-19 12:07:27,220 - INFO - mp-654759, 0, T:4, 1.000, 3.042
2026-02-19 12:07:29,535 - INFO - mp-654305, 8, O:6, 1.000, 0.434
2026-02-19 12:07:29,598 - INFO - mp-654299, 0, S:5, 0.361, 3.971
2026-02-19 12:07:29,618 - INFO - mp-654299, 2, S:5, 0.885, 1.188
2026-02-19 12:07:29,639 - INFO - mp-654299, 4, S:5, 0.632, 1.000
2026-02-19 12:07:30,728 - INFO - mp-655631, 0, T:4, 1.000, 4.058
2026-02-19 12:07:31,145 - INFO - mp-653596, 0, O:6, 0.755, 5.070
2026-02-19 12:07:31,177 - INFO - mp-653596, 4, O:6, 0.797, 4.865
2026-02-19 12:07:31,209 - INFO - mp-653596, 8, O:6, 0.858, 4.773
2026-02-19 12:07:31,240 - INFO - mp-653596, 12, O:6, 0.692, 5.173
2026-02-19 12:07:32,347 - INFO - mp-655085, 0, O:6, 1.000, 0.992
2026-02-19 12:07:33,178 - INFO - mp-656144, 2, S:5, 0.910, 0.650
2026-02-19 12:07:33,382 - INFO - mp-655003, 0, S:5, 0.988, 2.629
2026-02-19 12:07:33,567 - INFO - mp-652793, 0, O:6, 1.000, 1.326
2026-02-19 12:07:33,628 - INFO - mp-652793, 8, O:6, 1.000, 1.326
2026-02-19 12:07:33,685 - INFO - mp-662563, 4, T:4, 1.000, 0.517
2026-02-19 12:07:33,740 - INFO - mp-662529, 4, T:5, 1.000, 7.744
2026-02-19 12:07:33,747 - ERROR - No coordination environment symbols available for mp-662529 and index 20.
2026-02-19 12:07:33,763 - INFO - mp-662529, 36, T:6, 1.000, 6.959
2026-02-19 12:07:34,059 - INFO - mp-653267, 0, O:6, 0.981, 5.276
2026-02-19 12:07:34,087 - INFO - mp-653267, 2, O:6, 1.000, 2.220
2026-02-19 12:07:34,116 - INFO - mp-653267, 4, O:6, 0.967, 4.754
2026-02-19 12:07:34,143 - INFO - mp-653267, 6, O:6, 1.000, 2.049
2026-02-19 12:07:34,170 - INFO - mp-653267, 8, O:6, 0.976, 4.902
2026-02-19 12:07:34,196 - INFO - mp-653267, 10, O:6, 0.990, 4.931
2026-02-19 12:07:34,458 - INFO - mp-669307, 0, T:4, 1.000, 0.929
2026-02-19 12:07:34,967 - INFO - mp-667308, 12, T:4, 1.000, 0.235
2026-02-19 12:07:36,012 - INFO - mp-654312, 28, T:4, 0.997, 1.201
2026-02-19 12:07:36,044 - INFO - mp-654312, 32, O:6, 1.000, 0.575
2026-02-19 12:07:36,073 - INFO - mp-654312, 36, T:4, 1.000, 1.662
2026-02-19 12:07:36,103 - INFO - mp-654312, 40, O:6, 1.000, 1.401
2026-02-19 12:07:36,133 - INFO - mp-654312, 44, T:4, 0.964, 0.620
2026-02-19 12:07:36,162 - INFO - mp-654312, 48, O:6, 0.998, 1.014
2026-02-19 12:07:36,192 - INFO - mp-654312, 52, S:5, 0.998, 1.098
2026-02-19 12:07:36,199 - ERROR - No coordination environment symbols available for mp-672257 and index 10.
2026-02-19 12:07:36,409 - INFO - mp-669355, 0, T:6, 1.000, 3.224
2026-02-19 12:07:36,417 - INFO - mp-669393, 8, O:6, 1.000, 4.855
2026-02-19 12:07:36,437 - INFO - mp-669393, 16, T:4, 1.000, 0.876
2026-02-19 12:07:36,456 - ERROR - No coordination environment symbols available for mp-672259 and index 4.
2026-02-19 12:07:37,005 - ERROR - No coordination environment symbols available for mp-672661 and index 4.
2026-02-19 12:07:37,005 - ERROR - No coordination environment symbols available for mp-672661 and index 12.
2026-02-19 12:07:38,260 - INFO - mp-653817, 0, O:6, 0.791, 4.860
2026-02-19 12:07:38,294 - INFO - mp-653817, 2, O:6, 0.906, 4.882
2026-02-19 12:07:38,327 - INFO - mp-653817, 4, S:5, 0.563, 2.111
2026-02-19 12:07:38,361 - INFO - mp-653817, 6, O:6, 1.000, 2.253
2026-02-19 12:07:38,394 - INFO - mp-653817, 8, S:5, 0.797, 2.337
2026-02-19 12:07:38,427 - INFO - mp-653817, 10, O:6, 1.000, 2.455
2026-02-19 12:07:38,448 - INFO - mp-672953, 2, T:4, 1.000, 0.784
2026-02-19 12:07:39,036 - INFO - mp-675895, 6, O:6, 1.000, 0.250
2026-02-19 12:07:39,049 - INFO - mp-672708, 0, T:4, 1.000, 0.006
2026-02-19 12:07:39,054 - INFO - mp-675895, 8, T:4, 0.890, 0.010
2026-02-19 12:07:39,194 - INFO - mp-672709, 0, T:4, 1.000, 0.035
2026-02-19 12:07:41,115 - INFO - mp-680269, 8, O:6, 1.000, 4.754
2026-02-19 12:07:41,135 - INFO - mp-680269, 16, T:4, 1.000, 0.971
2026-02-19 12:07:41,957 - INFO - mp-672715, 28, T:4, 1.000, 0.189
2026-02-19 12:07:41,985 - INFO - mp-672715, 36, T:4, 1.000, 0.125
2026-02-19 12:07:42,013 - INFO - mp-672715, 44, T:4, 1.000, 0.195
2026-02-19 12:07:42,765 - INFO - mp-680728, 12, T:4, 1.000, 0.251
2026-02-19 12:07:42,795 - INFO - mp-680728, 44, T:4, 1.000, 0.251
2026-02-19 12:07:43,381 - ERROR - No coordination environment symbols available for mp-672392 and index 10.
2026-02-19 12:07:43,381 - ERROR - No coordination environment symbols available for mp-672392 and index 26.
2026-02-19 12:07:43,381 - ERROR - No coordination environment symbols available for mp-672392 and index 42.
2026-02-19 12:07:43,381 - ERROR - No coordination environment symbols available for mp-672392 and index 50.
2026-02-19 12:07:43,381 - ERROR - No coordination environment symbols available for mp-672392 and index 58.
2026-02-19 12:07:43,381 - ERROR - No coordination environment symbols available for mp-672392 and index 66.
2026-02-19 12:07:44,133 - INFO - mp-686764, 10, O:6, 1.000, 0.197
2026-02-19 12:07:44,183 - INFO - mp-680207, 16, T:5, 1.000, 5.304
2026-02-19 12:07:44,214 - INFO - mp-680207, 24, T:5, 0.997, 5.499
2026-02-19 12:07:44,245 - INFO - mp-680207, 32, T:5, 1.000, 5.046
2026-02-19 12:07:44,275 - INFO - mp-680207, 40, T:5, 0.994, 5.139
2026-02-19 12:07:44,305 - INFO - mp-680207, 48, T:5, 0.983, 5.421
2026-02-19 12:07:44,336 - INFO - mp-680207, 56, T:5, 1.000, 5.101
2026-02-19 12:07:44,367 - INFO - mp-680207, 64, T:5, 1.000, 5.526
2026-02-19 12:07:46,193 - ERROR - No coordination environment symbols available for mp-684003 and index 18.
2026-02-19 12:07:46,528 - INFO - mp-687255, 12, O:6, 1.000, 0.089
2026-02-19 12:07:47,984 - INFO - mp-690844, 0, O:6, 1.000, 0.022
2026-02-19 12:07:51,016 - INFO - mp-694075, 0, T:4, 1.000, 2.439
2026-02-19 12:07:51,037 - INFO - mp-694075, 4, T:4, 1.000, 2.439
2026-02-19 12:07:51,370 - INFO - mp-683831, 0, O:6, 0.648, 5.355
2026-02-19 12:07:51,399 - INFO - mp-683831, 4, S:5, 0.918, 1.010
2026-02-19 12:07:51,429 - INFO - mp-683831, 8, S:5, 0.898, 1.334
2026-02-19 12:07:51,907 - INFO - mp-680291, 60, T:4, 1.000, 0.162
2026-02-19 12:07:51,945 - INFO - mp-680291, 64, T:4, 1.000, 0.221
2026-02-19 12:07:51,982 - INFO - mp-680291, 68, T:4, 1.000, 0.117
2026-02-19 12:07:52,019 - INFO - mp-680291, 72, T:4, 1.000, 0.108
2026-02-19 12:07:52,056 - INFO - mp-680291, 76, T:4, 1.000, 0.284
2026-02-19 12:07:52,094 - INFO - mp-680291, 80, T:4, 1.000, 0.119
2026-02-19 12:07:52,106 - INFO - mp-683793, 0, S:5, 0.850, 1.612
2026-02-19 12:07:52,131 - INFO - mp-680291, 84, T:4, 1.000, 0.312
2026-02-19 12:07:52,138 - INFO - mp-683793, 4, S:5, 0.873, 1.646
2026-02-19 12:07:52,171 - INFO - mp-683793, 8, O:6, 0.720, 3.324
2026-02-19 12:07:52,203 - INFO - mp-683793, 12, S:5, 0.906, 1.399
2026-02-19 12:07:52,765 - INFO - mp-690706, 0, O:6, 1.000, 0.044
2026-02-19 12:07:53,750 - INFO - mp-696580, 0, O:6, 1.000, 1.114
2026-02-19 12:07:54,403 - INFO - mp-696335, 8, O:6, 1.000, 0.051
2026-02-19 12:07:55,408 - INFO - mp-696031, 4, O:6, 1.000, 0.142
2026-02-19 12:07:56,389 - INFO - mp-696483, 0, O:6, 1.000, 0.116
2026-02-19 12:07:56,596 - INFO - mp-695983, 4, O:6, 1.000, 0.583
2026-02-19 12:07:56,618 - INFO - mp-695983, 6, O:6, 1.000, 0.377
2026-02-19 12:07:57,439 - INFO - mp-683792, 0, O:6, 0.844, 2.022
2026-02-19 12:07:57,466 - INFO - mp-683792, 2, O:6, 0.854, 2.009
2026-02-19 12:07:57,493 - INFO - mp-683792, 4, O:6, 0.859, 1.999
2026-02-19 12:07:57,520 - INFO - mp-683792, 6, O:6, 0.832, 1.965
2026-02-19 12:07:58,203 - INFO - mp-696951, 0, O:6, 1.000, 0.028
2026-02-19 12:07:58,222 - INFO - mp-696951, 4, O:6, 1.000, 0.028
2026-02-19 12:07:58,601 - INFO - mp-696839, 0, S:4, 0.871, 0.515
2026-02-19 12:07:59,301 - INFO - mp-696825, 8, O:6, 1.000, 1.251
2026-02-19 12:07:59,978 - INFO - mp-696936, 0, O:6, 1.000, 0.230
2026-02-19 12:08:00,001 - INFO - mp-696936, 4, O:6, 1.000, 0.224
2026-02-19 12:08:03,545 - INFO - mp-699888, 12, O:6, 1.000, 0.466
2026-02-19 12:08:04,020 - INFO - mp-697221, 4, O:6, 1.000, 0.069
2026-02-19 12:08:05,719 - INFO - mp-698096, 10, O:6, 1.000, 0.289
2026-02-19 12:08:05,740 - INFO - mp-698096, 11, O:6, 1.000, 0.312
2026-02-19 12:08:06,507 - INFO - mp-699478, 0, O:6, 1.000, 0.058
2026-02-19 12:08:06,856 - INFO - mp-703253, 6, O:6, 1.000, 0.171
2026-02-19 12:08:07,773 - INFO - mp-699582, 48, O:6, 1.000, 0.593
2026-02-19 12:08:07,809 - INFO - mp-699582, 56, O:6, 1.000, 0.593
2026-02-19 12:08:08,092 - INFO - mp-704100, 24, O:6, 0.993, 2.647
2026-02-19 12:08:08,100 - INFO - mp-704536, 6, T:4, 1.000, 1.475
2026-02-19 12:08:08,467 - INFO - mp-699648, 48, O:6, 1.000, 0.572
2026-02-19 12:08:08,503 - INFO - mp-699648, 56, O:6, 1.000, 0.572
2026-02-19 12:08:08,872 - INFO - mp-695964, 4, O:6, 1.000, 0.481
2026-02-19 12:08:08,895 - INFO - mp-695964, 5, O:6, 1.000, 1.099
2026-02-19 12:08:08,917 - INFO - mp-695964, 6, O:6, 1.000, 0.564
2026-02-19 12:08:08,940 - INFO - mp-695964, 7, O:6, 1.000, 1.083
2026-02-19 12:08:08,962 - INFO - mp-695964, 8, O:6, 1.000, 0.455
2026-02-19 12:08:08,984 - INFO - mp-695964, 9, O:6, 1.000, 1.061
2026-02-19 12:08:09,006 - INFO - mp-695964, 10, O:6, 1.000, 0.598
2026-02-19 12:08:09,028 - INFO - mp-695964, 11, O:6, 1.000, 1.071
2026-02-19 12:08:10,644 - INFO - mp-704630, 6, T:4, 1.000, 1.356
2026-02-19 12:08:11,370 - INFO - mp-704634, 8, S:5, 0.955, 1.352
2026-02-19 12:08:11,390 - INFO - mp-704634, 12, S:5, 0.955, 1.352
2026-02-19 12:08:11,523 - INFO - mp-704626, 0, O:6, 1.000, 0.104
2026-02-19 12:08:13,810 - INFO - mp-704688, 0, O:6, 1.000, 0.205
2026-02-19 12:08:13,830 - INFO - mp-704688, 2, O:6, 1.000, 0.208
2026-02-19 12:08:15,183 - INFO - mp-704950, 6, O:6, 1.000, 0.279
2026-02-19 12:08:15,303 - INFO - mp-698316, 0, O:6, 1.000, 0.850
2026-02-19 12:08:15,324 - INFO - mp-698316, 1, O:6, 1.000, 0.853
2026-02-19 12:08:15,345 - INFO - mp-698316, 2, O:6, 1.000, 0.853
2026-02-19 12:08:15,365 - INFO - mp-698316, 3, O:6, 1.000, 0.848
2026-02-19 12:08:15,630 - INFO - mp-704545, 0, S:5, 0.505, 3.440
2026-02-19 12:08:15,657 - INFO - mp-704545, 4, S:5, 0.945, 2.241
2026-02-19 12:08:15,684 - INFO - mp-704545, 8, S:5, 0.876, 2.431
2026-02-19 12:08:15,695 - ERROR - mp-704946, the turning point is beyond the atomic radius
2026-02-19 12:08:18,240 - INFO - mp-705147, 0, O:6, 1.000, 0.694
2026-02-19 12:08:18,259 - INFO - mp-705147, 4, O:6, 1.000, 1.041
2026-02-19 12:08:21,220 - INFO - mp-704255, 8, T:5, 0.804, 5.212
2026-02-19 12:08:21,257 - INFO - mp-704255, 12, T:5, 1.000, 4.679
2026-02-19 12:08:21,292 - INFO - mp-704255, 16, T:5, 0.851, 4.810
2026-02-19 12:08:21,721 - INFO - mp-704755, 0, O:6, 0.565, 4.101
2026-02-19 12:08:21,762 - INFO - mp-704755, 4, S:5, 0.691, 1.810
2026-02-19 12:08:21,800 - INFO - mp-704755, 8, O:6, 0.577, 4.662
2026-02-19 12:08:26,333 - INFO - mp-707911, 8, O:6, 1.000, 0.265
2026-02-19 12:08:26,338 - INFO - mp-720286, 0, T:5, 0.911, 2.992
2026-02-19 12:08:26,363 - INFO - mp-720286, 8, S:4, 0.995, 0.107
2026-02-19 12:08:27,085 - INFO - mp-705435, 0, O:6, 1.000, 0.176
2026-02-19 12:08:27,116 - INFO - mp-705435, 4, O:6, 1.000, 0.043
2026-02-19 12:08:27,147 - INFO - mp-705435, 8, O:6, 1.000, 0.017
2026-02-19 12:08:27,177 - INFO - mp-705435, 12, O:6, 1.000, 0.187
2026-02-19 12:08:27,897 - INFO - mp-709074, 0, T:4, 1.000, 0.135
2026-02-19 12:08:27,925 - INFO - mp-720729, 12, O:6, 1.000, 1.074
2026-02-19 12:08:27,953 - INFO - mp-720729, 20, O:6, 1.000, 0.298
2026-02-19 12:08:28,683 - INFO - mp-706411, 0, O:6, 0.940, 4.843
2026-02-19 12:08:28,717 - INFO - mp-706411, 4, O:6, 0.937, 5.443
2026-02-19 12:08:28,750 - INFO - mp-706411, 8, O:6, 0.964, 4.708
2026-02-19 12:08:28,782 - INFO - mp-706411, 12, O:6, 0.857, 4.890
2026-02-19 12:08:30,600 - INFO - mp-723385, 0, O:6, 1.000, 0.000
2026-02-19 12:08:30,653 - INFO - mp-721689, 0, O:6, 1.000, 0.856
2026-02-19 12:08:30,674 - INFO - mp-721689, 4, O:6, 1.000, 0.812
2026-02-19 12:08:30,770 - INFO - mp-721077, 4, O:6, 1.000, 0.017
2026-02-19 12:08:31,333 - INFO - mp-725152, 0, O:6, 1.000, 0.866
2026-02-19 12:08:32,463 - INFO - mp-726328, 0, O:6, 1.000, 0.000
2026-02-19 12:08:32,607 - INFO - mp-705041, 0, S:5, 0.510, 2.451
2026-02-19 12:08:32,635 - INFO - mp-705041, 2, O:6, 0.424, 5.169
2026-02-19 12:08:32,663 - INFO - mp-705041, 4, O:6, 0.454, 5.005
2026-02-19 12:08:32,691 - INFO - mp-705041, 6, S:5, 0.357, 2.917
2026-02-19 12:08:33,155 - INFO - mp-721924, 4, O:6, 1.000, 0.635
2026-02-19 12:08:33,178 - INFO - mp-721924, 8, O:6, 1.000, 0.777
2026-02-19 12:08:33,202 - INFO - mp-721924, 12, O:6, 1.000, 0.574
2026-02-19 12:08:33,436 - INFO - mp-727423, 8, O:6, 1.000, 0.114
2026-02-19 12:08:34,514 - INFO - mp-723036, 0, O:6, 1.000, 0.037
2026-02-19 12:08:34,590 - INFO - mp-704851, 0, O:6, 1.000, 0.113
2026-02-19 12:08:34,622 - INFO - mp-704851, 2, O:6, 1.000, 0.060
2026-02-19 12:08:34,652 - INFO - mp-704851, 4, O:6, 1.000, 0.033
2026-02-19 12:08:34,683 - INFO - mp-704851, 6, O:6, 1.000, 0.040
2026-02-19 12:08:34,714 - INFO - mp-704851, 8, O:6, 1.000, 0.054
2026-02-19 12:08:34,745 - INFO - mp-704851, 10, O:6, 1.000, 0.031
2026-02-19 12:08:34,776 - INFO - mp-704851, 12, O:6, 1.000, 0.151
2026-02-19 12:08:34,806 - INFO - mp-704851, 14, O:6, 1.000, 0.203
2026-02-19 12:08:35,300 - INFO - mp-728069, 0, O:6, 1.000, 0.647
2026-02-19 12:08:35,367 - INFO - mp-727170, 6, O:6, 1.000, 0.060
2026-02-19 12:08:36,117 - INFO - mp-731573, 8, O:6, 1.000, 0.126
2026-02-19 12:08:38,233 - INFO - mp-729483, 4, T:5, 1.000, 0.231
2026-02-19 12:08:38,258 - INFO - mp-729483, 12, T:5, 1.000, 0.231
2026-02-19 12:08:38,307 - INFO - mp-734319, 4, O:6, 1.000, 0.845
2026-02-19 12:08:40,083 - INFO - mp-728240, 4, O:6, 1.000, 0.812
2026-02-19 12:08:40,113 - INFO - mp-728240, 8, O:6, 1.000, 0.788
2026-02-19 12:08:40,576 - INFO - mp-735131, 16, O:6, 1.000, 0.376
2026-02-19 12:08:40,606 - INFO - mp-735131, 24, O:6, 1.000, 0.376
2026-02-19 12:08:41,285 - INFO - mp-735042, 0, O:6, 1.000, 0.168
2026-02-19 12:08:41,410 - INFO - mp-735518, 0, O:6, 0.596, 3.995
2026-02-19 12:08:43,529 - INFO - mp-735523, 0, O:6, 1.000, 0.204
2026-02-19 12:08:43,913 - INFO - mp-734098, 8, O:6, 1.000, 2.056
2026-02-19 12:08:44,410 - INFO - mp-735545, 8, O:6, 1.000, 0.367
2026-02-19 12:08:45,427 - INFO - mp-733521, 0, O:6, 0.999, 0.928
2026-02-19 12:08:45,449 - INFO - mp-733521, 2, O:6, 0.999, 0.938
2026-02-19 12:08:46,829 - INFO - mp-735530, 2, O:6, 1.000, 0.194
2026-02-19 12:08:46,848 - INFO - mp-735530, 4, O:6, 1.000, 0.057
2026-02-19 12:08:48,623 - INFO - mp-735566, 4, O:6, 1.000, 0.510
2026-02-19 12:08:48,648 - INFO - mp-735566, 8, O:6, 1.000, 0.552
2026-02-19 12:08:48,861 - INFO - mp-728472, 0, T:6, 0.600, 4.809
2026-02-19 12:08:49,566 - INFO - mp-735529, 0, O:6, 1.000, 1.146
2026-02-19 12:08:49,584 - INFO - mp-735529, 1, O:6, 1.000, 1.146
2026-02-19 12:08:50,186 - INFO - mp-735584, 16, O:6, 1.000, 0.281
2026-02-19 12:08:50,811 - INFO - mp-735586, 2, O:6, 1.000, 0.192
2026-02-19 12:08:50,831 - INFO - mp-735586, 4, O:6, 1.000, 0.055
2026-02-19 12:08:53,672 - INFO - mp-742859, 0, O:6, 1.000, 0.264
2026-02-19 12:08:53,696 - INFO - mp-742859, 4, O:6, 1.000, 0.264
2026-02-19 12:08:53,732 - INFO - mp-736330, 0, T:4, 1.000, 0.859
2026-02-19 12:08:54,416 - INFO - mp-743577, 0, O:6, 1.000, 0.006
2026-02-19 12:08:54,805 - INFO - mp-735822, 0, O:6, 1.000, 0.286
2026-02-19 12:08:54,825 - INFO - mp-735822, 2, O:6, 1.000, 0.097
2026-02-19 12:08:56,336 - INFO - mp-743814, 0, O:6, 1.000, 0.134
2026-02-19 12:08:56,957 - INFO - mp-735662, 0, O:6, 1.000, 0.730
2026-02-19 12:08:56,982 - INFO - mp-735662, 2, O:6, 1.000, 0.824
2026-02-19 12:08:57,004 - INFO - mp-735662, 4, O:6, 1.000, 1.093
2026-02-19 12:08:57,027 - INFO - mp-735662, 6, O:6, 1.000, 1.987
2026-02-19 12:08:57,416 - INFO - mp-744268, 4, O:6, 1.000, 0.792
2026-02-19 12:08:58,685 - INFO - mp-735701, 4, O:6, 1.000, 0.231
2026-02-19 12:08:58,731 - INFO - mp-735701, 12, O:6, 1.000, 0.231
2026-02-19 12:08:58,748 - INFO - mp-743878, 0, O:6, 1.000, 0.877
2026-02-19 12:09:01,308 - INFO - mp-744239, 0, O:6, 0.425, 4.592
2026-02-19 12:09:01,340 - INFO - mp-744239, 8, O:6, 1.000, 2.895
2026-02-19 12:09:01,371 - INFO - mp-744239, 16, O:6, 0.994, 1.349
2026-02-19 12:09:01,438 - INFO - mp-735783, 8, O:6, 1.000, 0.272
2026-02-19 12:09:01,472 - INFO - mp-735783, 12, O:6, 1.000, 1.531
2026-02-19 12:09:01,506 - INFO - mp-735783, 16, O:6, 1.000, 1.425
2026-02-19 12:09:01,539 - INFO - mp-735783, 20, O:6, 1.000, 0.342
2026-02-19 12:09:01,894 - INFO - mp-744386, 18, T:4, 1.000, 0.352
2026-02-19 12:09:01,935 - INFO - mp-744713, 4, O:6, 1.000, 0.332
2026-02-19 12:09:01,963 - INFO - mp-744713, 12, O:6, 1.000, 0.166
2026-02-19 12:09:02,775 - INFO - mp-745208, 4, O:6, 1.000, 0.050
2026-02-19 12:09:03,189 - INFO - mp-746030, 4, O:6, 1.000, 4.061
2026-02-19 12:09:04,352 - INFO - mp-744930, 0, O:6, 1.000, 1.123
2026-02-19 12:09:05,712 - INFO - mp-752477, 12, O:6, 1.000, 0.024
2026-02-19 12:09:06,106 - INFO - mp-744374, 0, O:6, 1.000, 0.149
2026-02-19 12:09:06,146 - INFO - mp-744374, 8, O:6, 1.000, 1.372
2026-02-19 12:09:06,185 - INFO - mp-744374, 16, O:6, 1.000, 0.480
2026-02-19 12:09:06,224 - INFO - mp-744374, 20, O:6, 1.000, 1.372
2026-02-19 12:09:07,341 - INFO - mp-746702, 4, O:6, 1.000, 0.014
2026-02-19 12:09:07,704 - INFO - mp-753222, 0, O:6, 1.000, 0.293
2026-02-19 12:09:08,460 - INFO - mp-754407, 2, O:6, 1.000, 0.361
2026-02-19 12:09:08,479 - INFO - mp-746690, 0, O:6, 1.000, 0.177
2026-02-19 12:09:08,988 - INFO - mp-752913, 4, T:4, 0.766, 0.244
2026-02-19 12:09:09,118 - INFO - mp-744767, 8, O:6, 1.000, 0.098
2026-02-19 12:09:09,159 - INFO - mp-744767, 12, O:6, 1.000, 0.098
2026-02-19 12:09:09,804 - INFO - mp-746355, 0, O:6, 1.000, 1.349
2026-02-19 12:09:10,686 - INFO - mp-754842, 2, T:4, 0.976, 0.380
2026-02-19 12:09:11,548 - INFO - mp-756984, 2, T:4, 0.944, 0.451
2026-02-19 12:09:11,650 - INFO - mp-758075, 0, O:6, 1.000, 0.452
2026-02-19 12:09:11,670 - INFO - mp-758075, 4, O:6, 1.000, 0.452
2026-02-19 12:09:11,764 - INFO - mp-757019, 4, O:6, 1.000, 2.250
2026-02-19 12:09:12,156 - INFO - mp-746739, 4, O:6, 1.000, 1.057
2026-02-19 12:09:12,183 - INFO - mp-746739, 8, O:6, 1.000, 0.797
2026-02-19 12:09:12,210 - INFO - mp-746739, 12, T:5, 0.745, 1.647
2026-02-19 12:09:12,980 - INFO - mp-756507, 2, O:6, 1.000, 0.289
2026-02-19 12:09:12,998 - INFO - mp-756507, 3, O:6, 1.000, 0.083
2026-02-19 12:09:13,462 - INFO - mp-758209, 8, T:5, 0.903, 4.014
2026-02-19 12:09:14,101 - INFO - mp-746730, 0, O:6, 1.000, 0.592
2026-02-19 12:09:14,124 - INFO - mp-746730, 2, O:6, 1.000, 0.709
2026-02-19 12:09:14,692 - INFO - mp-758574, 4, T:4, 0.970, 0.169
2026-02-19 12:09:14,744 - ERROR - mp-758614, maximum energy too large
2026-02-19 12:09:15,008 - INFO - mp-757463, 4, O:6, 1.000, 0.154
2026-02-19 12:09:15,800 - INFO - mp-758349, 1, O:6, 1.000, 0.009
2026-02-19 12:09:17,339 - INFO - mp-763244, 4, O:6, 1.000, 0.039
2026-02-19 12:09:17,673 - ERROR - No coordination environment symbols available for mp-758930 and index 40.
2026-02-19 12:09:17,689 - INFO - mp-758930, 44, S:5, 1.000, 5.399
2026-02-19 12:09:17,861 - INFO - mp-796259, 0, O:6, 1.000, 0.998
2026-02-19 12:09:18,220 - INFO - mp-764405, 2, O:6, 1.000, 0.113
2026-02-19 12:09:18,233 - INFO - mp-766713, 2, O:6, 1.000, 0.670
2026-02-19 12:09:18,440 - INFO - mp-796324, 0, O:6, 1.000, 0.913
2026-02-19 12:09:21,977 - INFO - mp-818283, 0, O:6, 1.000, 0.569
2026-02-19 12:09:22,470 - INFO - mp-766957, 0, O:6, 1.000, 0.196
2026-02-19 12:09:23,365 - ERROR - No coordination environment symbols available for mp-758974 and index 0.
2026-02-19 12:09:23,699 - INFO - mp-818232, 4, O:6, 1.000, 1.477
2026-02-19 12:09:24,022 - INFO - mp-818418, 21, O:6, 1.000, 1.330
2026-02-19 12:09:24,633 - INFO - mp-780739, 4, O:6, 1.000, 0.202
2026-02-19 12:09:25,005 - INFO - mp-818569, 0, O:6, 1.000, 0.318
2026-02-19 12:09:27,707 - INFO - mp-818474, 8, T:4, 1.000, 5.912
2026-02-19 12:09:27,753 - INFO - mp-818474, 16, T:4, 1.000, 5.912
2026-02-19 12:09:27,880 - INFO - mp-818581, 0, O:6, 1.000, 0.003
2026-02-19 12:09:27,901 - INFO - mp-818581, 8, O:6, 1.000, 0.003
2026-02-19 12:09:28,799 - INFO - mp-818519, 6, O:6, 1.000, 0.631
2026-02-19 12:09:28,825 - INFO - mp-818519, 10, O:6, 1.000, 0.758
2026-02-19 12:09:28,849 - INFO - mp-818519, 14, O:6, 1.000, 0.225
2026-02-19 12:09:29,188 - INFO - mp-818574, 0, O:6, 1.000, 0.624
2026-02-19 12:09:30,954 - INFO - mp-818655, 0, O:6, 1.000, 3.132
2026-02-19 12:09:31,347 - INFO - mp-818579, 4, O:6, 1.000, 0.225
2026-02-19 12:09:31,367 - INFO - mp-818579, 6, O:6, 1.000, 0.242
2026-02-19 12:09:32,226 - INFO - mp-821313, 0, O:6, 1.000, 1.121
2026-02-19 12:09:32,453 - INFO - mp-818685, 8, O:6, 1.000, 0.036
2026-02-19 12:09:32,469 - INFO - mp-818654, 16, O:6, 1.000, 1.156
2026-02-19 12:09:32,481 - INFO - mp-818286, 16, O:6, 1.000, 2.691
2026-02-19 12:09:32,511 - INFO - mp-818286, 20, O:6, 1.000, 2.043
2026-02-19 12:09:32,540 - INFO - mp-818286, 24, O:6, 1.000, 2.691
2026-02-19 12:09:32,569 - INFO - mp-818286, 28, O:6, 1.000, 2.043
2026-02-19 12:09:32,599 - INFO - mp-818286, 30, O:6, 1.000, 2.271
2026-02-19 12:09:33,509 - INFO - mp-818295, 0, O:6, 1.000, 1.016
2026-02-19 12:09:33,543 - INFO - mp-818295, 4, O:6, 1.000, 1.464
2026-02-19 12:09:33,577 - INFO - mp-818295, 8, O:6, 1.000, 0.956
2026-02-19 12:09:33,611 - INFO - mp-818295, 12, O:6, 1.000, 1.084
2026-02-19 12:09:33,644 - INFO - mp-818295, 16, O:6, 1.000, 1.527
2026-02-19 12:09:33,678 - INFO - mp-818295, 20, O:6, 1.000, 1.427
2026-02-19 12:09:33,712 - INFO - mp-818295, 24, O:6, 1.000, 1.211
2026-02-19 12:09:33,745 - INFO - mp-818295, 28, O:6, 1.000, 2.798
2026-02-19 12:09:33,779 - INFO - mp-818295, 32, O:6, 1.000, 1.206
2026-02-19 12:09:33,815 - INFO - mp-818432, 2, O:6, 1.000, 1.806
2026-02-19 12:09:33,839 - INFO - mp-818432, 4, O:6, 1.000, 1.627
2026-02-19 12:09:33,862 - INFO - mp-818432, 6, O:6, 1.000, 0.966
2026-02-19 12:09:33,885 - INFO - mp-818432, 8, O:6, 1.000, 1.007
2026-02-19 12:09:33,908 - INFO - mp-818432, 10, O:6, 1.000, 3.343
2026-02-19 12:09:34,966 - INFO - mp-818725, 0, O:6, 1.000, 3.009
2026-02-19 12:09:35,186 - INFO - mp-839723, 0, O:6, 1.000, 0.174
2026-02-19 12:09:35,864 - INFO - mp-820860, 4, O:6, 1.000, 0.114
2026-02-19 12:09:36,752 - INFO - mp-849222, 0, O:6, 1.000, 0.446
2026-02-19 12:09:37,093 - INFO - mp-837859, 0, T:5, 1.000, 0.301
2026-02-19 12:09:37,236 - INFO - mp-862301, 12, T:4, 1.000, 0.030
2026-02-19 12:09:37,260 - INFO - mp-862301, 14, T:4, 1.000, 0.006
2026-02-19 12:09:37,940 - INFO - mp-821363, 14, O:6, 1.000, 0.232
2026-02-19 12:09:37,967 - INFO - mp-821363, 22, O:6, 1.000, 0.232
2026-02-19 12:09:37,988 - INFO - mp-859186, 4, O:6, 1.000, 0.611
2026-02-19 12:09:38,009 - INFO - mp-859186, 12, O:6, 1.000, 0.962
2026-02-19 12:09:39,791 - INFO - mp-865922, 0, O:6, 1.000, 0.010
2026-02-19 12:09:39,918 - INFO - mp-863003, 21, O:6, 0.992, 1.619
2026-02-19 12:09:40,179 - ERROR - No coordination environment symbols available for mp-866375 and index 4.
2026-02-19 12:09:40,576 - INFO - mp-865419, 2, T:4, 1.000, 0.141
2026-02-19 12:09:40,594 - INFO - mp-865419, 5, T:4, 1.000, 0.198
2026-02-19 12:09:40,612 - INFO - mp-865419, 8, T:4, 0.933, 0.457
2026-02-19 12:09:40,614 - ERROR - No coordination environment symbols available for mp-865419 and index 11.
2026-02-19 12:09:40,736 - ERROR - No coordination environment symbols available for mp-866656 and index 4.
2026-02-19 12:09:42,121 - INFO - mp-863293, 2, O:6, 1.000, 1.390
2026-02-19 12:09:42,141 - INFO - mp-863293, 6, O:6, 1.000, 0.553
2026-02-19 12:09:42,866 - INFO - mp-863008, 0, T:6, 0.799, 4.213
2026-02-19 12:09:42,892 - INFO - mp-863008, 4, S:5, 0.522, 0.600
2026-02-19 12:09:43,080 - INFO - mp-866783, 0, O:6, 1.000, 1.552
2026-02-19 12:09:43,099 - INFO - mp-880385, 4, O:6, 1.000, 0.313
2026-02-19 12:09:43,125 - ERROR - No coordination environment symbols available for mp-956096 and index 4.
2026-02-19 12:09:43,125 - ERROR - No coordination environment symbols available for mp-956096 and index 10.
2026-02-19 12:09:43,828 - INFO - mp-887746, 2, O:6, 1.000, 1.419
2026-02-19 12:09:43,982 - INFO - mp-943492, 2, O:6, 1.000, 0.538
2026-02-19 12:09:43,999 - INFO - mp-943492, 3, O:6, 1.000, 0.261
2026-02-19 12:09:44,039 - INFO - mp-943462, 4, O:6, 1.000, 1.111
2026-02-19 12:09:44,425 - INFO - mp-971806, 4, T:5, 0.975, 6.352
2026-02-19 12:09:44,762 - ERROR - No coordination environment symbols available for mp-973682 and index 0.
2026-02-19 12:09:44,762 - ERROR - No coordination environment symbols available for mp-973682 and index 8.
2026-02-19 12:09:44,899 - ERROR - No coordination environment symbols available for mp-961656 and index 4.
2026-02-19 12:09:45,994 - INFO - mp-972662, 6, T:5, 1.000, 5.928
2026-02-19 12:09:46,018 - INFO - mp-972662, 24, T:5, 1.000, 5.928
2026-02-19 12:09:46,042 - INFO - mp-972662, 42, T:5, 1.000, 5.928
2026-02-19 12:09:46,066 - INFO - mp-972662, 51, S:5, 1.000, 6.889
2026-02-19 12:09:46,073 - ERROR - No coordination environment symbols available for mp-972235 and index 12.
2026-02-19 12:09:46,193 - INFO - mp-973954, 4, T:5, 1.000, 6.471
2026-02-19 12:09:46,248 - ERROR - No coordination environment symbols available for mp-977054 and index 18.
2026-02-19 12:09:46,415 - INFO - mp-975359, 2, T:4, 1.000, 0.728
2026-02-19 12:09:46,883 - INFO - mp-974000, 6, T:5, 1.000, 5.777
2026-02-19 12:09:46,906 - INFO - mp-974000, 24, T:5, 1.000, 5.777
2026-02-19 12:09:46,930 - INFO - mp-974000, 42, T:5, 1.000, 5.777
2026-02-19 12:09:46,954 - INFO - mp-974000, 51, S:5, 1.000, 6.481
2026-02-19 12:09:47,054 - ERROR - No coordination environment symbols available for mp-976187 and index 18.
2026-02-19 12:09:47,261 - INFO - mp-978695, 2, T:4, 1.000, 0.373
2026-02-19 12:09:47,792 - ERROR - No coordination environment symbols available for mp-982188 and index 18.
2026-02-19 12:09:48,037 - INFO - mp-998918, 2, T:4, 1.000, 0.180
2026-02-19 12:09:48,257 - INFO - mp-978101, 4, S:5, 0.566, 5.448
2026-02-19 12:09:48,382 - ERROR - No coordination environment symbols available for mp-998964 and index 8.
2026-02-19 12:09:48,717 - ERROR - No coordination environment symbols available for mp-981356 and index 1.
2026-02-19 12:09:48,956 - INFO - mp-978091, 6, T:5, 1.000, 5.983
2026-02-19 12:09:48,981 - INFO - mp-978091, 24, T:5, 1.000, 5.983
2026-02-19 12:09:49,006 - INFO - mp-978091, 42, T:5, 1.000, 5.983
2026-02-19 12:09:49,030 - INFO - mp-978091, 51, S:5, 1.000, 7.001
2026-02-19 12:09:49,406 - ERROR - No coordination environment symbols available for mp-998965 and index 8.
2026-02-19 12:09:50,046 - ERROR - No coordination environment symbols available for mp-998970 and index 4.
2026-02-19 12:09:50,291 - ERROR - No coordination environment symbols available for mp-998971 and index 4.
2026-02-19 12:09:50,300 - ERROR - No coordination environment symbols available for mp-999002 and index 4.
2026-02-19 12:09:50,487 - ERROR - No coordination environment symbols available for mp-998973 and index 4.
2026-02-19 12:09:50,701 - ERROR - No coordination environment symbols available for mp-998974 and index 4.
2026-02-19 12:09:50,756 - ERROR - No coordination environment symbols available for mp-999059 and index 12.
2026-02-19 12:09:51,008 - ERROR - No coordination environment symbols available for mp-998980 and index 8.
2026-02-19 12:09:51,155 - INFO - mp-863290, 20, O:6, 1.000, 0.660
2026-02-19 12:09:51,190 - INFO - mp-863290, 24, O:6, 1.000, 0.497
2026-02-19 12:09:51,225 - INFO - mp-863290, 28, O:6, 1.000, 0.434
2026-02-19 12:09:51,319 - ERROR - No coordination environment symbols available for mp-999189 and index 0.
2026-02-19 12:09:51,354 - INFO - mp-999122, 2, S:4, 1.000, 7.383
2026-02-19 12:09:51,429 - ERROR - No coordination environment symbols available for mp-999069 and index 12.
2026-02-19 12:09:51,796 - ERROR - No coordination environment symbols available for mp-999389 and index 4.
2026-02-19 12:09:51,796 - ERROR - No coordination environment symbols available for mp-999389 and index 12.
2026-02-19 12:09:52,155 - ERROR - No coordination environment symbols available for mp-999440 and index 3.
2026-02-19 12:09:52,232 - ERROR - No coordination environment symbols available for mp-999542 and index 1.
2026-02-19 12:09:52,233 - ERROR - No coordination environment symbols available for mp-999542 and index 3.
2026-02-19 12:09:52,247 - INFO - mp-999178, 2, S:4, 1.000, 7.499
2026-02-19 12:09:52,274 - ERROR - No coordination environment symbols available for mp-999395 and index 12.
2026-02-19 12:09:52,321 - INFO - mp-999438, 6, S:4, 1.000, 0.000
2026-02-19 12:09:52,574 - INFO - mp-999391, 2, S:4, 1.000, 0.000
2026-02-19 12:09:52,590 - INFO - mp-999391, 6, S:4, 1.000, 0.000
2026-02-19 12:09:53,124 - ERROR - No coordination environment symbols available for mp-1007852 and index 0.
2026-02-19 12:09:53,389 - ERROR - No coordination environment symbols available for mp-999545 and index 3.
2026-02-19 12:09:53,391 - ERROR - No coordination environment symbols available for mp-1007853 and index 0.
2026-02-19 12:09:53,391 - ERROR - No coordination environment symbols available for mp-1007853 and index 8.
2026-02-19 12:09:53,598 - ERROR - No coordination environment symbols available for mp-1007854 and index 0.
2026-02-19 12:09:53,703 - ERROR - No coordination environment symbols available for mp-1007855 and index 0.
2026-02-19 12:09:54,039 - ERROR - No coordination environment symbols available for mp-999552 and index 8.
2026-02-19 12:09:54,166 - INFO - mp-1001606, 2, S:4, 1.000, 7.230
2026-02-19 12:09:54,278 - INFO - mp-1007881, 0, S:5, 0.961, 2.324
2026-02-19 12:09:54,299 - ERROR - No coordination environment symbols available for mp-1006322 and index 2.
2026-02-19 12:09:54,902 - ERROR - No coordination environment symbols available for mp-1008285 and index 3.
2026-02-19 12:09:54,941 - ERROR - No coordination environment symbols available for mp-1007862 and index 0.
2026-02-19 12:09:54,941 - ERROR - No coordination environment symbols available for mp-1007862 and index 4.
2026-02-19 12:09:55,365 - ERROR - No coordination environment symbols available for mp-1008872 and index 4.
2026-02-19 12:09:55,392 - INFO - mp-1008925, 2, S:4, 1.000, 4.828
2026-02-19 12:09:55,497 - ERROR - No coordination environment symbols available for mp-1008530 and index 8.
2026-02-19 12:09:55,616 - ERROR - No coordination environment symbols available for mp-1008225 and index 4.
2026-02-19 12:09:55,750 - ERROR - No coordination environment symbols available for mp-1008226 and index 4.
2026-02-19 12:09:55,870 - ERROR - No coordination environment symbols available for mp-1008282 and index 12.
2026-02-19 12:09:55,932 - INFO - mp-1008929, 0, O:6, 1.000, 0.000
2026-02-19 12:09:56,702 - ERROR - No coordination environment symbols available for mp-1009592 and index 4.
2026-02-19 12:09:56,824 - INFO - mp-1017511, 6, S:4, 1.000, 0.000
2026-02-19 12:09:56,871 - ERROR - No coordination environment symbols available for mp-1008927 and index 2.
2026-02-19 12:09:57,124 - ERROR - No coordination environment symbols available for mp-1009019 and index 0.
2026-02-19 12:09:57,188 - ERROR - No coordination environment symbols available for mp-1009134 and index 1.
2026-02-19 12:09:57,226 - ERROR - No coordination environment symbols available for mp-1018012 and index 4.
2026-02-19 12:09:57,228 - ERROR - No coordination environment symbols available for mp-1018024 and index 4.
2026-02-19 12:09:57,316 - INFO - mp-1009077, 0, O:6, 1.000, 0.000
2026-02-19 12:09:57,762 - ERROR - No coordination environment symbols available for mp-1018061 and index 0.
2026-02-19 12:09:58,217 - ERROR - No coordination environment symbols available for mp-1018062 and index 0.
2026-02-19 12:09:58,261 - INFO - mp-1018064, 2, S:4, 1.000, 7.303
2026-02-19 12:09:58,615 - ERROR - No coordination environment symbols available for mp-1018068 and index 4.
2026-02-19 12:09:58,796 - INFO - mp-1018052, 2, S:4, 1.000, 7.311
2026-02-19 12:09:58,890 - ERROR - No coordination environment symbols available for mp-1018046 and index 8.
2026-02-19 12:09:59,135 - INFO - mp-1018065, 2, S:4, 1.000, 7.334
2026-02-19 12:09:59,349 - ERROR - No coordination environment symbols available for mp-1018067 and index 4.
2026-02-19 12:09:59,350 - ERROR - No coordination environment symbols available for mp-1018067 and index 12.
2026-02-19 12:09:59,628 - ERROR - No coordination environment symbols available for mp-1018081 and index 1.
2026-02-19 12:09:59,955 - INFO - mp-1018176, 2, S:4, 1.000, 7.472
2026-02-19 12:10:00,067 - ERROR - No coordination environment symbols available for mp-1018070 and index 12.
2026-02-19 12:10:00,224 - INFO - mp-1018725, 2, T:4, 1.000, 0.970
2026-02-19 12:10:00,335 - ERROR - No coordination environment symbols available for mp-1018075 and index 0.
2026-02-19 12:10:00,397 - ERROR - No coordination environment symbols available for mp-1018074 and index 4.
2026-02-19 12:10:00,398 - ERROR - No coordination environment symbols available for mp-1018071 and index 4.
2026-02-19 12:10:00,405 - ERROR - No coordination environment symbols available for mp-1018785 and index 2.
2026-02-19 12:10:01,209 - INFO - mp-1021509, 2, O:6, 1.000, 0.596
2026-02-19 12:10:01,545 - INFO - mp-1018895, 2, T:4, 1.000, 1.463
2026-02-19 12:10:01,716 - INFO - mp-1025194, 4, T:4, 0.762, 1.258
2026-02-19 12:10:01,727 - INFO - mp-1025316, 4, T:4, 0.852, 0.997
2026-02-19 12:10:01,751 - INFO - mp-1025339, 4, T:4, 0.854, 0.992
2026-02-19 12:10:01,955 - INFO - mp-1019100, 2, T:4, 1.000, 1.207
2026-02-19 12:10:02,288 - ERROR - No coordination environment symbols available for mp-1025010 and index 20.
2026-02-19 12:10:02,667 - INFO - mp-1025354, 4, T:4, 0.860, 0.981
2026-02-19 12:10:02,828 - INFO - mp-1025510, 0, T:4, 1.000, 0.059
2026-02-19 12:10:02,861 - INFO - mp-1062988, 2, S:4, 1.000, 0.000
2026-02-19 12:10:03,437 - INFO - mp-1025359, 0, O:6, 1.000, 0.115
2026-02-19 12:10:03,505 - ERROR - No coordination environment symbols available for mp-1065741 and index 1.
2026-02-19 12:10:03,689 - ERROR - No coordination environment symbols available for mp-1063914 and index 4.
2026-02-19 12:10:03,924 - INFO - mp-1025523, 4, T:5, 1.000, 7.613
2026-02-19 12:10:04,330 - INFO - mp-1066497, 0, S:4, 0.998, 0.025
2026-02-19 12:10:04,358 - INFO - mp-1045770, 2, O:6, 1.000, 0.035
2026-02-19 12:10:04,743 - ERROR - No coordination environment symbols available for mp-1065753 and index 2.
2026-02-19 12:10:05,144 - ERROR - No coordination environment symbols available for mp-1066006 and index 4.
2026-02-19 12:10:05,279 - ERROR - No coordination environment symbols available for mp-1066862 and index 4.
2026-02-19 12:10:05,470 - INFO - mp-1068250, 2, T:4, 1.000, 0.691
2026-02-19 12:10:05,775 - ERROR - No coordination environment symbols available for mp-1066581 and index 8.
2026-02-19 12:10:05,805 - INFO - mp-1068296, 0, S:4, 1.000, 0.658
2026-02-19 12:10:05,888 - ERROR - No coordination environment symbols available for mp-1066609 and index 4.
2026-02-19 12:10:06,227 - INFO - mp-1068300, 2, T:4, 1.000, 0.152
2026-02-19 12:10:06,283 - ERROR - No coordination environment symbols available for mp-1067840 and index 3.
2026-02-19 12:10:06,962 - INFO - mp-1070151, 2, T:4, 1.000, 0.213
2026-02-19 12:10:07,075 - INFO - mp-1069079, 0, O:6, 1.000, 3.144
2026-02-19 12:10:07,111 - INFO - mp-1070333, 0, T:6, 1.000, 4.635
2026-02-19 12:10:07,267 - ERROR - No coordination environment symbols available for mp-1068789 and index 2.
2026-02-19 12:10:07,343 - ERROR - No coordination environment symbols available for mp-1070735 and index 2.
2026-02-19 12:10:07,449 - INFO - mp-1069054, 0, O:6, 1.000, 1.946
2026-02-19 12:10:08,036 - INFO - mp-1069147, 2, O:6, 1.000, 3.476
2026-02-19 12:10:08,285 - ERROR - No coordination environment symbols available for mp-1072181 and index 0.
2026-02-19 12:10:08,359 - ERROR - No coordination environment symbols available for mp-1072076 and index 0.
2026-02-19 12:10:08,557 - INFO - mp-1043513, 4, O:6, 1.000, 0.468
2026-02-19 12:10:08,568 - INFO - mp-1071505, 4, S:4, 1.000, 0.018
2026-02-19 12:10:08,577 - INFO - mp-1043513, 6, O:6, 1.000, 0.498
2026-02-19 12:10:08,783 - ERROR - No coordination environment symbols available for mp-1071283 and index 16.
2026-02-19 12:10:09,041 - ERROR - No coordination environment symbols available for mp-1071360 and index 0.
2026-02-19 12:10:09,138 - INFO - mp-1071423, 2, T:5, 1.000, 0.051
2026-02-19 12:10:09,321 - INFO - mp-1072880, 12, T:5, 1.000, 2.613
2026-02-19 12:10:09,862 - ERROR - No coordination environment symbols available for mp-1077746 and index 2.
2026-02-19 12:10:10,044 - ERROR - No coordination environment symbols available for mp-1077790 and index 8.
2026-02-19 12:10:10,223 - ERROR - No coordination environment symbols available for mp-1077808 and index 2.
2026-02-19 12:10:10,379 - INFO - mp-1077240, 4, T:4, 1.000, 0.148
2026-02-19 12:10:10,407 - INFO - mp-1077386, 4, T:4, 1.000, 0.209
2026-02-19 12:10:10,474 - ERROR - No coordination environment symbols available for mp-1077708 and index 16.
2026-02-19 12:10:10,533 - ERROR - No coordination environment symbols available for mp-1077745 and index 0.
2026-02-19 12:10:10,919 - INFO - mp-1077893, 2, T:4, 1.000, 0.002
2026-02-19 12:10:11,540 - INFO - mp-1077874, 3, T:5, 1.000, 0.261
2026-02-19 12:10:11,679 - ERROR - No coordination environment symbols available for mp-1078098 and index 6.
2026-02-19 12:10:11,764 - INFO - mp-1078104, 0, O:6, 1.000, 0.578
2026-02-19 12:10:11,785 - INFO - mp-1078113, 2, O:6, 1.000, 0.691
2026-02-19 12:10:11,840 - INFO - mp-1078132, 4, O:6, 1.000, 2.573
2026-02-19 12:10:12,231 - INFO - mp-1078053, 2, T:4, 1.000, 0.045
2026-02-19 12:10:12,287 - INFO - mp-1077982, 4, S:4, 1.000, 7.963
2026-02-19 12:10:13,133 - INFO - mp-1078159, 4, O:6, 1.000, 2.226
2026-02-19 12:10:13,728 - INFO - mp-1078162, 0, O:6, 1.000, 0.169
2026-02-19 12:10:13,865 - INFO - mp-1078283, 4, O:6, 1.000, 1.962
2026-02-19 12:10:14,040 - INFO - mp-1078217, 4, O:6, 1.000, 0.504
2026-02-19 12:10:14,080 - INFO - mp-1078209, 9, O:6, 1.000, 0.003
2026-02-19 12:10:14,095 - INFO - mp-1078247, 4, O:6, 1.000, 0.108
2026-02-19 12:10:14,160 - INFO - mp-1078182, 4, O:6, 1.000, 1.948
2026-02-19 12:10:14,974 - INFO - mp-1078277, 6, O:6, 1.000, 0.217
2026-02-19 12:10:15,087 - INFO - mp-1078299, 0, S:4, 1.000, 0.000
2026-02-19 12:10:15,253 - INFO - mp-1078332, 2, T:4, 1.000, 0.411
2026-02-19 12:10:15,301 - INFO - mp-1078458, 6, O:6, 1.000, 0.812
2026-02-19 12:10:15,368 - INFO - mp-1078415, 2, T:4, 1.000, 0.317
2026-02-19 12:10:15,612 - INFO - mp-1078379, 0, O:6, 1.000, 1.058
2026-02-19 12:10:15,630 - INFO - mp-1078379, 2, O:6, 1.000, 1.058
2026-02-19 12:10:16,042 - INFO - mp-1078361, 0, O:6, 1.000, 0.170
2026-02-19 12:10:16,059 - INFO - mp-1078361, 4, O:6, 1.000, 0.170
2026-02-19 12:10:16,287 - INFO - mp-1078387, 0, T:4, 1.000, 0.000
2026-02-19 12:10:16,310 - INFO - mp-1078491, 4, T:4, 1.000, 0.918
2026-02-19 12:10:16,467 - INFO - mp-1078517, 4, T:4, 1.000, 0.135
2026-02-19 12:10:17,023 - INFO - mp-1078538, 0, O:6, 1.000, 0.956
2026-02-19 12:10:17,286 - ERROR - No coordination environment symbols available for mp-1078766 and index 2.
2026-02-19 12:10:17,355 - INFO - mp-1078705, 2, T:4, 1.000, 0.410
2026-02-19 12:10:17,617 - INFO - mp-1078707, 4, T:5, 0.689, 5.479
2026-02-19 12:10:17,782 - INFO - mp-1078579, 0, T:6, 1.000, 5.411
2026-02-19 12:10:17,799 - INFO - mp-1078579, 2, T:6, 1.000, 3.645
2026-02-19 12:10:17,800 - ERROR - No coordination environment symbols available for mp-1078579 and index 4.
2026-02-19 12:10:17,801 - ERROR - No coordination environment symbols available for mp-1078579 and index 6.
2026-02-19 12:10:17,839 - INFO - mp-1078679, 2, T:4, 1.000, 0.630
2026-02-19 12:10:17,877 - INFO - mp-1078634, 2, O:6, 1.000, 0.028
2026-02-19 12:10:17,893 - INFO - mp-1078634, 3, O:6, 1.000, 0.046
2026-02-19 12:10:18,545 - INFO - mp-1078746, 8, O:6, 1.000, 0.000
2026-02-19 12:10:18,612 - INFO - mp-1078912, 6, O:6, 1.000, 0.007
2026-02-19 12:10:19,039 - INFO - mp-1078945, 0, O:6, 1.000, 0.952
2026-02-19 12:10:19,136 - INFO - mp-1079106, 2, T:6, 1.000, 4.114
2026-02-19 12:10:19,849 - INFO - mp-1078997, 4, S:5, 0.703, 5.068
2026-02-19 12:10:19,873 - INFO - mp-1078984, 4, O:6, 1.000, 1.918
2026-02-19 12:10:20,053 - INFO - mp-1079119, 2, T:4, 1.000, 0.655
2026-02-19 12:10:20,104 - ERROR - No coordination environment symbols available for mp-1079337 and index 0.
2026-02-19 12:10:20,108 - INFO - mp-1079176, 4, O:6, 1.000, 1.984
2026-02-19 12:10:20,137 - INFO - mp-1079126, 8, O:6, 1.000, 0.000
2026-02-19 12:10:20,720 - ERROR - No coordination environment symbols available for mp-1079399 and index 6.
2026-02-19 12:10:21,298 - INFO - mp-1079306, 6, S:4, 0.977, 0.001
2026-02-19 12:10:21,392 - INFO - mp-1079380, 2, T:4, 1.000, 0.001
2026-02-19 12:10:21,418 - ERROR - No coordination environment symbols available for mp-1079570 and index 2.
2026-02-19 12:10:21,427 - WARNING - /home/esrf/retegan/.conda/envs/xasml/lib/python3.12/site-packages/pymatgen/io/cif.py:1304: UserWarning: Issues encountered while parsing CIF: 8 fractional coordinates rounded to ideal values to avoid issues with finite precision.
  warnings.warn("Issues encountered while parsing CIF: " + "\n".join(self.warnings))

2026-02-19 12:10:21,598 - INFO - mp-1079439, 0, O:6, 1.000, 0.141
2026-02-19 12:10:21,908 - INFO - mp-1079437, 0, O:6, 1.000, 0.315
2026-02-19 12:10:22,254 - INFO - mp-1079507, 2, T:4, 1.000, 0.290
2026-02-19 12:10:22,369 - INFO - mp-1079562, 4, O:6, 1.000, 0.360
2026-02-19 12:10:22,465 - INFO - mp-1079680, 2, S:4, 1.000, 5.338
2026-02-19 12:10:23,192 - INFO - mp-1079848, 2, T:4, 1.000, 0.211
2026-02-19 12:10:23,234 - INFO - mp-1079573, 4, O:6, 1.000, 1.938
2026-02-19 12:10:23,276 - INFO - mp-1079633, 0, O:6, 1.000, 2.950
2026-02-19 12:10:23,560 - INFO - mp-1079859, 2, T:4, 1.000, 0.566
2026-02-19 12:10:23,591 - INFO - mp-1079847, 2, O:6, 1.000, 0.312
2026-02-19 12:10:23,844 - INFO - mp-1079795, 2, O:6, 1.000, 0.229
2026-02-19 12:10:24,364 - ERROR - No coordination environment symbols available for mp-1079968 and index 6.
2026-02-19 12:10:24,364 - ERROR - No coordination environment symbols available for mp-1079968 and index 8.
2026-02-19 12:10:24,426 - INFO - mp-1080120, 0, T:5, 0.750, 3.918
2026-02-19 12:10:24,604 - INFO - mp-1079872, 2, T:4, 1.000, 0.546
2026-02-19 12:10:24,618 - INFO - mp-1080089, 3, T:4, 1.000, 1.557
2026-02-19 12:10:24,733 - ERROR - No coordination environment symbols available for mp-1079887 and index 2.
2026-02-19 12:10:25,236 - ERROR - No coordination environment symbols available for mp-1080476 and index 0.
2026-02-19 12:10:25,424 - ERROR - No coordination environment symbols available for mp-1079939 and index 0.
2026-02-19 12:10:25,491 - INFO - mp-1080525, 0, S:5, 0.950, 2.572
2026-02-19 12:10:25,806 - INFO - mp-1080113, 2, T:4, 1.000, 0.027
2026-02-19 12:10:25,813 - INFO - mp-1080474, 0, O:6, 1.000, 0.276
2026-02-19 12:10:26,655 - INFO - mp-1080486, 3, T:4, 1.000, 0.812
2026-02-19 12:10:26,718 - INFO - mp-1080698, 0, O:6, 1.000, 6.068
2026-02-19 12:10:26,757 - INFO - mp-1080643, 4, O:6, 1.000, 3.414
2026-02-19 12:10:26,842 - INFO - mp-1080526, 8, T:6, 1.000, 0.003
2026-02-19 12:10:26,968 - INFO - mp-1080591, 2, T:4, 1.000, 0.212
2026-02-19 12:10:27,224 - ERROR - No coordination environment symbols available for mp-1080603 and index 0.
2026-02-19 12:10:27,224 - ERROR - No coordination environment symbols available for mp-1080603 and index 8.
2026-02-19 12:10:27,768 - INFO - mp-1080645, 4, T:5, 0.668, 5.501
2026-02-19 12:10:27,911 - INFO - mp-1080749, 8, T:4, 1.000, 0.000
2026-02-19 12:10:27,998 - INFO - mp-1080653, 0, S:5, 0.994, 1.239
2026-02-19 12:10:28,040 - ERROR - No coordination environment symbols available for mp-1084832 and index 0.
2026-02-19 12:10:28,041 - ERROR - No coordination environment symbols available for mp-1084832 and index 8.
2026-02-19 12:10:28,179 - INFO - mp-1080817, 3, T:4, 1.000, 1.561
2026-02-19 12:10:28,302 - INFO - mp-1086660, 4, S:4, 1.000, 0.000
2026-02-19 12:10:29,029 - INFO - mp-1080783, 4, T:5, 0.793, 6.236
2026-02-19 12:10:29,080 - INFO - mp-1087471, 0, T:4, 1.000, 0.024
2026-02-19 12:10:29,147 - INFO - mp-1080777, 4, O:6, 1.000, 1.931
2026-02-19 12:10:29,353 - INFO - mp-1087511, 2, T:4, 1.000, 0.251
2026-02-19 12:10:29,356 - ERROR - No coordination environment symbols available for mp-1087505 and index 2.
2026-02-19 12:10:30,122 - INFO - mp-1087487, 8, T:6, 1.000, 0.021
2026-02-19 12:10:30,229 - INFO - mp-1095076, 4, S:4, 1.000, 0.000
2026-02-19 12:10:30,411 - INFO - mp-1087539, 4, T:5, 0.700, 6.463
2026-02-19 12:10:30,662 - INFO - mp-1095040, 3, T:4, 1.000, 0.791
2026-02-19 12:10:31,333 - INFO - mp-1095063, 4, T:5, 0.505, 5.557
2026-02-19 12:10:31,585 - INFO - mp-1095148, 3, T:4, 1.000, 1.414
2026-02-19 12:10:31,619 - INFO - mp-1095137, 2, T:4, 1.000, 0.074
2026-02-19 12:10:31,714 - INFO - mp-1095170, 4, O:6, 1.000, 0.004
2026-02-19 12:10:32,443 - INFO - mp-1095213, 2, T:4, 1.000, 1.581
2026-02-19 12:10:32,612 - ERROR - No coordination environment symbols available for mp-1095443 and index 4.
2026-02-19 12:10:32,612 - ERROR - No coordination environment symbols available for mp-1095443 and index 10.
2026-02-19 12:10:32,826 - INFO - mp-1095055, 0, O:6, 1.000, 2.765
2026-02-19 12:10:33,207 - INFO - mp-1095280, 2, T:4, 1.000, 1.064
2026-02-19 12:10:33,224 - INFO - mp-1095280, 4, T:4, 1.000, 1.053
2026-02-19 12:10:34,212 - INFO - mp-1095445, 1, O:6, 1.000, 0.020
2026-02-19 12:10:34,314 - INFO - mp-1095303, 0, O:6, 1.000, 1.381
2026-02-19 12:10:34,378 - INFO - mp-1095664, 0, S:5, 0.995, 1.279
2026-02-19 12:10:34,450 - INFO - mp-1095382, 0, O:6, 1.000, 0.200
2026-02-19 12:10:34,459 - ERROR - No coordination environment symbols available for mp-1095452 and index 6.
2026-02-19 12:10:34,463 - INFO - mp-1095252, 2, T:4, 1.000, 1.205
2026-02-19 12:10:34,469 - INFO - mp-1095382, 4, O:6, 1.000, 0.314
2026-02-19 12:10:34,479 - INFO - mp-1095252, 3, T:4, 1.000, 1.211
2026-02-19 12:10:34,486 - INFO - mp-1095382, 8, S:5, 1.000, 0.985
2026-02-19 12:10:34,496 - INFO - mp-1095252, 4, T:4, 1.000, 1.091
2026-02-19 12:10:34,512 - INFO - mp-1095252, 5, T:4, 1.000, 1.117
2026-02-19 12:10:34,926 - INFO - mp-1095516, 4, T:4, 1.000, 0.037
2026-02-19 12:10:35,293 - ERROR - No coordination environment symbols available for mp-1095585 and index 10.
2026-02-19 12:10:35,338 - INFO - mp-1097017, 4, T:5, 1.000, 6.441
2026-02-19 12:10:35,633 - ERROR - No coordination environment symbols available for mp-1095682 and index 0.
2026-02-19 12:10:35,633 - ERROR - No coordination environment symbols available for mp-1095682 and index 8.
2026-02-19 12:10:35,633 - ERROR - No coordination environment symbols available for mp-1095682 and index 12.
2026-02-19 12:10:36,256 - INFO - mp-1095668, 4, T:4, 1.000, 0.409
2026-02-19 12:10:36,444 - INFO - mp-1101870, 4, T:4, 1.000, 0.584
2026-02-19 12:10:36,615 - INFO - mp-1097003, 0, O:6, 1.000, 1.523
2026-02-19 12:10:36,783 - ERROR - No coordination environment symbols available for mp-1101819 and index 9.
2026-02-19 12:10:36,783 - ERROR - No coordination environment symbols available for mp-1101819 and index 27.
2026-02-19 12:10:36,798 - INFO - mp-1101819, 33, T:6, 1.000, 4.186
2026-02-19 12:10:36,892 - INFO - mp-1095685, 6, T:5, 1.000, 7.064
2026-02-19 12:10:36,979 - INFO - mp-1101759, 2, S:4, 1.000, 1.163
2026-02-19 12:10:36,996 - INFO - mp-1101759, 8, T:6, 1.000, 5.307
2026-02-19 12:10:37,252 - ERROR - No coordination environment symbols available for mp-1101907 and index 4.
2026-02-19 12:10:37,252 - ERROR - No coordination environment symbols available for mp-1101907 and index 10.
2026-02-19 12:10:37,407 - INFO - mp-1101797, 2, T:6, 1.000, 4.641
2026-02-19 12:10:37,584 - ERROR - No coordination environment symbols available for mp-1101922 and index 4.
2026-02-19 12:10:37,584 - ERROR - No coordination environment symbols available for mp-1101922 and index 10.
2026-02-19 12:10:37,677 - INFO - mp-1101894, 0, O:6, 1.000, 0.710
2026-02-19 12:10:38,046 - INFO - mp-1101943, 4, T:4, 1.000, 0.441
2026-02-19 12:10:38,127 - INFO - mp-1101971, 0, O:6, 1.000, 0.723
2026-02-19 12:10:38,317 - INFO - mp-1101988, 4, T:4, 0.920, 0.569
2026-02-19 12:10:38,638 - INFO - mp-1101916, 4, T:5, 1.000, 2.988
2026-02-19 12:10:38,640 - INFO - mp-1101938, 0, T:6, 1.000, 7.427
2026-02-19 12:10:38,770 - INFO - mp-1102059, 6, T:4, 1.000, 7.741
2026-02-19 12:10:39,250 - INFO - mp-1101998, 4, T:5, 1.000, 0.651
2026-02-19 12:10:39,252 - ERROR - No coordination environment symbols available for mp-1101998 and index 6.
2026-02-19 12:10:39,252 - ERROR - No coordination environment symbols available for mp-1101998 and index 7.
2026-02-19 12:10:39,362 - INFO - mp-1102002, 0, O:6, 1.000, 0.554
2026-02-19 12:10:40,132 - ERROR - No coordination environment symbols available for mp-1102187 and index 9.
2026-02-19 12:10:40,132 - ERROR - No coordination environment symbols available for mp-1102187 and index 27.
2026-02-19 12:10:40,147 - INFO - mp-1102187, 33, T:6, 1.000, 4.232
2026-02-19 12:10:40,348 - ERROR - No coordination environment symbols available for mp-1102236 and index 4.
2026-02-19 12:10:40,348 - ERROR - No coordination environment symbols available for mp-1102236 and index 10.
2026-02-19 12:10:40,369 - ERROR - No coordination environment symbols available for mp-1102099 and index 8.
2026-02-19 12:10:40,369 - ERROR - No coordination environment symbols available for mp-1102099 and index 16.
2026-02-19 12:10:40,369 - ERROR - No coordination environment symbols available for mp-1102099 and index 20.
2026-02-19 12:10:40,582 - INFO - mp-1102153, 4, T:4, 1.000, 0.461
2026-02-19 12:10:40,988 - INFO - mp-1102092, 1, O:6, 1.000, 0.126
2026-02-19 12:10:41,059 - ERROR - No coordination environment symbols available for mp-1102177 and index 10.
2026-02-19 12:10:41,119 - INFO - mp-1102205, 2, S:4, 1.000, 1.133
2026-02-19 12:10:41,140 - INFO - mp-1102205, 8, T:6, 1.000, 5.252
2026-02-19 12:10:41,487 - INFO - mp-1102288, 0, O:6, 1.000, 0.378
2026-02-19 12:10:41,639 - INFO - mp-1102314, 4, T:4, 0.954, 0.586
2026-02-19 12:10:41,712 - ERROR - No coordination environment symbols available for mp-1102211 and index 10.
2026-02-19 12:10:42,542 - ERROR - No coordination environment symbols available for mp-1102237 and index 10.
2026-02-19 12:10:42,589 - INFO - mp-1102363, 0, T:4, 1.000, 2.009
2026-02-19 12:10:42,649 - ERROR - No coordination environment symbols available for mp-1102392 and index 9.
2026-02-19 12:10:42,649 - ERROR - No coordination environment symbols available for mp-1102392 and index 27.
2026-02-19 12:10:42,665 - INFO - mp-1102392, 33, T:6, 1.000, 4.363
2026-02-19 12:10:42,742 - ERROR - No coordination environment symbols available for mp-1102259 and index 10.
2026-02-19 12:10:43,329 - INFO - mp-1102349, 2, S:4, 1.000, 1.017
2026-02-19 12:10:43,351 - INFO - mp-1102349, 8, T:6, 1.000, 4.949
2026-02-19 12:10:43,539 - ERROR - No coordination environment symbols available for mp-1102431 and index 4.
2026-02-19 12:10:43,539 - ERROR - No coordination environment symbols available for mp-1102431 and index 10.
2026-02-19 12:10:43,724 - INFO - mp-1102452, 4, T:4, 1.000, 0.499
2026-02-19 12:10:43,857 - ERROR - No coordination environment symbols available for mp-1102660 and index 0.
2026-02-19 12:10:44,438 - ERROR - No coordination environment symbols available for mp-1102664 and index 8.
2026-02-19 12:10:44,520 - ERROR - No coordination environment symbols available for mp-1102680 and index 4.
2026-02-19 12:10:44,520 - ERROR - No coordination environment symbols available for mp-1102680 and index 10.
2026-02-19 12:10:44,572 - INFO - mp-1102564, 4, T:4, 1.000, 7.727
2026-02-19 12:10:44,591 - INFO - mp-1102580, 0, O:6, 1.000, 0.535
2026-02-19 12:10:44,661 - INFO - mp-1102584, 8, T:4, 1.000, 6.654
2026-02-19 12:10:44,863 - ERROR - No coordination environment symbols available for mp-1102707 and index 0.
2026-02-19 12:10:45,136 - INFO - mp-1102399, 0, O:6, 0.817, 4.255
2026-02-19 12:10:45,152 - INFO - mp-1102399, 1, O:6, 1.000, 3.390
2026-02-19 12:10:45,436 - INFO - mp-1102779, 0, S:4, 1.000, 2.185
2026-02-19 12:10:45,438 - ERROR - No coordination environment symbols available for mp-1102779 and index 4.
2026-02-19 12:10:45,500 - INFO - mp-1102704, 4, T:6, 1.000, 4.452
2026-02-19 12:10:45,642 - INFO - mp-1102843, 0, T:4, 1.000, 0.404
2026-02-19 12:10:45,651 - ERROR - No coordination environment symbols available for mp-1102936 and index 8.
2026-02-19 12:10:46,898 - INFO - mp-1102980, 4, T:4, 1.000, 0.465
2026-02-19 12:10:46,979 - INFO - mp-1102754, 6, T:4, 1.000, 0.147
2026-02-19 12:10:47,570 - INFO - mp-1102979, 0, O:6, 1.000, 0.020
2026-02-19 12:10:47,580 - INFO - mp-1103067, 0, O:6, 1.000, 0.964
2026-02-19 12:10:47,610 - ERROR - No coordination environment symbols available for mp-1103015 and index 9.
2026-02-19 12:10:47,610 - ERROR - No coordination environment symbols available for mp-1103015 and index 27.
2026-02-19 12:10:47,613 - INFO - mp-1103030, 0, O:6, 0.944, 1.949
2026-02-19 12:10:47,626 - INFO - mp-1103015, 33, T:6, 1.000, 4.703
2026-02-19 12:10:47,633 - INFO - mp-1103030, 9, O:6, 0.944, 1.949
2026-02-19 12:10:47,683 - INFO - mp-1103093, 0, T:4, 1.000, 1.236
2026-02-19 12:10:47,916 - ERROR - No coordination environment symbols available for mp-1103173 and index 8.
2026-02-19 12:10:48,331 - INFO - mp-1103174, 4, T:4, 1.000, 0.082
2026-02-19 12:10:48,331 - INFO - mp-1103080, 8, T:4, 1.000, 0.323
2026-02-19 12:10:48,437 - INFO - mp-1103177, 0, O:6, 1.000, 0.401
2026-02-19 12:10:48,654 - INFO - mp-1103196, 4, T:4, 1.000, 0.475
2026-02-19 12:10:48,708 - INFO - mp-1103256, 0, O:6, 1.000, 0.577
2026-02-19 12:10:49,875 - INFO - mp-1103481, 6, O:6, 1.000, 7.245
2026-02-19 12:10:50,121 - INFO - mp-1103214, 6, S:4, 0.504, 0.012
2026-02-19 12:10:50,570 - ERROR - No coordination environment symbols available for mp-1103361 and index 6.
2026-02-19 12:10:50,656 - INFO - mp-1103537, 8, T:4, 1.000, 4.613
2026-02-19 12:10:50,736 - INFO - mp-1103452, 3, O:6, 1.000, 0.004
2026-02-19 12:10:50,757 - INFO - mp-1103568, 2, T:4, 1.000, 2.425
2026-02-19 12:10:51,166 - INFO - mp-1103543, 4, T:4, 1.000, 0.716
2026-02-19 12:10:51,649 - INFO - mp-1103605, 4, T:4, 1.000, 0.575
2026-02-19 12:10:51,684 - ERROR - No coordination environment symbols available for mp-1103553 and index 14.
2026-02-19 12:10:51,684 - ERROR - No coordination environment symbols available for mp-1103553 and index 22.
2026-02-19 12:10:51,832 - INFO - mp-1103705, 0, O:6, 1.000, 7.965
2026-02-19 12:10:51,855 - ERROR - No coordination environment symbols available for mp-1103635 and index 10.
2026-02-19 12:10:51,855 - ERROR - No coordination environment symbols available for mp-1103635 and index 18.
2026-02-19 12:10:52,602 - INFO - mp-1103591, 4, T:4, 1.000, 0.523
2026-02-19 12:10:52,912 - INFO - mp-1103811, 3, O:6, 1.000, 0.013
2026-02-19 12:10:53,141 - INFO - mp-1103684, 0, O:6, 1.000, 1.798
2026-02-19 12:10:53,159 - INFO - mp-1103684, 4, O:6, 1.000, 1.798
2026-02-19 12:10:53,492 - INFO - mp-1103601, 0, O:6, 1.000, 0.818
2026-02-19 12:10:54,177 - ERROR - No coordination environment symbols available for mp-1103885 and index 18.
2026-02-19 12:10:54,177 - ERROR - No coordination environment symbols available for mp-1103885 and index 36.
2026-02-19 12:10:54,217 - ERROR - No coordination environment symbols available for mp-1103826 and index 21.
2026-02-19 12:10:54,682 - ERROR - No coordination environment symbols available for mp-1103938 and index 1.
2026-02-19 12:10:54,826 - INFO - mp-1103948, 8, T:4, 1.000, 4.419
2026-02-19 12:10:54,830 - INFO - mp-1103886, 2, O:6, 1.000, 0.748
2026-02-19 12:10:55,495 - ERROR - No coordination environment symbols available for mp-1103910 and index 14.
2026-02-19 12:10:55,495 - ERROR - No coordination environment symbols available for mp-1103910 and index 22.
2026-02-19 12:10:55,626 - INFO - mp-1103895, 10, T:4, 1.000, 0.187
2026-02-19 12:10:55,789 - INFO - mp-1103970, 0, O:6, 1.000, 0.027
2026-02-19 12:10:57,136 - ERROR - No coordination environment symbols available for mp-1103998 and index 0.
2026-02-19 12:10:57,406 - INFO - mp-1103986, 4, T:4, 1.000, 0.502
2026-02-19 12:10:57,520 - INFO - mp-1103957, 0, O:6, 1.000, 0.575
2026-02-19 12:10:57,775 - ERROR - No coordination environment symbols available for mp-1104104 and index 24.
2026-02-19 12:10:57,911 - INFO - mp-1104152, 8, T:4, 1.000, 4.436
2026-02-19 12:10:58,481 - INFO - mp-1104176, 4, T:4, 1.000, 0.715
2026-02-19 12:10:58,902 - INFO - mp-1103995, 6, O:6, 1.000, 0.072
2026-02-19 12:10:59,331 - INFO - mp-1104227, 0, O:6, 1.000, 0.478
2026-02-19 12:10:59,572 - ERROR - No coordination environment symbols available for mp-1104217 and index 10.
2026-02-19 12:10:59,572 - ERROR - No coordination environment symbols available for mp-1104217 and index 18.
2026-02-19 12:10:59,711 - ERROR - No coordination environment symbols available for mp-1104222 and index 2.
2026-02-19 12:10:59,711 - ERROR - No coordination environment symbols available for mp-1104222 and index 10.
2026-02-19 12:10:59,711 - ERROR - No coordination environment symbols available for mp-1104222 and index 18.
2026-02-19 12:10:59,880 - INFO - mp-1104205, 4, T:4, 1.000, 0.728
2026-02-19 12:11:00,182 - ERROR - No coordination environment symbols available for mp-1104258 and index 10.
2026-02-19 12:11:00,182 - ERROR - No coordination environment symbols available for mp-1104258 and index 18.
2026-02-19 12:11:00,703 - INFO - mp-1104250, 8, T:4, 1.000, 4.524
2026-02-19 12:11:00,745 - INFO - mp-1104267, 2, T:4, 1.000, 1.678
2026-02-19 12:11:00,762 - INFO - mp-1104267, 6, T:4, 1.000, 3.424
2026-02-19 12:11:00,925 - INFO - mp-1104229, 4, O:6, 1.000, 1.946
2026-02-19 12:11:00,927 - INFO - mp-1103865, 2, O:6, 1.000, 0.535
2026-02-19 12:11:00,944 - INFO - mp-1103865, 3, O:6, 1.000, 0.556
2026-02-19 12:11:00,945 - INFO - mp-1104229, 6, O:6, 1.000, 1.946
2026-02-19 12:11:00,962 - INFO - mp-1103865, 4, O:6, 1.000, 0.540
2026-02-19 12:11:00,980 - INFO - mp-1103865, 5, O:6, 1.000, 0.561
2026-02-19 12:11:01,024 - ERROR - No coordination environment symbols available for mp-1104273 and index 18.
2026-02-19 12:11:01,257 - INFO - mp-1104283, 2, T:4, 1.000, 2.371
2026-02-19 12:11:01,309 - ERROR - No coordination environment symbols available for mp-1104274 and index 12.
2026-02-19 12:11:01,309 - ERROR - No coordination environment symbols available for mp-1104274 and index 18.
2026-02-19 12:11:02,103 - INFO - mp-1104308, 2, T:4, 1.000, 1.698
2026-02-19 12:11:02,120 - INFO - mp-1104308, 6, T:4, 1.000, 3.386
2026-02-19 12:11:02,330 - ERROR - No coordination environment symbols available for mp-1104284 and index 14.
2026-02-19 12:11:02,330 - ERROR - No coordination environment symbols available for mp-1104284 and index 22.
2026-02-19 12:11:02,350 - INFO - mp-1104261, 2, S:4, 0.985, 0.093
2026-02-19 12:11:02,368 - INFO - mp-1104261, 3, S:4, 0.969, 0.067
2026-02-19 12:11:03,123 - ERROR - No coordination environment symbols available for mp-1104305 and index 12.
2026-02-19 12:11:03,123 - ERROR - No coordination environment symbols available for mp-1104305 and index 18.
2026-02-19 12:11:03,562 - ERROR - No coordination environment symbols available for mp-1104317 and index 14.
2026-02-19 12:11:03,562 - ERROR - No coordination environment symbols available for mp-1104317 and index 22.
2026-02-19 12:11:03,811 - INFO - mp-1104355, 0, O:6, 1.000, 0.004
2026-02-19 12:11:03,830 - INFO - mp-1104355, 4, O:6, 1.000, 0.004
2026-02-19 12:11:03,946 - INFO - mp-1104410, 8, T:4, 1.000, 0.020
2026-02-19 12:11:04,366 - INFO - mp-1104343, 0, O:6, 1.000, 0.399
2026-02-19 12:11:04,397 - ERROR - No coordination environment symbols available for mp-1104462 and index 18.
2026-02-19 12:11:04,545 - INFO - mp-1104448, 0, O:6, 1.000, 0.958
2026-02-19 12:11:04,664 - ERROR - No coordination environment symbols available for mp-1104438 and index 14.
2026-02-19 12:11:04,664 - ERROR - No coordination environment symbols available for mp-1104438 and index 22.
2026-02-19 12:11:04,725 - ERROR - No coordination environment symbols available for mp-1104452 and index 12.
2026-02-19 12:11:04,725 - ERROR - No coordination environment symbols available for mp-1104452 and index 18.
2026-02-19 12:11:05,156 - ERROR - No coordination environment symbols available for mp-1104485 and index 14.
2026-02-19 12:11:05,156 - ERROR - No coordination environment symbols available for mp-1104485 and index 22.
2026-02-19 12:11:06,035 - ERROR - No coordination environment symbols available for mp-1104561 and index 18.
2026-02-19 12:11:06,181 - ERROR - No coordination environment symbols available for mp-1104491 and index 12.
2026-02-19 12:11:06,181 - ERROR - No coordination environment symbols available for mp-1104491 and index 18.
2026-02-19 12:11:06,439 - INFO - mp-1104494, 2, T:4, 1.000, 2.440
2026-02-19 12:11:06,713 - INFO - mp-1104515, 8, T:4, 1.000, 4.964
2026-02-19 12:11:06,975 - INFO - mp-1104492, 0, O:6, 1.000, 0.034
2026-02-19 12:11:06,992 - INFO - mp-1104492, 1, O:6, 1.000, 0.065
2026-02-19 12:11:07,012 - INFO - mp-1104530, 0, O:6, 1.000, 0.296
2026-02-19 12:11:07,149 - ERROR - No coordination environment symbols available for mp-1104538 and index 1.
2026-02-19 12:11:07,238 - INFO - mp-1104575, 2, T:4, 1.000, 2.386
2026-02-19 12:11:07,463 - INFO - mp-1104614, 4, T:4, 1.000, 1.269
2026-02-19 12:11:07,782 - INFO - mp-1104628, 0, S:4, 1.000, 7.957
2026-02-19 12:11:07,799 - INFO - mp-1104628, 4, S:4, 1.000, 6.512
2026-02-19 12:11:08,446 - ERROR - No coordination environment symbols available for mp-1104580 and index 12.
2026-02-19 12:11:08,447 - ERROR - No coordination environment symbols available for mp-1104580 and index 18.
2026-02-19 12:11:08,449 - ERROR - No coordination environment symbols available for mp-1104685 and index 12.
2026-02-19 12:11:08,449 - ERROR - No coordination environment symbols available for mp-1104685 and index 18.
2026-02-19 12:11:08,558 - ERROR - No coordination environment symbols available for mp-1104719 and index 18.
2026-02-19 12:11:09,163 - INFO - mp-1104653, 12, S:4, 1.000, 2.562
2026-02-19 12:11:09,990 - INFO - mp-1104680, 8, T:4, 1.000, 0.074
2026-02-19 12:11:10,102 - INFO - mp-1104716, 6, O:6, 1.000, 0.072
2026-02-19 12:11:10,113 - ERROR - No coordination environment symbols available for mp-1104739 and index 14.
2026-02-19 12:11:10,113 - ERROR - No coordination environment symbols available for mp-1104739 and index 22.
2026-02-19 12:11:10,429 - INFO - mp-1104799, 2, T:4, 1.000, 2.362
2026-02-19 12:11:10,449 - ERROR - No coordination environment symbols available for mp-1104766 and index 2.
2026-02-19 12:11:10,450 - ERROR - No coordination environment symbols available for mp-1104873 and index 18.
2026-02-19 12:11:10,940 - INFO - mp-1104756, 10, O:6, 1.000, 0.338
2026-02-19 12:11:11,081 - INFO - mp-1104802, 8, T:6, 1.000, 0.366
2026-02-19 12:11:11,207 - INFO - mp-1104929, 2, T:4, 1.000, 2.392
2026-02-19 12:11:11,375 - ERROR - No coordination environment symbols available for mp-1104899 and index 2.
2026-02-19 12:11:11,375 - ERROR - No coordination environment symbols available for mp-1104899 and index 10.
2026-02-19 12:11:11,375 - ERROR - No coordination environment symbols available for mp-1104899 and index 18.
2026-02-19 12:11:11,860 - ERROR - No coordination environment symbols available for mp-1104956 and index 18.
2026-02-19 12:11:11,860 - ERROR - No coordination environment symbols available for mp-1104956 and index 36.
2026-02-19 12:11:12,074 - ERROR - No coordination environment symbols available for mp-1104959 and index 14.
2026-02-19 12:11:12,074 - ERROR - No coordination environment symbols available for mp-1104959 and index 22.
2026-02-19 12:11:12,912 - ERROR - No coordination environment symbols available for mp-1104963 and index 1.
2026-02-19 12:11:12,928 - INFO - mp-1104887, 2, O:6, 1.000, 0.881
2026-02-19 12:11:13,390 - ERROR - No coordination environment symbols available for mp-1104975 and index 1.
2026-02-19 12:11:13,392 - ERROR - No coordination environment symbols available for mp-1104984 and index 18.
2026-02-19 12:11:13,634 - INFO - mp-1104989, 1, O:6, 1.000, 0.030
2026-02-19 12:11:13,859 - INFO - mp-1105054, 0, O:6, 1.000, 0.216
2026-02-19 12:11:13,873 - INFO - mp-1105063, 2, T:5, 1.000, 7.742
2026-02-19 12:11:14,407 - ERROR - No coordination environment symbols available for mp-1105065 and index 12.
2026-02-19 12:11:14,407 - ERROR - No coordination environment symbols available for mp-1105065 and index 18.
2026-02-19 12:11:14,949 - ERROR - No coordination environment symbols available for mp-1105171 and index 15.
2026-02-19 12:11:15,166 - ERROR - No coordination environment symbols available for mp-1105077 and index 18.
2026-02-19 12:11:15,182 - WARNING - /home/esrf/retegan/.conda/envs/xasml/lib/python3.12/site-packages/pymatgen/io/cif.py:1238: UserWarning: Incorrect stoichiometry:
  CIF={'Ca': 4.0, 'Fe': 2.0, 'Cu': 2.0, 'S': 2.0, 'O': 6.0}
  PMG={'Ca': 16.0, 'Fe': 2.0, 'Cu': 16.0, 'S': 16.0, 'O': 6.0}
  ratios={'Ca': 4.0, 'O': 1.0, 'Fe': 1.0, 'S': 8.0, 'Cu': 8.0}
  warnings.warn(cif_failure_reason)

2026-02-19 12:11:15,192 - ERROR - Error processing material mp-1105354: The space group analyzer failed: 
concurrent.futures.process._RemoteTraceback: 
"""
Traceback (most recent call last):
  File "/home/esrf/retegan/Code/xasml/src/xasml/datasets/fdmnes/material.py", line 38, in get_unique_sites
    spa = SpacegroupAnalyzer(self.structure, symprec=0.01, angle_tolerance=5)
          ^^^^^^^^^^^^^^^^^^^^^^^^^^^^^^^^^^^^^^^^^^^^^^^^^^^^^^^^^^^^^^^^^^^
  File "/home/esrf/retegan/.conda/envs/xasml/lib/python3.12/site-packages/pymatgen/symmetry/analyzer.py", line 152, in __init__
    self._space_group_data = _get_symmetry_dataset(self._cell, symprec, angle_tolerance)
                             ^^^^^^^^^^^^^^^^^^^^^^^^^^^^^^^^^^^^^^^^^^^^^^^^^^^^^^^^^^^
  File "/home/esrf/retegan/.conda/envs/xasml/lib/python3.12/site-packages/pymatgen/symmetry/analyzer.py", line 80, in _get_symmetry_dataset
    raise SymmetryUndeterminedError
pymatgen.symmetry.analyzer.SymmetryUndeterminedError

The above exception was the direct cause of the following exception:

Traceback (most recent call last):
  File "/home/esrf/retegan/.conda/envs/xasml/lib/python3.12/concurrent/futures/process.py", line 263, in _process_worker
    r = call_item.fn(*call_item.args, **call_item.kwargs)
        ^^^^^^^^^^^^^^^^^^^^^^^^^^^^^^^^^^^^^^^^^^^^^^^^^
  File "/home/esrf/retegan/Code/xasml/scripts/datasets/fdmnes/build_materials_database.py", line 69, in process_material
    unique_sites = material.get_unique_sites(ELEMENT)
                   ^^^^^^^^^^^^^^^^^^^^^^^^^^^^^^^^^^
  File "/home/esrf/retegan/Code/xasml/src/xasml/datasets/fdmnes/material.py", line 40, in get_unique_sites
    raise ValueError(f"The space group analyzer failed: {str(e)}") from e
ValueError: The space group analyzer failed: 
"""

The above exception was the direct cause of the following exception:

Traceback (most recent call last):
  File "/home/esrf/retegan/Code/xasml/scripts/datasets/fdmnes/build_materials_database.py", line 163, in process_materials
    result = future.result()
             ^^^^^^^^^^^^^^^
  File "/home/esrf/retegan/.conda/envs/xasml/lib/python3.12/concurrent/futures/_base.py", line 449, in result
    return self.__get_result()
           ^^^^^^^^^^^^^^^^^^^
  File "/home/esrf/retegan/.conda/envs/xasml/lib/python3.12/concurrent/futures/_base.py", line 401, in __get_result
    raise self._exception
ValueError: The space group analyzer failed: 
2026-02-19 12:11:15,612 - INFO - mp-1105068, 4, T:4, 0.952, 0.819
2026-02-19 12:11:16,072 - INFO - mp-1105138, 3, O:6, 1.000, 0.024
2026-02-19 12:11:16,094 - INFO - mp-1105138, 12, O:6, 1.000, 0.024
2026-02-19 12:11:16,483 - INFO - mp-1105372, 0, S:5, 1.000, 5.029
2026-02-19 12:11:16,507 - INFO - mp-1105372, 16, S:5, 1.000, 5.029
2026-02-19 12:11:16,755 - INFO - mp-1105236, 0, T:4, 1.000, 0.478
2026-02-19 12:11:16,777 - INFO - mp-1105173, 4, T:4, 0.949, 0.026
2026-02-19 12:11:17,120 - INFO - mp-1105304, 4, O:6, 1.000, 0.024
2026-02-19 12:11:17,570 - INFO - mp-1105352, 2, O:6, 1.000, 0.079
2026-02-19 12:11:17,766 - INFO - mp-1105179, 4, O:6, 1.000, 0.576
2026-02-19 12:11:17,784 - INFO - mp-1105179, 5, O:6, 1.000, 0.572
2026-02-19 12:11:18,137 - INFO - mp-1105426, 0, S:5, 1.000, 4.894
2026-02-19 12:11:18,380 - INFO - mp-1105388, 4, S:5, 1.000, 5.165
2026-02-19 12:11:18,449 - INFO - mp-1105437, 4, S:4, 1.000, 0.066
2026-02-19 12:11:18,752 - INFO - mp-1105387, 4, T:4, 1.000, 0.036
2026-02-19 12:11:18,849 - INFO - mp-1105397, 4, S:5, 1.000, 5.062
2026-02-19 12:11:19,748 - ERROR - No coordination environment symbols available for mp-1105464 and index 24.
2026-02-19 12:11:20,226 - INFO - mp-1105435, 2, T:4, 1.000, 0.347
2026-02-19 12:11:20,244 - INFO - mp-1105435, 4, T:4, 0.738, 0.696
2026-02-19 12:11:20,262 - INFO - mp-1105435, 6, S:5, 0.999, 0.827
2026-02-19 12:11:20,264 - ERROR - No coordination environment symbols available for mp-1105435 and index 8.
2026-02-19 12:11:20,280 - INFO - mp-1105435, 10, T:4, 1.000, 0.299
2026-02-19 12:11:20,379 - INFO - mp-1105542, 4, O:6, 1.000, 0.000
2026-02-19 12:11:20,382 - INFO - mp-1105487, 0, S:5, 1.000, 4.855
2026-02-19 12:11:20,479 - ERROR - No coordination environment symbols available for mp-1105569 and index 6.
2026-02-19 12:11:20,479 - ERROR - No coordination environment symbols available for mp-1105569 and index 24.
2026-02-19 12:11:20,479 - ERROR - No coordination environment symbols available for mp-1105569 and index 42.
2026-02-19 12:11:20,480 - ERROR - No coordination environment symbols available for mp-1105569 and index 51.
2026-02-19 12:11:20,483 - INFO - mp-1105605, 21, O:6, 1.000, 0.025
2026-02-19 12:11:20,503 - WARNING - /home/esrf/retegan/.conda/envs/xasml/lib/python3.12/site-packages/pymatgen/io/cif.py:1304: UserWarning: Issues encountered while parsing CIF: 1 fractional coordinates rounded to ideal values to avoid issues with finite precision.
  warnings.warn("Issues encountered while parsing CIF: " + "\n".join(self.warnings))

2026-02-19 12:11:20,775 - INFO - mp-1105546, 2, O:6, 1.000, 0.001
2026-02-19 12:11:20,807 - INFO - mp-1105484, 12, T:4, 1.000, 1.046
2026-02-19 12:11:21,650 - INFO - mp-1105639, 8, T:6, 1.000, 4.819
2026-02-19 12:11:21,670 - INFO - mp-1105639, 16, T:6, 1.000, 4.819
2026-02-19 12:11:22,598 - INFO - mp-1105642, 2, O:6, 1.000, 0.028
2026-02-19 12:11:22,678 - INFO - mp-1105690, 2, O:6, 1.000, 0.003
2026-02-19 12:11:22,806 - INFO - mp-1105732, 4, O:6, 1.000, 0.134
2026-02-19 12:11:22,882 - INFO - mp-1105701, 12, T:4, 1.000, 0.669
2026-02-19 12:11:22,929 - ERROR - No coordination environment symbols available for mp-1105860 and index 0.
2026-02-19 12:11:23,058 - INFO - mp-1105799, 12, T:4, 0.999, 0.707
2026-02-19 12:11:23,822 - INFO - mp-1105927, 2, O:6, 1.000, 0.982
2026-02-19 12:11:24,316 - INFO - mp-1106004, 2, O:6, 1.000, 0.046
2026-02-19 12:11:24,430 - INFO - mp-1105823, 4, O:6, 1.000, 0.282
2026-02-19 12:11:24,908 - ERROR - No coordination environment symbols available for mp-1105876 and index 12.
2026-02-19 12:11:24,908 - ERROR - No coordination environment symbols available for mp-1105876 and index 14.
2026-02-19 12:11:25,415 - INFO - mp-1106008, 2, O:6, 1.000, 0.016
2026-02-19 12:11:25,509 - INFO - mp-1105952, 4, O:6, 1.000, 0.295
2026-02-19 12:11:25,520 - INFO - mp-1105916, 0, O:6, 1.000, 1.180
2026-02-19 12:11:25,759 - INFO - mp-1105960, 6, T:4, 1.000, 0.221
2026-02-19 12:11:26,133 - INFO - mp-1106026, 32, O:6, 1.000, 0.000
2026-02-19 12:11:26,893 - ERROR - No coordination environment symbols available for mp-1106052 and index 15.
2026-02-19 12:11:26,893 - ERROR - No coordination environment symbols available for mp-1106052 and index 33.
2026-02-19 12:11:26,893 - ERROR - No coordination environment symbols available for mp-1106052 and index 51.
2026-02-19 12:11:27,045 - INFO - mp-1106187, 21, O:6, 1.000, 0.093
2026-02-19 12:11:27,101 - ERROR - No coordination environment symbols available for mp-1106107 and index 6.
2026-02-19 12:11:27,101 - ERROR - No coordination environment symbols available for mp-1106107 and index 24.
2026-02-19 12:11:27,101 - ERROR - No coordination environment symbols available for mp-1106107 and index 42.
2026-02-19 12:11:27,101 - ERROR - No coordination environment symbols available for mp-1106107 and index 51.
2026-02-19 12:11:27,127 - INFO - mp-1106297, 32, O:6, 1.000, 0.000
2026-02-19 12:11:27,144 - ERROR - No coordination environment symbols available for mp-1106126 and index 12.
2026-02-19 12:11:27,144 - ERROR - No coordination environment symbols available for mp-1106126 and index 30.
2026-02-19 12:11:27,144 - ERROR - No coordination environment symbols available for mp-1106126 and index 48.
2026-02-19 12:11:27,412 - INFO - mp-1106108, 12, T:4, 1.000, 1.385
2026-02-19 12:11:27,456 - INFO - mp-1106248, 6, T:4, 1.000, 0.545
2026-02-19 12:11:27,631 - INFO - mp-1106332, 12, T:4, 1.000, 0.095
2026-02-19 12:11:27,998 - ERROR - No coordination environment symbols available for mp-1106404 and index 2.
2026-02-19 12:11:28,624 - INFO - mp-1178920, 6, T:4, 1.000, 0.001
2026-02-19 12:11:29,737 - INFO - mp-1180433, 4, S:4, 0.984, 1.268
2026-02-19 12:11:29,860 - ERROR - No coordination environment symbols available for mp-1181137 and index 1.
2026-02-19 12:11:29,875 - INFO - mp-1181137, 4, T:6, 1.000, 4.193
2026-02-19 12:11:29,944 - ERROR - No coordination environment symbols available for mp-1179971 and index 12.
2026-02-19 12:11:29,944 - ERROR - No coordination environment symbols available for mp-1179971 and index 30.
2026-02-19 12:11:29,944 - ERROR - No coordination environment symbols available for mp-1179971 and index 48.
2026-02-19 12:11:30,560 - INFO - mp-1180667, 12, T:4, 1.000, 0.830
2026-02-19 12:11:31,205 - INFO - mp-1181327, 0, T:4, 1.000, 4.304
2026-02-19 12:11:31,229 - INFO - mp-1181327, 8, T:4, 1.000, 3.009
2026-02-19 12:11:31,253 - INFO - mp-1181327, 16, T:4, 1.000, 0.751
2026-02-19 12:11:31,879 - INFO - mp-1181316, 0, O:6, 1.000, 0.931
2026-02-19 12:11:31,899 - INFO - mp-1181316, 4, O:6, 1.000, 0.931
2026-02-19 12:11:31,993 - ERROR - No coordination environment symbols available for mp-1178773 and index 20.
2026-02-19 12:11:31,993 - ERROR - No coordination environment symbols available for mp-1178773 and index 28.
2026-02-19 12:11:31,993 - ERROR - No coordination environment symbols available for mp-1178773 and index 36.
2026-02-19 12:11:31,993 - ERROR - No coordination environment symbols available for mp-1178773 and index 44.
2026-02-19 12:11:31,993 - ERROR - No coordination environment symbols available for mp-1178773 and index 52.
2026-02-19 12:11:31,997 - INFO - mp-1180571, 8, O:6, 1.000, 2.178
2026-02-19 12:11:32,016 - INFO - mp-1180571, 10, O:6, 1.000, 2.753
2026-02-19 12:11:32,731 - ERROR - No coordination environment symbols available for mp-1172877 and index 6.
2026-02-19 12:11:32,731 - ERROR - No coordination environment symbols available for mp-1172877 and index 22.
2026-02-19 12:11:32,731 - ERROR - No coordination environment symbols available for mp-1172877 and index 30.
2026-02-19 12:11:32,731 - ERROR - No coordination environment symbols available for mp-1172877 and index 38.
2026-02-19 12:11:33,153 - INFO - mp-1181398, 0, O:6, 1.000, 0.165
2026-02-19 12:11:33,169 - INFO - mp-1181398, 2, T:6, 0.709, 3.991
2026-02-19 12:11:33,887 - INFO - mp-1181336, 0, O:6, 1.000, 0.127
2026-02-19 12:11:34,420 - INFO - mp-1181394, 0, O:6, 1.000, 0.757
2026-02-19 12:11:34,625 - INFO - mp-1181366, 0, O:6, 1.000, 1.374
2026-02-19 12:11:34,651 - INFO - mp-1181366, 4, O:6, 1.000, 0.720
2026-02-19 12:11:35,279 - INFO - mp-1181338, 0, O:6, 1.000, 0.863
2026-02-19 12:11:35,444 - INFO - mp-1181396, 0, O:6, 1.000, 0.065
2026-02-19 12:11:35,685 - INFO - mp-1181411, 0, O:6, 1.000, 0.151
2026-02-19 12:11:35,800 - INFO - mp-1181400, 0, O:6, 1.000, 2.163
2026-02-19 12:11:35,819 - INFO - mp-1181400, 4, O:6, 1.000, 2.163
2026-02-19 12:11:36,369 - INFO - mp-1181682, 2, O:6, 1.000, 0.369
2026-02-19 12:11:37,392 - ERROR - No coordination environment symbols available for mp-1182265 and index 12.
2026-02-19 12:11:37,392 - ERROR - No coordination environment symbols available for mp-1182265 and index 30.
2026-02-19 12:11:37,408 - INFO - mp-1182265, 48, T:6, 1.000, 6.559
2026-02-19 12:11:37,431 - WARNING - /home/esrf/retegan/.conda/envs/xasml/lib/python3.12/site-packages/pymatgen/io/cif.py:1304: UserWarning: Issues encountered while parsing CIF: 1 fractional coordinates rounded to ideal values to avoid issues with finite precision.
  warnings.warn("Issues encountered while parsing CIF: " + "\n".join(self.warnings))

2026-02-19 12:11:38,395 - INFO - mp-1181479, 0, S:4, 0.612, 0.057
2026-02-19 12:11:38,909 - INFO - mp-1182187, 4, S:5, 0.829, 0.882
2026-02-19 12:11:38,928 - INFO - mp-1182187, 6, S:5, 0.824, 0.864
2026-02-19 12:11:39,044 - INFO - mp-1181787, 0, O:6, 1.000, 0.624
2026-02-19 12:11:40,046 - INFO - mp-1181488, 0, O:6, 1.000, 0.124
2026-02-19 12:11:41,404 - INFO - mp-1181596, 0, O:6, 1.000, 0.673
2026-02-19 12:11:41,426 - INFO - mp-1181596, 1, O:6, 1.000, 1.023
2026-02-19 12:11:41,449 - INFO - mp-1181596, 2, O:6, 1.000, 0.535
2026-02-19 12:11:42,271 - INFO - mp-1182448, 8, T:4, 1.000, 0.102
2026-02-19 12:11:42,294 - INFO - mp-1182448, 12, O:6, 1.000, 0.262
2026-02-19 12:11:42,317 - INFO - mp-1182448, 16, O:6, 1.000, 0.007
2026-02-19 12:11:42,340 - INFO - mp-1182448, 20, O:6, 1.000, 0.231
2026-02-19 12:11:42,363 - INFO - mp-1182448, 22, O:6, 1.000, 0.262
2026-02-19 12:11:42,385 - INFO - mp-1182448, 24, O:6, 1.000, 0.388
2026-02-19 12:11:43,021 - INFO - mp-1182551, 0, O:6, 1.000, 1.369
2026-02-19 12:11:43,046 - INFO - mp-1182551, 8, O:6, 1.000, 1.638
2026-02-19 12:11:44,135 - INFO - mp-1184343, 0, T:4, 1.000, 4.280
2026-02-19 12:11:44,155 - INFO - mp-1184343, 8, T:4, 1.000, 4.280
2026-02-19 12:11:45,367 - INFO - mp-1188097, 2, O:6, 1.000, 0.019
2026-02-19 12:11:45,367 - INFO - mp-1186277, 12, T:4, 1.000, 0.966
2026-02-19 12:11:45,722 - INFO - mp-1182655, 12, O:6, 1.000, 0.358
2026-02-19 12:11:45,746 - INFO - mp-1182655, 16, T:5, 1.000, 0.911
2026-02-19 12:11:46,996 - INFO - mp-1188182, 0, O:6, 1.000, 0.000
2026-02-19 12:11:47,022 - ERROR - No coordination environment symbols available for mp-1188192 and index 12.
2026-02-19 12:11:47,023 - ERROR - No coordination environment symbols available for mp-1188192 and index 30.
2026-02-19 12:11:47,023 - ERROR - No coordination environment symbols available for mp-1188192 and index 48.
2026-02-19 12:11:47,420 - INFO - mp-1188169, 4, O:6, 1.000, 1.637
2026-02-19 12:11:48,025 - INFO - mp-1182519, 8, O:6, 1.000, 0.221
2026-02-19 12:11:48,053 - INFO - mp-1182519, 12, O:6, 1.000, 0.184
2026-02-19 12:11:48,197 - ERROR - No coordination environment symbols available for mp-1188210 and index 6.
2026-02-19 12:11:48,197 - ERROR - No coordination environment symbols available for mp-1188210 and index 24.
2026-02-19 12:11:48,455 - INFO - mp-1188353, 0, T:5, 1.000, 7.949
2026-02-19 12:11:48,457 - ERROR - No coordination environment symbols available for mp-1188353 and index 8.
2026-02-19 12:11:49,032 - INFO - mp-1188282, 0, T:4, 1.000, 6.103
2026-02-19 12:11:49,446 - ERROR - No coordination environment symbols available for mp-1188243 and index 4.
2026-02-19 12:11:50,502 - INFO - mp-1188385, 0, O:6, 1.000, 0.051
2026-02-19 12:11:50,522 - INFO - mp-1188385, 4, O:6, 1.000, 0.051
2026-02-19 12:11:50,718 - ERROR - No coordination environment symbols available for mp-1188423 and index 12.
2026-02-19 12:11:50,718 - ERROR - No coordination environment symbols available for mp-1188423 and index 30.
2026-02-19 12:11:50,718 - ERROR - No coordination environment symbols available for mp-1188423 and index 48.
2026-02-19 12:11:51,516 - INFO - mp-1188376, 2, O:6, 1.000, 0.438
2026-02-19 12:11:51,615 - INFO - mp-1188386, 0, O:6, 1.000, 0.008
2026-02-19 12:11:51,901 - INFO - mp-1188463, 8, O:6, 1.000, 0.257
2026-02-19 12:11:52,290 - INFO - mp-1188475, 8, O:6, 1.000, 0.930
2026-02-19 12:11:52,637 - INFO - mp-1188542, 2, O:6, 1.000, 0.449
2026-02-19 12:11:52,715 - INFO - mp-1188509, 2, O:6, 1.000, 0.409
2026-02-19 12:11:53,208 - INFO - mp-1188583, 10, O:6, 1.000, 0.383
2026-02-19 12:11:53,442 - INFO - mp-1182833, 0, O:6, 1.000, 2.519
2026-02-19 12:11:53,496 - INFO - mp-1182833, 8, O:6, 1.000, 1.910
2026-02-19 12:11:53,550 - INFO - mp-1182833, 16, O:6, 1.000, 2.519
2026-02-19 12:11:53,603 - INFO - mp-1182833, 24, O:6, 1.000, 1.910
2026-02-19 12:11:53,659 - INFO - mp-1182833, 28, O:6, 1.000, 2.145
2026-02-19 12:11:54,115 - INFO - mp-1188625, 2, O:6, 1.000, 0.063
2026-02-19 12:11:54,512 - INFO - mp-1188610, 0, O:6, 1.000, 6.068
2026-02-19 12:11:54,532 - INFO - mp-1188610, 16, O:6, 1.000, 6.068
2026-02-19 12:11:54,626 - INFO - mp-1188558, 0, T:4, 1.000, 0.019
2026-02-19 12:11:54,966 - INFO - mp-1188611, 2, O:6, 1.000, 0.054
2026-02-19 12:11:55,907 - INFO - mp-1188724, 0, O:6, 0.864, 6.979
2026-02-19 12:11:55,909 - ERROR - No coordination environment symbols available for mp-1188724 and index 8.
2026-02-19 12:11:55,915 - INFO - mp-1188668, 0, O:6, 1.000, 0.436
2026-02-19 12:11:56,144 - INFO - mp-1188676, 8, O:6, 1.000, 0.265
2026-02-19 12:11:56,811 - INFO - mp-1188678, 0, O:6, 1.000, 0.832
2026-02-19 12:11:56,831 - INFO - mp-1188678, 8, O:6, 1.000, 0.832
2026-02-19 12:11:56,851 - INFO - mp-1188678, 12, O:6, 1.000, 0.109
2026-02-19 12:11:57,037 - INFO - mp-1188709, 0, O:6, 1.000, 0.924
2026-02-19 12:11:57,566 - INFO - mp-1188789, 32, O:6, 1.000, 0.000
2026-02-19 12:11:57,969 - ERROR - No coordination environment symbols available for mp-1188734 and index 2.
2026-02-19 12:11:58,267 - INFO - mp-1188722, 0, O:6, 1.000, 0.499
2026-02-19 12:11:58,423 - ERROR - No coordination environment symbols available for mp-1188725 and index 12.
2026-02-19 12:11:58,423 - ERROR - No coordination environment symbols available for mp-1188725 and index 30.
2026-02-19 12:11:58,423 - ERROR - No coordination environment symbols available for mp-1188725 and index 48.
2026-02-19 12:11:58,730 - ERROR - No coordination environment symbols available for mp-1188924 and index 6.
2026-02-19 12:11:58,730 - ERROR - No coordination environment symbols available for mp-1188924 and index 24.
2026-02-19 12:11:58,730 - ERROR - No coordination environment symbols available for mp-1188924 and index 42.
2026-02-19 12:11:58,843 - INFO - mp-1182503, 0, O:6, 1.000, 0.838
2026-02-19 12:11:58,865 - INFO - mp-1182503, 1, O:6, 1.000, 1.631
2026-02-19 12:11:58,886 - INFO - mp-1182503, 2, O:6, 1.000, 0.657
2026-02-19 12:11:58,908 - INFO - mp-1182503, 3, O:6, 1.000, 0.944
2026-02-19 12:11:58,928 - INFO - mp-1182503, 4, O:6, 1.000, 1.404
2026-02-19 12:11:58,949 - INFO - mp-1182503, 5, O:6, 1.000, 0.949
2026-02-19 12:11:58,970 - INFO - mp-1182503, 6, O:6, 1.000, 1.345
2026-02-19 12:11:58,991 - INFO - mp-1182503, 7, O:6, 1.000, 0.641
2026-02-19 12:11:59,012 - INFO - mp-1182503, 8, O:6, 1.000, 1.675
2026-02-19 12:11:59,033 - INFO - mp-1182503, 9, O:6, 1.000, 0.816
2026-02-19 12:11:59,054 - INFO - mp-1182503, 10, O:6, 1.000, 1.315
2026-02-19 12:11:59,075 - INFO - mp-1182503, 11, O:6, 1.000, 1.524
2026-02-19 12:11:59,096 - INFO - mp-1182503, 12, O:6, 1.000, 1.037
2026-02-19 12:11:59,117 - INFO - mp-1182503, 13, O:6, 1.000, 0.779
2026-02-19 12:11:59,138 - INFO - mp-1182503, 14, O:6, 1.000, 1.983
2026-02-19 12:11:59,159 - INFO - mp-1182503, 15, O:6, 1.000, 1.320
2026-02-19 12:11:59,224 - INFO - mp-1189032, 0, S:5, 1.000, 5.696
2026-02-19 12:11:59,227 - ERROR - No coordination environment symbols available for mp-1189032 and index 8.
2026-02-19 12:11:59,280 - INFO - mp-1188975, 3, T:4, 1.000, 3.938
2026-02-19 12:11:59,286 - ERROR - No coordination environment symbols available for mp-1188975 and index 21.
2026-02-19 12:11:59,348 - ERROR - No coordination environment symbols available for mp-1188910 and index 12.
2026-02-19 12:11:59,348 - ERROR - No coordination environment symbols available for mp-1188910 and index 30.
2026-02-19 12:11:59,348 - ERROR - No coordination environment symbols available for mp-1188910 and index 48.
2026-02-19 12:11:59,531 - ERROR - No coordination environment symbols available for mp-1189053 and index 0.
2026-02-19 12:12:00,321 - INFO - mp-1181219, 12, O:6, 1.000, 0.033
2026-02-19 12:12:00,346 - INFO - mp-1181219, 13, O:6, 1.000, 0.024
2026-02-19 12:12:00,372 - INFO - mp-1181219, 14, O:6, 1.000, 0.026
2026-02-19 12:12:00,397 - INFO - mp-1181219, 15, O:6, 1.000, 0.030
2026-02-19 12:12:00,443 - INFO - mp-1188970, 12, O:6, 1.000, 0.000
2026-02-19 12:12:01,447 - INFO - mp-1189105, 4, O:6, 1.000, 0.161
2026-02-19 12:12:01,861 - INFO - mp-1189224, 2, O:6, 1.000, 0.041
2026-02-19 12:12:02,254 - INFO - mp-1189159, 12, T:4, 1.000, 0.996
2026-02-19 12:12:02,409 - ERROR - No coordination environment symbols available for mp-1189139 and index 12.
2026-02-19 12:12:02,409 - ERROR - No coordination environment symbols available for mp-1189139 and index 30.
2026-02-19 12:12:02,409 - ERROR - No coordination environment symbols available for mp-1189139 and index 39.
2026-02-19 12:12:02,409 - ERROR - No coordination environment symbols available for mp-1189139 and index 45.
2026-02-19 12:12:02,426 - INFO - mp-1189139, 51, T:6, 1.000, 5.048
2026-02-19 12:12:02,679 - INFO - mp-1189114, 6, T:4, 1.000, 0.018
2026-02-19 12:12:02,840 - INFO - mp-1189143, 4, O:6, 1.000, 0.284
2026-02-19 12:12:02,977 - INFO - mp-1189397, 2, O:6, 1.000, 0.625
2026-02-19 12:12:03,251 - INFO - mp-1189324, 0, O:6, 1.000, 0.718
2026-02-19 12:12:03,383 - INFO - mp-1189319, 6, T:4, 1.000, 0.115
2026-02-19 12:12:03,829 - ERROR - No coordination environment symbols available for mp-1189517 and index 0.
2026-02-19 12:12:04,251 - INFO - mp-1189338, 12, O:6, 1.000, 0.000
2026-02-19 12:12:04,377 - INFO - mp-1189647, 2, O:6, 1.000, 0.556
2026-02-19 12:12:05,127 - INFO - mp-1189473, 0, O:6, 1.000, 0.858
2026-02-19 12:12:05,150 - INFO - mp-1189616, 6, O:6, 1.000, 0.044
2026-02-19 12:12:05,165 - INFO - mp-1189477, 8, O:6, 1.000, 0.297
2026-02-19 12:12:05,478 - INFO - mp-1189627, 8, O:6, 1.000, 0.252
2026-02-19 12:12:05,520 - INFO - mp-1189650, 3, O:6, 1.000, 1.080
2026-02-19 12:12:05,763 - ERROR - No coordination environment symbols available for mp-1189775 and index 4.
2026-02-19 12:12:06,032 - INFO - mp-1189845, 0, T:5, 1.000, 4.851
2026-02-19 12:12:06,373 - INFO - mp-1189764, 10, O:6, 1.000, 0.133
2026-02-19 12:12:06,703 - INFO - mp-1189790, 2, O:6, 1.000, 0.007
2026-02-19 12:12:07,821 - INFO - mp-1189973, 2, O:6, 1.000, 0.062
2026-02-19 12:12:07,859 - INFO - mp-1189987, 32, O:6, 1.000, 0.000
2026-02-19 12:12:08,116 - INFO - mp-1189831, 12, T:4, 1.000, 1.110
2026-02-19 12:12:08,206 - INFO - mp-1189794, 0, T:4, 1.000, 0.187
2026-02-19 12:12:08,307 - ERROR - No coordination environment symbols available for mp-1190182 and index 6.
2026-02-19 12:12:08,307 - ERROR - No coordination environment symbols available for mp-1190182 and index 24.
2026-02-19 12:12:08,307 - ERROR - No coordination environment symbols available for mp-1190182 and index 42.
2026-02-19 12:12:08,352 - ERROR - No coordination environment symbols available for mp-1190010 and index 12.
2026-02-19 12:12:08,352 - ERROR - No coordination environment symbols available for mp-1190010 and index 30.
2026-02-19 12:12:08,352 - ERROR - No coordination environment symbols available for mp-1190010 and index 48.
2026-02-19 12:12:08,715 - INFO - mp-1190091, 2, O:6, 1.000, 0.001
2026-02-19 12:12:09,788 - INFO - mp-1190200, 6, T:5, 1.000, 5.805
2026-02-19 12:12:09,811 - INFO - mp-1190200, 24, T:5, 1.000, 5.805
2026-02-19 12:12:09,834 - INFO - mp-1190200, 42, T:5, 1.000, 5.805
2026-02-19 12:12:09,842 - ERROR - No coordination environment symbols available for mp-1190200 and index 51.
2026-02-19 12:12:10,418 - INFO - mp-1190259, 24, O:6, 1.000, 0.108
2026-02-19 12:12:10,513 - INFO - mp-1190395, 0, T:4, 1.000, 0.000
2026-02-19 12:12:10,661 - INFO - mp-1190207, 12, T:4, 0.991, 1.752
2026-02-19 12:12:10,679 - INFO - mp-1190371, 0, O:6, 1.000, 0.737
2026-02-19 12:12:10,681 - INFO - mp-1190207, 20, T:4, 0.991, 1.752
2026-02-19 12:12:10,699 - INFO - mp-1190371, 4, O:6, 1.000, 0.737
2026-02-19 12:12:10,837 - INFO - mp-1190037, 12, O:6, 1.000, 0.116
2026-02-19 12:12:11,038 - INFO - mp-1190394, 8, O:6, 1.000, 0.765
2026-02-19 12:12:11,112 - INFO - mp-1190340, 4, T:4, 0.969, 0.827
2026-02-19 12:12:12,586 - INFO - mp-1190442, 0, O:6, 1.000, 1.163
2026-02-19 12:12:12,953 - INFO - mp-1190611, 6, T:5, 1.000, 5.990
2026-02-19 12:12:12,976 - INFO - mp-1190611, 24, T:5, 1.000, 5.990
2026-02-19 12:12:13,000 - INFO - mp-1190611, 42, T:5, 1.000, 5.990
2026-02-19 12:12:13,008 - ERROR - No coordination environment symbols available for mp-1190611 and index 51.
2026-02-19 12:12:13,076 - INFO - mp-1190569, 24, O:6, 1.000, 0.164
2026-02-19 12:12:13,492 - INFO - mp-1190514, 6, T:5, 1.000, 6.043
2026-02-19 12:12:13,523 - INFO - mp-1190514, 24, T:5, 1.000, 6.043
2026-02-19 12:12:13,553 - INFO - mp-1190514, 42, T:5, 1.000, 6.043
2026-02-19 12:12:13,562 - ERROR - No coordination environment symbols available for mp-1190514 and index 51.
2026-02-19 12:12:13,589 - INFO - mp-1190513, 0, O:6, 1.000, 0.667
2026-02-19 12:12:13,712 - INFO - mp-1190608, 6, T:5, 1.000, 5.865
2026-02-19 12:12:13,737 - INFO - mp-1190608, 24, T:5, 1.000, 5.865
2026-02-19 12:12:13,760 - INFO - mp-1190608, 42, T:5, 1.000, 5.865
2026-02-19 12:12:13,784 - INFO - mp-1190608, 51, S:5, 1.000, 6.633
2026-02-19 12:12:14,072 - INFO - mp-1190551, 4, O:6, 1.000, 0.104
2026-02-19 12:12:15,054 - INFO - mp-1190690, 6, T:5, 1.000, 5.742
2026-02-19 12:12:15,079 - INFO - mp-1190690, 24, T:5, 1.000, 5.742
2026-02-19 12:12:15,103 - INFO - mp-1190690, 42, T:5, 1.000, 5.742
2026-02-19 12:12:15,128 - INFO - mp-1190690, 51, S:5, 1.000, 6.656
2026-02-19 12:12:15,403 - INFO - mp-1190639, 3, S:5, 0.568, 3.026
2026-02-19 12:12:15,421 - INFO - mp-1190639, 5, O:6, 0.977, 1.507
2026-02-19 12:12:15,445 - ERROR - No coordination environment symbols available for mp-1190681 and index 8.
2026-02-19 12:12:15,445 - ERROR - No coordination environment symbols available for mp-1190681 and index 14.
2026-02-19 12:12:15,445 - ERROR - No coordination environment symbols available for mp-1190681 and index 20.
2026-02-19 12:12:15,515 - INFO - mp-1190701, 6, T:5, 1.000, 5.921
2026-02-19 12:12:15,539 - INFO - mp-1190701, 24, T:5, 1.000, 5.921
2026-02-19 12:12:15,563 - INFO - mp-1190701, 42, T:5, 1.000, 5.921
2026-02-19 12:12:15,586 - INFO - mp-1190701, 51, S:5, 1.000, 6.360
2026-02-19 12:12:16,097 - ERROR - No coordination environment symbols available for mp-1190697 and index 8.
2026-02-19 12:12:16,097 - ERROR - No coordination environment symbols available for mp-1190697 and index 14.
2026-02-19 12:12:16,097 - ERROR - No coordination environment symbols available for mp-1190697 and index 20.
2026-02-19 12:12:16,376 - INFO - mp-1190708, 48, T:6, 1.000, 2.814
2026-02-19 12:12:17,252 - INFO - mp-1190707, 2, T:4, 1.000, 0.360
2026-02-19 12:12:17,270 - INFO - mp-1190707, 5, T:4, 0.995, 0.366
2026-02-19 12:12:17,273 - ERROR - No coordination environment symbols available for mp-1190707 and index 8.
2026-02-19 12:12:17,288 - INFO - mp-1190707, 11, T:4, 0.944, 0.473
2026-02-19 12:12:17,861 - INFO - mp-1190713, 6, T:4, 0.879, 0.008
2026-02-19 12:12:18,022 - INFO - mp-1190747, 8, O:6, 1.000, 0.000
2026-02-19 12:12:18,082 - INFO - mp-1190738, 6, T:5, 1.000, 5.790
2026-02-19 12:12:18,106 - INFO - mp-1190738, 24, T:5, 1.000, 5.790
2026-02-19 12:12:18,130 - INFO - mp-1190738, 42, T:5, 1.000, 5.790
2026-02-19 12:12:18,154 - INFO - mp-1190738, 51, S:5, 1.000, 6.657
2026-02-19 12:12:18,275 - INFO - mp-1190721, 8, O:6, 1.000, 0.997
2026-02-19 12:12:18,357 - ERROR - No coordination environment symbols available for mp-1190715 and index 12.
2026-02-19 12:12:19,017 - INFO - mp-1190757, 8, O:6, 1.000, 0.173
2026-02-19 12:12:19,104 - INFO - mp-1190714, 0, O:6, 1.000, 6.731
2026-02-19 12:12:19,122 - INFO - mp-1190714, 2, S:4, 1.000, 0.366
2026-02-19 12:12:20,750 - INFO - mp-1190790, 6, T:5, 1.000, 5.791
2026-02-19 12:12:20,775 - INFO - mp-1190790, 24, T:5, 1.000, 5.791
2026-02-19 12:12:20,799 - INFO - mp-1190790, 42, T:5, 1.000, 5.791
2026-02-19 12:12:20,823 - INFO - mp-1190790, 51, S:5, 1.000, 6.792
2026-02-19 12:12:20,876 - INFO - mp-1190820, 4, T:4, 1.000, 1.137
2026-02-19 12:12:21,130 - INFO - mp-1190821, 6, T:5, 1.000, 5.879
2026-02-19 12:12:21,155 - INFO - mp-1190821, 24, T:5, 1.000, 5.879
2026-02-19 12:12:21,179 - INFO - mp-1190821, 42, T:5, 1.000, 5.879
2026-02-19 12:12:21,204 - INFO - mp-1190821, 51, S:5, 1.000, 6.640
2026-02-19 12:12:21,390 - INFO - mp-1190829, 3, O:6, 1.000, 0.645
2026-02-19 12:12:21,394 - INFO - mp-1190642, 2, T:4, 1.000, 0.051
2026-02-19 12:12:21,413 - INFO - mp-1190642, 3, T:4, 0.962, 0.523
2026-02-19 12:12:21,431 - INFO - mp-1190642, 4, T:4, 0.963, 0.541
2026-02-19 12:12:21,449 - INFO - mp-1190642, 5, S:5, 0.998, 1.031
2026-02-19 12:12:21,467 - INFO - mp-1190642, 6, T:4, 1.000, 0.051
2026-02-19 12:12:21,485 - INFO - mp-1190642, 7, T:4, 1.000, 0.041
2026-02-19 12:12:21,504 - INFO - mp-1190642, 8, T:4, 1.000, 0.048
2026-02-19 12:12:21,522 - INFO - mp-1190791, 2, S:5, 0.998, 1.044
2026-02-19 12:12:21,522 - INFO - mp-1190642, 9, T:4, 1.000, 0.039
2026-02-19 12:12:21,540 - INFO - mp-1190791, 5, T:4, 0.965, 0.536
2026-02-19 12:12:21,540 - INFO - mp-1190642, 10, T:4, 0.963, 0.563
2026-02-19 12:12:21,557 - INFO - mp-1190642, 11, S:5, 0.998, 1.031
2026-02-19 12:12:21,559 - INFO - mp-1190791, 8, T:4, 1.000, 0.059
2026-02-19 12:12:21,575 - INFO - mp-1190642, 12, S:5, 0.998, 1.043
2026-02-19 12:12:21,576 - INFO - mp-1190791, 11, T:4, 1.000, 0.037
2026-02-19 12:12:21,593 - INFO - mp-1190642, 13, T:4, 1.000, 0.036
2026-02-19 12:12:21,909 - INFO - mp-1190844, 6, T:5, 1.000, 5.920
2026-02-19 12:12:21,933 - INFO - mp-1190844, 24, T:5, 1.000, 5.920
2026-02-19 12:12:21,957 - INFO - mp-1190844, 42, T:5, 1.000, 5.920
2026-02-19 12:12:21,980 - INFO - mp-1190844, 51, S:5, 1.000, 6.960
2026-02-19 12:12:23,626 - INFO - mp-1190927, 8, O:6, 1.000, 0.504
2026-02-19 12:12:23,837 - INFO - mp-1190874, 0, O:6, 1.000, 0.507
2026-02-19 12:12:23,933 - INFO - mp-1190858, 1, O:6, 1.000, 0.245
2026-02-19 12:12:24,160 - INFO - mp-1190931, 4, O:6, 1.000, 0.067
2026-02-19 12:12:24,270 - INFO - mp-1190963, 6, T:5, 1.000, 5.839
2026-02-19 12:12:24,293 - INFO - mp-1190963, 24, T:5, 1.000, 5.839
2026-02-19 12:12:24,312 - ERROR - No coordination environment symbols available for mp-1191051 and index 4.
2026-02-19 12:12:24,318 - INFO - mp-1190963, 42, T:5, 1.000, 5.839
2026-02-19 12:12:24,325 - INFO - mp-1191008, 8, O:6, 1.000, 1.013
2026-02-19 12:12:24,341 - INFO - mp-1190963, 51, S:5, 1.000, 6.970
2026-02-19 12:12:25,635 - INFO - mp-1191064, 0, O:6, 1.000, 1.007
2026-02-19 12:12:25,653 - INFO - mp-1191064, 2, O:6, 1.000, 0.949
2026-02-19 12:12:25,933 - INFO - mp-1191191, 6, T:5, 1.000, 1.976
2026-02-19 12:12:25,951 - INFO - mp-1191191, 8, T:4, 0.909, 0.063
2026-02-19 12:12:26,105 - INFO - mp-1191175, 4, O:6, 1.000, 0.491
2026-02-19 12:12:26,116 - WARNING - /home/esrf/retegan/.conda/envs/xasml/lib/python3.12/site-packages/pymatgen/io/cif.py:1304: UserWarning: Issues encountered while parsing CIF: 3 fractional coordinates rounded to ideal values to avoid issues with finite precision.
  warnings.warn("Issues encountered while parsing CIF: " + "\n".join(self.warnings))

2026-02-19 12:12:26,539 - INFO - mp-1191073, 6, T:5, 1.000, 5.993
2026-02-19 12:12:26,569 - INFO - mp-1191073, 24, T:5, 1.000, 5.993
2026-02-19 12:12:26,598 - INFO - mp-1191073, 42, T:5, 1.000, 5.993
2026-02-19 12:12:26,607 - ERROR - No coordination environment symbols available for mp-1191073 and index 51.
2026-02-19 12:12:26,645 - ERROR - No coordination environment symbols available for mp-1191106 and index 4.
2026-02-19 12:12:26,793 - INFO - mp-1191093, 6, T:5, 1.000, 6.033
2026-02-19 12:12:26,818 - INFO - mp-1191093, 24, T:5, 1.000, 6.033
2026-02-19 12:12:26,843 - INFO - mp-1191093, 42, T:5, 1.000, 6.033
2026-02-19 12:12:26,851 - ERROR - No coordination environment symbols available for mp-1191093 and index 51.
2026-02-19 12:12:27,790 - INFO - mp-1191181, 2, T:4, 1.000, 0.052
2026-02-19 12:12:27,808 - INFO - mp-1191181, 5, T:4, 1.000, 0.041
2026-02-19 12:12:27,825 - INFO - mp-1191181, 8, T:4, 0.963, 0.545
2026-02-19 12:12:27,843 - INFO - mp-1191181, 11, S:5, 0.997, 1.057
2026-02-19 12:12:28,338 - INFO - mp-1191215, 8, O:6, 1.000, 0.484
2026-02-19 12:12:28,800 - INFO - mp-1191346, 6, T:5, 1.000, 5.912
2026-02-19 12:12:28,825 - INFO - mp-1191346, 24, T:5, 1.000, 5.912
2026-02-19 12:12:28,849 - INFO - mp-1191346, 42, T:5, 1.000, 5.912
2026-02-19 12:12:28,871 - INFO - mp-1191216, 16, T:4, 0.995, 0.943
2026-02-19 12:12:28,873 - INFO - mp-1191346, 51, S:5, 1.000, 6.634
2026-02-19 12:12:29,288 - INFO - mp-1191233, 8, O:6, 1.000, 0.320
2026-02-19 12:12:29,568 - INFO - mp-1191264, 4, O:6, 1.000, 0.202
2026-02-19 12:12:30,865 - ERROR - No coordination environment symbols available for mp-1191401 and index 8.
2026-02-19 12:12:30,865 - ERROR - No coordination environment symbols available for mp-1191401 and index 14.
2026-02-19 12:12:30,865 - ERROR - No coordination environment symbols available for mp-1191401 and index 20.
2026-02-19 12:12:31,113 - INFO - mp-1191229, 8, O:6, 1.000, 0.392
2026-02-19 12:12:31,236 - INFO - mp-1191470, 6, T:5, 1.000, 5.895
2026-02-19 12:12:31,265 - INFO - mp-1191470, 24, T:5, 1.000, 5.895
2026-02-19 12:12:31,294 - INFO - mp-1191470, 42, T:5, 1.000, 5.895
2026-02-19 12:12:31,303 - ERROR - No coordination environment symbols available for mp-1191470 and index 51.
2026-02-19 12:12:31,520 - INFO - mp-1191478, 6, T:5, 1.000, 5.820
2026-02-19 12:12:31,544 - INFO - mp-1191478, 24, T:5, 1.000, 5.820
2026-02-19 12:12:31,569 - INFO - mp-1191478, 42, T:5, 1.000, 5.820
2026-02-19 12:12:31,576 - ERROR - No coordination environment symbols available for mp-1191434 and index 4.
2026-02-19 12:12:31,592 - INFO - mp-1191478, 51, S:5, 1.000, 6.570
2026-02-19 12:12:31,734 - INFO - mp-1191404, 6, T:5, 1.000, 5.913
2026-02-19 12:12:31,758 - INFO - mp-1191404, 24, T:5, 1.000, 5.913
2026-02-19 12:12:31,782 - INFO - mp-1191404, 42, T:5, 1.000, 5.913
2026-02-19 12:12:31,807 - INFO - mp-1191404, 51, S:5, 1.000, 6.631
2026-02-19 12:12:31,989 - INFO - mp-1191147, 2, T:4, 1.000, 0.106
2026-02-19 12:12:32,006 - INFO - mp-1191147, 3, T:4, 0.971, 0.515
2026-02-19 12:12:32,024 - INFO - mp-1191147, 4, T:4, 0.973, 0.548
2026-02-19 12:12:32,042 - INFO - mp-1191147, 5, S:5, 0.998, 1.070
2026-02-19 12:12:32,060 - INFO - mp-1191147, 6, T:4, 1.000, 0.099
2026-02-19 12:12:32,078 - INFO - mp-1191147, 7, T:4, 1.000, 0.036
2026-02-19 12:12:32,096 - INFO - mp-1191147, 8, T:4, 1.000, 0.097
2026-02-19 12:12:32,114 - INFO - mp-1191147, 9, T:4, 1.000, 0.036
2026-02-19 12:12:32,131 - INFO - mp-1191147, 10, T:4, 0.972, 0.572
2026-02-19 12:12:32,149 - INFO - mp-1191147, 11, S:5, 0.997, 1.078
2026-02-19 12:12:32,168 - INFO - mp-1191147, 12, S:5, 0.997, 1.083
2026-02-19 12:12:32,185 - INFO - mp-1191147, 13, T:4, 1.000, 0.038
2026-02-19 12:12:33,546 - INFO - mp-1191482, 6, T:5, 1.000, 5.688
2026-02-19 12:12:33,570 - INFO - mp-1191482, 24, S:5, 1.000, 7.036
2026-02-19 12:12:33,843 - INFO - mp-1191486, 8, O:6, 1.000, 0.039
2026-02-19 12:12:34,429 - INFO - mp-1191552, 0, T:4, 1.000, 0.066
2026-02-19 12:12:34,447 - INFO - mp-1191552, 4, T:4, 1.000, 0.332
2026-02-19 12:12:34,476 - INFO - mp-1191539, 6, T:5, 1.000, 5.840
2026-02-19 12:12:34,501 - INFO - mp-1191539, 24, T:5, 1.000, 5.840
2026-02-19 12:12:34,526 - INFO - mp-1191539, 42, T:5, 1.000, 5.840
2026-02-19 12:12:34,550 - INFO - mp-1191539, 51, S:5, 1.000, 6.714
2026-02-19 12:12:34,719 - INFO - mp-1191504, 0, O:6, 1.000, 0.045
2026-02-19 12:12:35,358 - INFO - mp-1191574, 8, O:6, 1.000, 0.119
2026-02-19 12:12:36,455 - INFO - mp-1191380, 0, S:5, 0.947, 2.646
2026-02-19 12:12:36,477 - INFO - mp-1191380, 2, S:5, 0.949, 2.599
2026-02-19 12:12:36,557 - INFO - mp-1191594, 6, T:4, 0.889, 0.015
2026-02-19 12:12:36,601 - INFO - mp-1191501, 0, O:6, 1.000, 0.160
2026-02-19 12:12:37,402 - INFO - mp-1191671, 6, T:5, 1.000, 5.792
2026-02-19 12:12:37,425 - ERROR - No coordination environment symbols available for mp-1191710 and index 4.
2026-02-19 12:12:37,426 - INFO - mp-1191671, 24, T:5, 1.000, 5.792
2026-02-19 12:12:37,450 - INFO - mp-1191671, 42, T:5, 1.000, 5.792
2026-02-19 12:12:37,473 - INFO - mp-1191671, 51, S:5, 1.000, 6.585
2026-02-19 12:12:38,079 - INFO - mp-1191756, 0, T:4, 1.000, 1.914
2026-02-19 12:12:38,251 - INFO - mp-1191609, 4, O:6, 1.000, 0.213
2026-02-19 12:12:39,180 - INFO - mp-1191750, 8, O:6, 1.000, 0.180
2026-02-19 12:12:39,326 - INFO - mp-1191762, 8, O:6, 1.000, 0.036
2026-02-19 12:12:39,962 - ERROR - No coordination environment symbols available for mp-1191712 and index 4.
2026-02-19 12:12:39,962 - ERROR - No coordination environment symbols available for mp-1191712 and index 12.
2026-02-19 12:12:39,962 - ERROR - No coordination environment symbols available for mp-1191712 and index 20.
2026-02-19 12:12:39,962 - ERROR - No coordination environment symbols available for mp-1191712 and index 24.
2026-02-19 12:12:40,157 - ERROR - No coordination environment symbols available for mp-1191778 and index 18.
2026-02-19 12:12:40,247 - INFO - mp-1191783, 12, T:5, 1.000, 5.917
2026-02-19 12:12:40,272 - INFO - mp-1191783, 30, T:5, 1.000, 5.917
2026-02-19 12:12:40,296 - INFO - mp-1191783, 48, S:5, 1.000, 6.604
2026-02-19 12:12:40,897 - INFO - mp-1191561, 2, T:4, 1.000, 0.035
2026-02-19 12:12:40,915 - INFO - mp-1191561, 3, S:5, 0.997, 1.063
2026-02-19 12:12:40,932 - INFO - mp-1191561, 4, S:5, 0.997, 1.065
2026-02-19 12:12:40,950 - INFO - mp-1191561, 5, T:4, 0.966, 0.539
2026-02-19 12:12:40,968 - INFO - mp-1191561, 6, T:4, 1.000, 0.036
2026-02-19 12:12:40,986 - INFO - mp-1191561, 7, T:4, 1.000, 0.065
2026-02-19 12:12:41,003 - INFO - mp-1191561, 8, T:4, 1.000, 0.034
2026-02-19 12:12:41,020 - INFO - mp-1191874, 8, T:4, 0.870, 2.190
2026-02-19 12:12:41,021 - INFO - mp-1191561, 9, T:4, 1.000, 0.062
2026-02-19 12:12:41,038 - INFO - mp-1191561, 10, S:5, 0.997, 1.072
2026-02-19 12:12:41,056 - INFO - mp-1191561, 11, T:4, 0.967, 0.562
2026-02-19 12:12:41,074 - INFO - mp-1191561, 12, T:4, 0.968, 0.556
2026-02-19 12:12:41,092 - INFO - mp-1191561, 13, T:4, 1.000, 0.062
2026-02-19 12:12:41,674 - INFO - mp-1191833, 2, T:4, 1.000, 0.037
2026-02-19 12:12:41,693 - INFO - mp-1191833, 5, T:4, 1.000, 0.077
2026-02-19 12:12:41,709 - INFO - mp-1191911, 8, O:6, 1.000, 0.518
2026-02-19 12:12:41,711 - INFO - mp-1191833, 8, S:5, 0.997, 1.079
2026-02-19 12:12:41,729 - INFO - mp-1191833, 11, T:4, 0.968, 0.547
2026-02-19 12:12:42,001 - INFO - mp-1191973, 8, T:4, 0.998, 0.637
2026-02-19 12:12:42,115 - INFO - mp-1191945, 6, T:5, 1.000, 5.743
2026-02-19 12:12:42,139 - INFO - mp-1191945, 24, T:5, 1.000, 5.743
2026-02-19 12:12:42,163 - INFO - mp-1191945, 42, T:5, 1.000, 5.743
2026-02-19 12:12:42,186 - INFO - mp-1191945, 51, S:5, 1.000, 6.723
2026-02-19 12:12:42,720 - INFO - mp-1191800, 8, T:4, 1.000, 0.266
2026-02-19 12:12:42,742 - INFO - mp-1191800, 10, T:4, 1.000, 0.216
2026-02-19 12:12:43,786 - ERROR - No coordination environment symbols available for mp-1191987 and index 4.
2026-02-19 12:12:44,334 - INFO - mp-1192112, 12, O:6, 1.000, 0.000
2026-02-19 12:12:44,408 - INFO - mp-1192103, 0, T:4, 0.996, 2.052
2026-02-19 12:12:44,509 - INFO - mp-1192184, 8, O:6, 1.000, 0.869
2026-02-19 12:12:44,510 - INFO - mp-1192008, 2, S:5, 0.997, 1.023
2026-02-19 12:12:44,527 - INFO - mp-1192008, 5, T:4, 0.960, 0.543
2026-02-19 12:12:44,545 - INFO - mp-1192008, 8, T:4, 1.000, 0.046
2026-02-19 12:12:44,562 - INFO - mp-1192008, 11, T:4, 1.000, 0.051
2026-02-19 12:12:44,635 - ERROR - No coordination environment symbols available for mp-1192098 and index 12.
2026-02-19 12:12:46,202 - INFO - mp-1192216, 64, T:6, 1.000, 2.879
2026-02-19 12:12:46,359 - ERROR - No coordination environment symbols available for mp-1192321 and index 6.
2026-02-19 12:12:46,359 - ERROR - No coordination environment symbols available for mp-1192321 and index 18.
2026-02-19 12:12:46,374 - INFO - mp-1192321, 20, T:6, 1.000, 4.035
2026-02-19 12:12:46,393 - INFO - mp-1192321, 22, T:6, 1.000, 3.891
2026-02-19 12:12:46,819 - INFO - mp-1192118, 0, O:6, 1.000, 0.737
2026-02-19 12:12:46,836 - INFO - mp-1192118, 2, O:6, 0.891, 2.203
2026-02-19 12:12:47,021 - INFO - mp-1192254, 8, O:6, 1.000, 0.010
2026-02-19 12:12:47,060 - INFO - mp-1191863, 2, T:4, 1.000, 0.172
2026-02-19 12:12:47,078 - INFO - mp-1191863, 3, T:4, 0.970, 0.464
2026-02-19 12:12:47,096 - INFO - mp-1191863, 4, T:4, 0.972, 0.491
2026-02-19 12:12:47,109 - ERROR - No coordination environment symbols available for mp-1192350 and index 8.
2026-02-19 12:12:47,114 - INFO - mp-1191863, 5, S:5, 0.997, 1.101
2026-02-19 12:12:47,125 - INFO - mp-1192350, 14, T:4, 1.000, 7.688
2026-02-19 12:12:47,128 - ERROR - No coordination environment symbols available for mp-1192350 and index 20.
2026-02-19 12:12:47,132 - INFO - mp-1191863, 6, T:4, 1.000, 0.162
2026-02-19 12:12:47,149 - INFO - mp-1191863, 7, T:4, 1.000, 0.052
2026-02-19 12:12:47,167 - INFO - mp-1191863, 8, T:4, 1.000, 0.146
2026-02-19 12:12:47,184 - INFO - mp-1191863, 9, T:4, 1.000, 0.058
2026-02-19 12:12:47,202 - INFO - mp-1191863, 10, T:4, 0.971, 0.538
2026-02-19 12:12:47,205 - ERROR - No coordination environment symbols available for mp-1191863 and index 11.
2026-02-19 12:12:47,219 - INFO - mp-1191863, 12, S:5, 0.997, 1.113
2026-02-19 12:12:47,237 - INFO - mp-1191863, 13, T:4, 1.000, 0.060
2026-02-19 12:12:47,266 - INFO - mp-1192315, 8, O:6, 1.000, 0.026
2026-02-19 12:12:47,318 - ERROR - No coordination environment symbols available for mp-1192262 and index 12.
2026-02-19 12:12:49,147 - INFO - mp-1192456, 6, T:5, 1.000, 5.888
2026-02-19 12:12:49,171 - INFO - mp-1192456, 24, T:5, 1.000, 5.888
2026-02-19 12:12:49,195 - INFO - mp-1192456, 42, S:5, 1.000, 6.598
2026-02-19 12:12:49,385 - INFO - mp-1192353, 4, O:6, 1.000, 0.229
2026-02-19 12:12:50,226 - INFO - mp-1192570, 4, T:4, 1.000, 0.496
2026-02-19 12:12:50,336 - INFO - mp-1192473, 28, T:5, 1.000, 2.244
2026-02-19 12:12:50,356 - INFO - mp-1192473, 36, T:5, 1.000, 2.244
2026-02-19 12:12:50,383 - INFO - mp-1192618, 16, O:6, 1.000, 3.928
2026-02-19 12:12:51,048 - INFO - mp-1192651, 6, O:6, 1.000, 0.411
2026-02-19 12:12:51,067 - INFO - mp-1192651, 10, O:6, 1.000, 0.042
2026-02-19 12:12:51,392 - INFO - mp-1192499, 8, O:6, 1.000, 0.433
2026-02-19 12:12:52,224 - INFO - mp-1192494, 0, O:6, 1.000, 1.721
2026-02-19 12:12:52,242 - INFO - mp-1192494, 2, O:6, 1.000, 1.689
2026-02-19 12:12:52,261 - INFO - mp-1192494, 4, O:6, 1.000, 1.740
2026-02-19 12:12:52,279 - INFO - mp-1192494, 5, O:6, 1.000, 1.544
2026-02-19 12:12:52,297 - INFO - mp-1192494, 6, O:6, 1.000, 1.619
2026-02-19 12:12:52,315 - INFO - mp-1192494, 7, O:6, 1.000, 1.766
2026-02-19 12:12:52,334 - INFO - mp-1192577, 0, O:6, 1.000, 0.430
2026-02-19 12:12:52,370 - INFO - mp-1192650, 8, O:6, 1.000, 0.061
2026-02-19 12:12:53,106 - INFO - mp-1192775, 0, O:6, 1.000, 0.225
2026-02-19 12:12:53,287 - INFO - mp-1192780, 8, T:5, 1.000, 7.204
2026-02-19 12:12:54,149 - INFO - mp-1192819, 4, O:6, 1.000, 1.476
2026-02-19 12:12:54,305 - INFO - mp-1192755, 8, O:6, 1.000, 0.172
2026-02-19 12:12:55,026 - INFO - mp-1192825, 4, O:6, 1.000, 1.721
2026-02-19 12:12:55,358 - INFO - mp-1192831, 8, O:6, 1.000, 0.026
2026-02-19 12:12:55,378 - INFO - mp-1192831, 11, O:6, 1.000, 0.008
2026-02-19 12:12:55,412 - INFO - mp-1192851, 3, O:6, 1.000, 0.052
2026-02-19 12:12:55,542 - INFO - mp-1192884, 0, S:4, 1.000, 1.764
2026-02-19 12:12:55,573 - INFO - mp-1192884, 48, S:4, 1.000, 1.764
2026-02-19 12:12:55,602 - INFO - mp-1192884, 80, S:4, 1.000, 1.764
2026-02-19 12:12:55,633 - INFO - mp-1192884, 88, T:4, 1.000, 0.673
2026-02-19 12:12:55,865 - INFO - mp-1192859, 4, T:4, 1.000, 3.602
2026-02-19 12:12:55,962 - INFO - mp-1192804, 2, O:6, 1.000, 0.075
2026-02-19 12:12:57,014 - INFO - mp-1192911, 8, O:6, 1.000, 1.176
2026-02-19 12:12:57,280 - INFO - mp-1192960, 24, T:4, 1.000, 0.010
2026-02-19 12:12:57,310 - INFO - mp-1192960, 56, T:4, 1.000, 0.010
2026-02-19 12:12:57,875 - INFO - mp-1193024, 8, O:6, 1.000, 0.340
2026-02-19 12:12:58,591 - INFO - mp-1192985, 0, O:6, 1.000, 0.890
2026-02-19 12:12:59,424 - INFO - mp-1192895, 4, T:4, 1.000, 0.637
2026-02-19 12:12:59,443 - INFO - mp-1192895, 6, T:4, 1.000, 1.584
2026-02-19 12:12:59,462 - INFO - mp-1192895, 8, T:4, 0.990, 0.491
2026-02-19 12:12:59,480 - INFO - mp-1192895, 10, T:4, 1.000, 0.543
2026-02-19 12:12:59,644 - ERROR - No coordination environment symbols available for mp-1193060 and index 0.
2026-02-19 12:12:59,645 - ERROR - No coordination environment symbols available for mp-1193060 and index 32.
2026-02-19 12:12:59,976 - INFO - mp-1193035, 0, O:6, 1.000, 0.932
2026-02-19 12:12:59,980 - INFO - mp-1192925, 8, O:6, 1.000, 0.030
2026-02-19 12:12:59,999 - INFO - mp-1193035, 8, O:6, 1.000, 0.932
2026-02-19 12:13:00,839 - INFO - mp-1193066, 12, T:4, 0.999, 1.246
2026-02-19 12:13:01,200 - INFO - mp-1193073, 64, T:6, 1.000, 2.884
2026-02-19 12:13:01,203 - INFO - mp-1193097, 64, T:6, 1.000, 3.115
2026-02-19 12:13:01,260 - INFO - mp-1192997, 2, O:6, 1.000, 0.008
2026-02-19 12:13:01,836 - INFO - mp-1193065, 4, O:6, 1.000, 0.669
2026-02-19 12:13:01,855 - INFO - mp-1193065, 8, T:6, 1.000, 0.053
2026-02-19 12:13:01,874 - INFO - mp-1193065, 10, T:6, 1.000, 0.771
2026-02-19 12:13:02,836 - INFO - mp-1193262, 4, T:5, 1.000, 7.681
2026-02-19 12:13:02,843 - ERROR - No coordination environment symbols available for mp-1193262 and index 20.
2026-02-19 12:13:02,859 - INFO - mp-1193262, 36, T:4, 1.000, 1.129
2026-02-19 12:13:03,039 - ERROR - No coordination environment symbols available for mp-1193259 and index 32.
2026-02-19 12:13:03,039 - ERROR - No coordination environment symbols available for mp-1193259 and index 44.
2026-02-19 12:13:03,452 - INFO - mp-1193282, 24, T:4, 1.000, 0.457
2026-02-19 12:13:04,146 - INFO - mp-1193145, 0, O:6, 1.000, 0.804
2026-02-19 12:13:04,461 - INFO - mp-1193185, 2, O:6, 1.000, 1.148
2026-02-19 12:13:05,387 - INFO - mp-1193219, 0, O:6, 1.000, 0.418
2026-02-19 12:13:05,408 - INFO - mp-1193219, 4, O:6, 1.000, 0.418
2026-02-19 12:13:05,870 - INFO - mp-1193286, 16, O:6, 1.000, 0.011
2026-02-19 12:13:05,892 - INFO - mp-1193286, 20, O:6, 1.000, 0.011
2026-02-19 12:13:06,267 - INFO - mp-1193263, 12, S:5, 0.972, 2.122
2026-02-19 12:13:06,531 - INFO - mp-1193308, 24, T:4, 1.000, 0.016
2026-02-19 12:13:06,545 - ERROR - No coordination environment symbols available for mp-1193308 and index 56.
2026-02-19 12:13:06,545 - ERROR - No coordination environment symbols available for mp-1193308 and index 88.
2026-02-19 12:13:06,545 - ERROR - No coordination environment symbols available for mp-1193308 and index 112.
2026-02-19 12:13:06,761 - INFO - mp-1193267, 0, O:6, 1.000, 1.070
2026-02-19 12:13:06,780 - INFO - mp-1193267, 2, O:6, 1.000, 0.913
2026-02-19 12:13:06,784 - INFO - mp-1193313, 48, T:6, 1.000, 3.271
2026-02-19 12:13:06,797 - ERROR - No coordination environment symbols available for mp-1193313 and index 80.
2026-02-19 12:13:07,538 - INFO - mp-1193316, 24, T:4, 1.000, 0.015
2026-02-19 12:13:07,552 - ERROR - No coordination environment symbols available for mp-1193316 and index 56.
2026-02-19 12:13:07,552 - ERROR - No coordination environment symbols available for mp-1193316 and index 88.
2026-02-19 12:13:07,552 - ERROR - No coordination environment symbols available for mp-1193316 and index 112.
2026-02-19 12:13:08,197 - ERROR - No coordination environment symbols available for mp-1193332 and index 20.
2026-02-19 12:13:08,197 - ERROR - No coordination environment symbols available for mp-1193332 and index 28.
2026-02-19 12:13:08,208 - INFO - mp-1193426, 0, O:6, 1.000, 7.852
2026-02-19 12:13:08,215 - ERROR - No coordination environment symbols available for mp-1193426 and index 24.
2026-02-19 12:13:08,232 - INFO - mp-1193426, 48, T:4, 1.000, 7.983
2026-02-19 12:13:08,452 - INFO - mp-1193301, 2, T:4, 1.000, 0.746
2026-02-19 12:13:08,471 - INFO - mp-1193301, 4, T:4, 0.709, 1.156
2026-02-19 12:13:09,057 - INFO - mp-1193386, 12, O:6, 1.000, 0.147
2026-02-19 12:13:09,173 - INFO - mp-1193395, 6, T:5, 1.000, 0.253
2026-02-19 12:13:09,495 - INFO - mp-1193500, 0, O:6, 1.000, 0.306
2026-02-19 12:13:10,246 - INFO - mp-1193555, 24, T:4, 1.000, 0.010
2026-02-19 12:13:10,260 - ERROR - No coordination environment symbols available for mp-1193555 and index 56.
2026-02-19 12:13:10,260 - ERROR - No coordination environment symbols available for mp-1193555 and index 88.
2026-02-19 12:13:10,260 - ERROR - No coordination environment symbols available for mp-1193555 and index 112.
2026-02-19 12:13:10,284 - INFO - mp-1193401, 28, T:4, 0.828, 0.734
2026-02-19 12:13:10,305 - INFO - mp-1193401, 36, T:4, 0.828, 0.734
2026-02-19 12:13:10,465 - INFO - mp-1193501, 4, O:6, 1.000, 0.457
2026-02-19 12:13:10,496 - ERROR - No coordination environment symbols available for mp-1193564 and index 44.
2026-02-19 12:13:10,695 - INFO - mp-1193558, 18, T:6, 1.000, 0.063
2026-02-19 12:13:11,995 - INFO - mp-1193589, 0, T:4, 1.000, 0.000
2026-02-19 12:13:12,009 - ERROR - No coordination environment symbols available for mp-1193589 and index 8.
2026-02-19 12:13:12,878 - ERROR - No coordination environment symbols available for mp-1193628 and index 4.
2026-02-19 12:13:12,878 - ERROR - No coordination environment symbols available for mp-1193628 and index 12.
2026-02-19 12:13:12,878 - ERROR - No coordination environment symbols available for mp-1193628 and index 20.
2026-02-19 12:13:13,202 - INFO - mp-1193685, 24, T:4, 1.000, 0.496
2026-02-19 12:13:13,244 - ERROR - No coordination environment symbols available for mp-1193646 and index 80.
2026-02-19 12:13:13,244 - ERROR - No coordination environment symbols available for mp-1193646 and index 112.
2026-02-19 12:13:13,264 - INFO - mp-1193638, 16, O:6, 1.000, 0.169
2026-02-19 12:13:13,371 - INFO - mp-1193644, 24, T:4, 1.000, 0.021
2026-02-19 12:13:13,385 - ERROR - No coordination environment symbols available for mp-1193644 and index 56.
2026-02-19 12:13:13,385 - ERROR - No coordination environment symbols available for mp-1193644 and index 88.
2026-02-19 12:13:13,385 - ERROR - No coordination environment symbols available for mp-1193644 and index 112.
2026-02-19 12:13:13,580 - INFO - mp-1193686, 8, O:6, 1.000, 0.086
2026-02-19 12:13:13,743 - INFO - mp-1193584, 16, O:6, 1.000, 0.503
2026-02-19 12:13:14,566 - ERROR - No coordination environment symbols available for mp-1193698 and index 48.
2026-02-19 12:13:14,566 - ERROR - No coordination environment symbols available for mp-1193698 and index 80.
2026-02-19 12:13:14,949 - INFO - mp-1193798, 6, O:6, 1.000, 0.002
2026-02-19 12:13:15,356 - INFO - mp-1193684, 0, O:6, 1.000, 1.595
2026-02-19 12:13:15,378 - INFO - mp-1193684, 4, O:6, 1.000, 0.418
2026-02-19 12:13:15,400 - INFO - mp-1193684, 8, O:6, 1.000, 0.759
2026-02-19 12:13:15,422 - INFO - mp-1193684, 10, O:6, 1.000, 0.418
2026-02-19 12:13:16,028 - INFO - mp-1193832, 18, T:6, 1.000, 0.131
2026-02-19 12:13:16,181 - INFO - mp-1193761, 12, T:4, 0.780, 0.548
2026-02-19 12:13:17,628 - INFO - mp-1193721, 0, O:6, 1.000, 1.053
2026-02-19 12:13:17,971 - ERROR - No coordination environment symbols available for mp-1193865 and index 4.
2026-02-19 12:13:17,971 - ERROR - No coordination environment symbols available for mp-1193865 and index 12.
2026-02-19 12:13:17,971 - ERROR - No coordination environment symbols available for mp-1193865 and index 20.
2026-02-19 12:13:18,010 - INFO - mp-1193899, 16, O:6, 1.000, 3.974
2026-02-19 12:13:18,111 - INFO - mp-1193958, 8, S:5, 1.000, 0.897
2026-02-19 12:13:18,325 - INFO - mp-1193859, 2, O:6, 1.000, 0.262
2026-02-19 12:13:18,343 - INFO - mp-1193859, 3, O:6, 1.000, 0.235
2026-02-19 12:13:18,372 - INFO - mp-1193931, 12, T:4, 0.752, 0.506
2026-02-19 12:13:18,724 - INFO - mp-1193765, 0, T:4, 0.972, 0.061
2026-02-19 12:13:19,024 - ERROR - No coordination environment symbols available for mp-1193938 and index 44.
2026-02-19 12:13:20,271 - INFO - mp-1194030, 0, S:4, 1.000, 7.139
2026-02-19 12:13:20,275 - ERROR - No coordination environment symbols available for mp-1194030 and index 8.
2026-02-19 12:13:20,275 - ERROR - No coordination environment symbols available for mp-1194030 and index 16.
2026-02-19 12:13:20,275 - ERROR - No coordination environment symbols available for mp-1194030 and index 24.
2026-02-19 12:13:20,511 - INFO - mp-1194186, 24, T:4, 1.000, 0.014
2026-02-19 12:13:20,525 - ERROR - No coordination environment symbols available for mp-1194186 and index 56.
2026-02-19 12:13:20,526 - ERROR - No coordination environment symbols available for mp-1194186 and index 88.
2026-02-19 12:13:20,526 - ERROR - No coordination environment symbols available for mp-1194186 and index 112.
2026-02-19 12:13:20,598 - INFO - mp-1194167, 6, O:6, 1.000, 0.629
2026-02-19 12:13:21,025 - ERROR - mp-1194083, the turning point is beyond the atomic radius
2026-02-19 12:13:21,394 - INFO - mp-1194188, 64, T:6, 1.000, 3.296
2026-02-19 12:13:21,904 - ERROR - No coordination environment symbols available for mp-1194201 and index 48.
2026-02-19 12:13:21,904 - ERROR - No coordination environment symbols available for mp-1194201 and index 80.
2026-02-19 12:13:21,989 - ERROR - No coordination environment symbols available for mp-1194198 and index 4.
2026-02-19 12:13:22,005 - INFO - mp-1194198, 12, T:4, 1.000, 1.890
2026-02-19 12:13:22,026 - INFO - mp-1194198, 20, T:5, 1.000, 2.316
2026-02-19 12:13:22,781 - INFO - mp-1194174, 18, T:5, 0.860, 5.010
2026-02-19 12:13:22,803 - INFO - mp-1194174, 34, T:5, 0.860, 5.010
2026-02-19 12:13:22,805 - INFO - mp-1194007, 0, T:4, 1.000, 0.099
2026-02-19 12:13:23,135 - INFO - mp-1194204, 18, T:6, 1.000, 0.087
2026-02-19 12:13:24,111 - INFO - mp-1194229, 0, O:6, 1.000, 1.049
2026-02-19 12:13:24,131 - INFO - mp-1194229, 4, O:6, 1.000, 1.436
2026-02-19 12:13:24,407 - INFO - mp-1194302, 24, T:4, 1.000, 0.415
2026-02-19 12:13:24,659 - INFO - mp-1194355, 0, O:6, 0.986, 5.869
2026-02-19 12:13:24,676 - INFO - mp-1194242, 0, O:6, 1.000, 0.444
2026-02-19 12:13:24,678 - INFO - mp-1194355, 4, O:6, 1.000, 2.583
2026-02-19 12:13:24,697 - INFO - mp-1194242, 4, O:6, 1.000, 0.444
2026-02-19 12:13:24,940 - INFO - mp-1194306, 0, O:6, 1.000, 0.910
2026-02-19 12:13:25,590 - INFO - mp-1194431, 18, T:6, 1.000, 0.118
2026-02-19 12:13:25,896 - INFO - mp-1194202, 4, T:4, 1.000, 0.530
2026-02-19 12:13:25,919 - INFO - mp-1194202, 6, T:4, 1.000, 1.399
2026-02-19 12:13:25,942 - INFO - mp-1194202, 8, T:4, 0.989, 0.617
2026-02-19 12:13:25,965 - INFO - mp-1194202, 10, T:4, 1.000, 0.659
2026-02-19 12:13:27,084 - INFO - mp-1194558, 24, T:4, 1.000, 0.007
2026-02-19 12:13:27,098 - ERROR - No coordination environment symbols available for mp-1194558 and index 56.
2026-02-19 12:13:27,098 - ERROR - No coordination environment symbols available for mp-1194558 and index 88.
2026-02-19 12:13:27,098 - ERROR - No coordination environment symbols available for mp-1194558 and index 112.
2026-02-19 12:13:27,518 - INFO - mp-1194498, 4, O:6, 1.000, 1.506
2026-02-19 12:13:27,542 - INFO - mp-1194498, 12, O:6, 1.000, 1.506
2026-02-19 12:13:28,044 - ERROR - No coordination environment symbols available for mp-1194528 and index 4.
2026-02-19 12:13:28,044 - ERROR - No coordination environment symbols available for mp-1194528 and index 12.
2026-02-19 12:13:28,045 - ERROR - No coordination environment symbols available for mp-1194528 and index 20.
2026-02-19 12:13:28,339 - INFO - mp-1194329, 0, O:6, 1.000, 1.155
2026-02-19 12:13:28,358 - INFO - mp-1194329, 2, O:6, 1.000, 1.800
2026-02-19 12:13:29,620 - INFO - mp-1194573, 2, O:6, 1.000, 0.001
2026-02-19 12:13:29,706 - INFO - mp-1194524, 4, T:5, 0.999, 0.356
2026-02-19 12:13:29,850 - INFO - mp-1194613, 0, O:6, 1.000, 0.161
2026-02-19 12:13:30,163 - ERROR - No coordination environment symbols available for mp-1194635 and index 4.
2026-02-19 12:13:30,163 - ERROR - No coordination environment symbols available for mp-1194635 and index 16.
2026-02-19 12:13:30,164 - ERROR - No coordination environment symbols available for mp-1194635 and index 28.
2026-02-19 12:13:30,179 - INFO - mp-1194635, 34, T:4, 1.000, 0.117
2026-02-19 12:13:31,282 - ERROR - No coordination environment symbols available for mp-1194531 and index 0.
2026-02-19 12:13:31,283 - ERROR - No coordination environment symbols available for mp-1194531 and index 4.
2026-02-19 12:13:31,298 - INFO - mp-1194531, 8, O:6, 1.000, 0.553
2026-02-19 12:13:31,322 - INFO - mp-1194531, 12, S:5, 1.000, 0.876
2026-02-19 12:13:31,407 - ERROR - No coordination environment symbols available for mp-1194620 and index 4.
2026-02-19 12:13:31,407 - ERROR - No coordination environment symbols available for mp-1194620 and index 12.
2026-02-19 12:13:31,407 - ERROR - No coordination environment symbols available for mp-1194620 and index 20.
2026-02-19 12:13:33,143 - INFO - mp-1194618, 12, O:6, 0.989, 1.509
2026-02-19 12:13:33,163 - INFO - mp-1194618, 14, T:4, 1.000, 2.989
2026-02-19 12:13:33,739 - ERROR - No coordination environment symbols available for mp-1194690 and index 36.
2026-02-19 12:13:33,739 - ERROR - No coordination environment symbols available for mp-1194690 and index 40.
2026-02-19 12:13:34,650 - INFO - mp-1194713, 28, T:4, 1.000, 0.239
2026-02-19 12:13:34,675 - INFO - mp-1194713, 36, T:4, 1.000, 0.239
2026-02-19 12:13:35,494 - INFO - mp-1194642, 0, O:6, 1.000, 0.599
2026-02-19 12:13:35,910 - INFO - mp-1194770, 14, T:4, 1.000, 0.249
2026-02-19 12:13:36,059 - INFO - mp-1194644, 16, O:6, 1.000, 0.784
2026-02-19 12:13:36,089 - INFO - mp-1194644, 24, O:6, 1.000, 0.784
2026-02-19 12:13:36,118 - INFO - mp-1194644, 28, O:6, 1.000, 1.163
2026-02-19 12:13:36,824 - INFO - mp-1194719, 12, O:6, 0.928, 2.300
2026-02-19 12:13:36,851 - INFO - mp-1194719, 20, O:6, 0.928, 2.300
2026-02-19 12:13:38,997 - INFO - mp-1194614, 0, T:4, 1.000, 0.011
2026-02-19 12:13:39,299 - INFO - mp-1194745, 0, O:6, 1.000, 0.482
2026-02-19 12:13:39,338 - INFO - mp-1194875, 0, T:4, 1.000, 0.003
2026-02-19 12:13:39,433 - INFO - mp-1194793, 12, T:5, 1.000, 0.294
2026-02-19 12:13:39,458 - INFO - mp-1194793, 20, T:5, 1.000, 0.366
2026-02-19 12:13:39,484 - INFO - mp-1194793, 28, T:5, 1.000, 0.306
2026-02-19 12:13:39,508 - INFO - mp-1194793, 32, T:5, 1.000, 0.366
2026-02-19 12:13:40,146 - INFO - mp-1194881, 0, O:6, 0.523, 4.739
2026-02-19 12:13:40,727 - INFO - mp-1194865, 8, T:5, 0.998, 0.509
2026-02-19 12:13:40,766 - INFO - mp-1194906, 36, T:5, 1.000, 7.745
2026-02-19 12:13:40,772 - ERROR - No coordination environment symbols available for mp-1194906 and index 40.
2026-02-19 12:13:42,022 - INFO - mp-1194931, 0, O:6, 1.000, 0.383
2026-02-19 12:13:42,308 - INFO - mp-1194983, 2, O:6, 1.000, 0.009
2026-02-19 12:13:43,018 - INFO - mp-1194940, 16, O:6, 1.000, 1.672
2026-02-19 12:13:43,638 - INFO - mp-1194982, 12, O:6, 1.000, 0.370
2026-02-19 12:13:44,629 - ERROR - No coordination environment symbols available for mp-1195008 and index 15.
2026-02-19 12:13:44,644 - INFO - mp-1195008, 18, T:4, 1.000, 5.342
2026-02-19 12:13:44,651 - ERROR - No coordination environment symbols available for mp-1195008 and index 21.
2026-02-19 12:13:44,808 - INFO - mp-1194949, 4, T:5, 0.999, 0.456
2026-02-19 12:13:45,497 - INFO - mp-1195066, 28, T:4, 1.000, 0.223
2026-02-19 12:13:45,521 - INFO - mp-1195066, 36, T:4, 1.000, 0.223
2026-02-19 12:13:46,058 - INFO - mp-1195117, 8, O:6, 1.000, 0.274
2026-02-19 12:13:46,463 - INFO - mp-1194812, 0, O:6, 1.000, 0.345
2026-02-19 12:13:46,552 - INFO - mp-1194812, 18, O:6, 1.000, 0.041
2026-02-19 12:13:46,638 - INFO - mp-1194812, 30, O:6, 1.000, 0.041
2026-02-19 12:13:47,406 - INFO - mp-1195083, 0, O:6, 1.000, 0.151
2026-02-19 12:13:47,768 - INFO - mp-1194946, 36, O:6, 1.000, 0.397
2026-02-19 12:13:48,134 - INFO - mp-1195255, 8, S:5, 0.866, 3.347
2026-02-19 12:13:48,153 - INFO - mp-1195255, 12, O:6, 1.000, 0.179
2026-02-19 12:13:48,476 - INFO - mp-1195190, 16, T:4, 1.000, 0.424
2026-02-19 12:13:48,505 - INFO - mp-1195190, 20, O:6, 1.000, 0.175
2026-02-19 12:13:48,534 - INFO - mp-1195190, 24, T:4, 1.000, 0.326
2026-02-19 12:13:49,319 - INFO - mp-1195207, 16, S:5, 0.993, 1.342
2026-02-19 12:13:49,341 - INFO - mp-1195207, 20, O:6, 1.000, 0.220
2026-02-19 12:13:50,471 - INFO - mp-1195306, 28, T:4, 1.000, 0.255
2026-02-19 12:13:50,496 - INFO - mp-1195306, 36, T:4, 1.000, 0.294
2026-02-19 12:13:50,581 - INFO - mp-1195316, 4, T:5, 0.943, 2.078
2026-02-19 12:13:51,733 - ERROR - No coordination environment symbols available for mp-1195406 and index 36.
2026-02-19 12:13:51,733 - ERROR - No coordination environment symbols available for mp-1195406 and index 40.
2026-02-19 12:13:51,754 - INFO - mp-1195295, 4, O:6, 1.000, 0.349
2026-02-19 12:13:51,777 - INFO - mp-1195295, 8, O:6, 1.000, 0.594
2026-02-19 12:13:51,799 - INFO - mp-1195295, 12, O:6, 1.000, 0.499
2026-02-19 12:13:51,822 - INFO - mp-1195295, 16, O:6, 1.000, 0.508
2026-02-19 12:13:51,844 - INFO - mp-1195295, 20, O:6, 1.000, 0.014
2026-02-19 12:13:51,866 - INFO - mp-1195295, 22, O:6, 1.000, 0.199
2026-02-19 12:13:52,114 - INFO - mp-1195488, 4, O:6, 1.000, 0.290
2026-02-19 12:13:53,001 - INFO - mp-1195527, 4, O:6, 1.000, 0.117
2026-02-19 12:13:53,019 - INFO - mp-1195553, 168, O:6, 1.000, 7.436
2026-02-19 12:13:54,301 - INFO - mp-1195335, 8, O:6, 0.987, 4.939
2026-02-19 12:13:54,325 - INFO - mp-1195335, 12, O:6, 1.000, 4.213
2026-02-19 12:13:54,350 - INFO - mp-1195335, 16, O:6, 1.000, 3.741
2026-02-19 12:13:54,683 - INFO - mp-1195713, 12, T:4, 1.000, 0.267
2026-02-19 12:13:55,285 - INFO - mp-1195420, 0, S:5, 0.998, 0.939
2026-02-19 12:13:55,306 - INFO - mp-1195420, 2, T:4, 1.000, 1.302
2026-02-19 12:13:55,325 - INFO - mp-1195420, 4, S:5, 0.890, 1.614
2026-02-19 12:13:55,577 - INFO - mp-1195793, 4, S:5, 0.765, 1.310
2026-02-19 12:13:55,735 - ERROR - No coordination environment symbols available for mp-1195842 and index 4.
2026-02-19 12:13:55,751 - INFO - mp-1195842, 16, T:6, 1.000, 6.494
2026-02-19 12:13:55,756 - ERROR - No coordination environment symbols available for mp-1195842 and index 28.
2026-02-19 12:13:55,772 - INFO - mp-1195842, 34, T:4, 1.000, 0.063
2026-02-19 12:13:55,972 - INFO - mp-1195661, 12, O:6, 0.933, 2.188
2026-02-19 12:13:56,000 - INFO - mp-1195661, 20, O:6, 0.933, 2.188
2026-02-19 12:13:56,773 - INFO - mp-1195799, 6, T:4, 1.000, 0.043
2026-02-19 12:13:56,785 - INFO - mp-1195747, 42, O:6, 1.000, 0.766
2026-02-19 12:13:56,793 - INFO - mp-1195799, 8, T:4, 1.000, 0.060
2026-02-19 12:13:56,812 - INFO - mp-1195799, 10, T:4, 1.000, 0.065
2026-02-19 12:13:56,827 - INFO - mp-1195747, 60, O:6, 1.000, 0.766
2026-02-19 12:13:57,851 - ERROR - No coordination environment symbols available for mp-1195962 and index 4.
2026-02-19 12:13:57,851 - ERROR - No coordination environment symbols available for mp-1195962 and index 16.
2026-02-19 12:13:57,851 - ERROR - No coordination environment symbols available for mp-1195962 and index 28.
2026-02-19 12:13:57,867 - INFO - mp-1195962, 34, T:4, 1.000, 0.089
2026-02-19 12:13:58,180 - INFO - mp-1195892, 4, O:6, 1.000, 0.076
2026-02-19 12:13:58,199 - INFO - mp-1195892, 8, O:6, 1.000, 2.698
2026-02-19 12:13:58,338 - INFO - mp-1195856, 0, O:6, 1.000, 0.837
2026-02-19 12:13:59,539 - ERROR - No coordination environment symbols available for mp-1196012 and index 4.
2026-02-19 12:13:59,539 - ERROR - No coordination environment symbols available for mp-1196012 and index 16.
2026-02-19 12:13:59,539 - ERROR - No coordination environment symbols available for mp-1196012 and index 28.
2026-02-19 12:13:59,554 - INFO - mp-1196012, 34, T:4, 1.000, 0.131
2026-02-19 12:14:00,531 - ERROR - No coordination environment symbols available for mp-1196052 and index 8.
2026-02-19 12:14:00,548 - INFO - mp-1196052, 20, T:6, 1.000, 6.578
2026-02-19 12:14:00,553 - ERROR - No coordination environment symbols available for mp-1196052 and index 32.
2026-02-19 12:14:00,810 - INFO - mp-1195843, 0, O:6, 1.000, 0.325
2026-02-19 12:14:01,145 - INFO - mp-1196027, 4, O:6, 1.000, 0.188
2026-02-19 12:14:01,500 - INFO - mp-1195898, 32, T:4, 1.000, 5.327
2026-02-19 12:14:01,529 - INFO - mp-1195898, 36, T:4, 1.000, 5.966
2026-02-19 12:14:02,213 - ERROR - No coordination environment symbols available for mp-1195927 and index 0.
2026-02-19 12:14:02,230 - INFO - mp-1195927, 4, S:5, 1.000, 7.997
2026-02-19 12:14:02,253 - INFO - mp-1195927, 8, S:5, 1.000, 1.245
2026-02-19 12:14:02,277 - INFO - mp-1195927, 12, O:6, 1.000, 0.387
2026-02-19 12:14:02,300 - INFO - mp-1195927, 16, O:6, 1.000, 0.118
2026-02-19 12:14:02,308 - ERROR - No coordination environment symbols available for mp-1195927 and index 20.
2026-02-19 12:14:02,308 - ERROR - No coordination environment symbols available for mp-1195927 and index 24.
2026-02-19 12:14:03,168 - INFO - mp-1196085, 0, O:6, 1.000, 0.721
2026-02-19 12:14:03,190 - INFO - mp-1196085, 8, T:4, 0.985, 0.134
2026-02-19 12:14:03,212 - INFO - mp-1196085, 12, T:4, 0.838, 0.255
2026-02-19 12:14:04,932 - INFO - mp-1196167, 12, O:6, 1.000, 3.954
2026-02-19 12:14:04,954 - INFO - mp-1196167, 20, O:6, 1.000, 3.749
2026-02-19 12:14:05,525 - INFO - mp-1196102, 0, O:6, 1.000, 2.010
2026-02-19 12:14:06,880 - INFO - mp-1196130, 4, O:6, 1.000, 0.633
2026-02-19 12:14:06,903 - INFO - mp-1196130, 8, O:6, 1.000, 0.895
2026-02-19 12:14:07,058 - INFO - mp-1196129, 4, O:6, 1.000, 1.529
2026-02-19 12:14:07,081 - INFO - mp-1196129, 8, O:6, 1.000, 1.732
2026-02-19 12:14:07,632 - ERROR - No coordination environment symbols available for mp-1196232 and index 24.
2026-02-19 12:14:07,632 - ERROR - No coordination environment symbols available for mp-1196232 and index 40.
2026-02-19 12:14:07,632 - ERROR - No coordination environment symbols available for mp-1196232 and index 56.
2026-02-19 12:14:07,632 - ERROR - No coordination environment symbols available for mp-1196232 and index 72.
2026-02-19 12:14:08,021 - INFO - mp-1196193, 0, T:4, 1.000, 0.848
2026-02-19 12:14:09,355 - INFO - mp-1196071, 28, T:4, 0.928, 0.142
2026-02-19 12:14:09,386 - INFO - mp-1196071, 32, O:6, 1.000, 0.119
2026-02-19 12:14:09,416 - INFO - mp-1196071, 36, T:4, 0.969, 0.187
2026-02-19 12:14:09,446 - INFO - mp-1196071, 40, S:5, 0.863, 0.673
2026-02-19 12:14:09,476 - INFO - mp-1196071, 44, T:4, 0.957, 0.248
2026-02-19 12:14:09,508 - INFO - mp-1196071, 48, O:6, 0.813, 2.271
2026-02-19 12:14:09,540 - INFO - mp-1196071, 52, T:4, 1.000, 1.355
2026-02-19 12:14:09,583 - INFO - mp-1196208, 8, O:6, 1.000, 1.332
2026-02-19 12:14:10,071 - INFO - mp-1196074, 1, O:6, 1.000, 0.147
2026-02-19 12:14:11,111 - INFO - mp-1196228, 12, O:6, 1.000, 1.505
2026-02-19 12:14:11,134 - INFO - mp-1196228, 16, O:6, 1.000, 0.757
2026-02-19 12:14:11,247 - INFO - mp-1196275, 8, O:6, 1.000, 0.193
2026-02-19 12:14:12,702 - INFO - mp-1196239, 12, T:5, 1.000, 0.268
2026-02-19 12:14:12,729 - INFO - mp-1196239, 20, T:5, 1.000, 0.399
2026-02-19 12:14:12,755 - INFO - mp-1196239, 28, T:5, 1.000, 0.358
2026-02-19 12:14:12,780 - INFO - mp-1196239, 32, T:5, 1.000, 0.399
2026-02-19 12:14:12,884 - INFO - mp-1196234, 0, T:4, 1.000, 0.538
2026-02-19 12:14:12,914 - INFO - mp-1196234, 8, T:4, 1.000, 0.538
2026-02-19 12:14:13,262 - ERROR - No coordination environment symbols available for mp-1196278 and index 8.
2026-02-19 12:14:13,262 - ERROR - No coordination environment symbols available for mp-1196278 and index 24.
2026-02-19 12:14:13,262 - ERROR - No coordination environment symbols available for mp-1196278 and index 40.
2026-02-19 12:14:13,262 - ERROR - No coordination environment symbols available for mp-1196278 and index 48.
2026-02-19 12:14:13,279 - INFO - mp-1196278, 56, S:4, 1.000, 2.791
2026-02-19 12:14:13,287 - ERROR - No coordination environment symbols available for mp-1196278 and index 60.
2026-02-19 12:14:14,897 - ERROR - No coordination environment symbols available for mp-1196306 and index 8.
2026-02-19 12:14:14,897 - ERROR - No coordination environment symbols available for mp-1196306 and index 24.
2026-02-19 12:14:14,913 - INFO - mp-1196306, 40, T:4, 1.000, 6.718
2026-02-19 12:14:14,921 - ERROR - No coordination environment symbols available for mp-1196306 and index 48.
2026-02-19 12:14:14,937 - INFO - mp-1196306, 56, S:4, 1.000, 2.853
2026-02-19 12:14:14,945 - ERROR - No coordination environment symbols available for mp-1196306 and index 60.
2026-02-19 12:14:15,338 - INFO - mp-1196307, 0, O:6, 1.000, 0.175
2026-02-19 12:14:15,917 - INFO - mp-1196296, 0, O:6, 1.000, 1.398
2026-02-19 12:14:15,942 - INFO - mp-1196296, 4, T:5, 1.000, 2.496
2026-02-19 12:14:16,022 - INFO - mp-1196326, 24, T:5, 1.000, 7.879
2026-02-19 12:14:16,048 - INFO - mp-1196326, 40, T:6, 1.000, 4.958
2026-02-19 12:14:16,074 - INFO - mp-1196326, 56, T:5, 1.000, 7.879
2026-02-19 12:14:16,099 - INFO - mp-1196326, 72, T:6, 1.000, 4.958
2026-02-19 12:14:18,549 - INFO - mp-1196313, 0, O:6, 1.000, 0.493
2026-02-19 12:14:18,639 - INFO - mp-1196303, 8, O:6, 1.000, 0.222
2026-02-19 12:14:18,659 - INFO - mp-1196303, 10, O:6, 1.000, 0.235
2026-02-19 12:14:18,886 - INFO - mp-1196332, 0, O:6, 1.000, 0.336
2026-02-19 12:14:19,023 - ERROR - No coordination environment symbols available for mp-1196352 and index 28.
2026-02-19 12:14:19,023 - ERROR - No coordination environment symbols available for mp-1196352 and index 44.
2026-02-19 12:14:19,024 - ERROR - No coordination environment symbols available for mp-1196352 and index 60.
2026-02-19 12:14:19,024 - ERROR - No coordination environment symbols available for mp-1196352 and index 76.
2026-02-19 12:14:19,332 - INFO - mp-1196373, 8, S:5, 0.775, 2.483
2026-02-19 12:14:20,847 - INFO - mp-1196342, 0, O:6, 1.000, 0.172
2026-02-19 12:14:20,868 - INFO - mp-1196342, 4, O:6, 1.000, 0.106
2026-02-19 12:14:20,889 - INFO - mp-1196342, 6, O:6, 1.000, 0.127
2026-02-19 12:14:21,256 - INFO - mp-1196345, 0, O:6, 1.000, 0.231
2026-02-19 12:14:21,850 - ERROR - No coordination environment symbols available for mp-1196404 and index 4.
2026-02-19 12:14:21,850 - ERROR - No coordination environment symbols available for mp-1196404 and index 16.
2026-02-19 12:14:21,850 - ERROR - No coordination environment symbols available for mp-1196404 and index 28.
2026-02-19 12:14:21,866 - INFO - mp-1196404, 34, T:4, 1.000, 0.117
2026-02-19 12:14:22,325 - INFO - mp-1196389, 12, O:6, 1.000, 5.188
2026-02-19 12:14:22,863 - INFO - mp-1196464, 4, O:6, 1.000, 0.042
2026-02-19 12:14:22,960 - INFO - mp-1196434, 60, T:4, 0.996, 0.224
2026-02-19 12:14:23,289 - INFO - mp-1196266, 0, S:4, 1.000, 3.367
2026-02-19 12:14:24,016 - INFO - mp-1196377, 8, O:6, 1.000, 1.258
2026-02-19 12:14:24,044 - INFO - mp-1196377, 16, O:6, 1.000, 0.211
2026-02-19 12:14:25,743 - ERROR - No coordination environment symbols available for mp-1196534 and index 20.
2026-02-19 12:14:25,743 - ERROR - No coordination environment symbols available for mp-1196534 and index 24.
2026-02-19 12:14:26,154 - ERROR - No coordination environment symbols available for mp-1196549 and index 24.
2026-02-19 12:14:26,154 - ERROR - No coordination environment symbols available for mp-1196549 and index 40.
2026-02-19 12:14:26,154 - ERROR - No coordination environment symbols available for mp-1196549 and index 56.
2026-02-19 12:14:26,154 - ERROR - No coordination environment symbols available for mp-1196549 and index 72.
2026-02-19 12:14:26,411 - INFO - mp-1196503, 8, O:6, 1.000, 0.725
2026-02-19 12:14:27,631 - INFO - mp-1196381, 8, O:6, 1.000, 0.045
2026-02-19 12:14:27,631 - ERROR - No coordination environment symbols available for mp-1196624 and index 0.
2026-02-19 12:14:27,632 - ERROR - No coordination environment symbols available for mp-1196624 and index 24.
2026-02-19 12:14:27,657 - INFO - mp-1196381, 10, O:6, 1.000, 0.036
2026-02-19 12:14:27,786 - INFO - mp-1196540, 0, O:6, 1.000, 0.725
2026-02-19 12:14:27,810 - INFO - mp-1196540, 8, O:6, 0.988, 1.249
2026-02-19 12:14:28,092 - INFO - mp-1196505, 54, O:6, 1.000, 0.240
2026-02-19 12:14:29,173 - ERROR - No coordination environment symbols available for mp-1196608 and index 28.
2026-02-19 12:14:29,173 - ERROR - No coordination environment symbols available for mp-1196608 and index 44.
2026-02-19 12:14:29,173 - ERROR - No coordination environment symbols available for mp-1196608 and index 60.
2026-02-19 12:14:29,173 - ERROR - No coordination environment symbols available for mp-1196608 and index 76.
2026-02-19 12:14:29,670 - INFO - mp-1196537, 0, T:5, 1.000, 0.046
2026-02-19 12:14:30,013 - INFO - mp-1196665, 0, O:6, 1.000, 0.950
2026-02-19 12:14:30,037 - INFO - mp-1196665, 4, O:6, 1.000, 0.950
2026-02-19 12:14:30,246 - INFO - mp-1196507, 72, T:4, 1.000, 0.200
2026-02-19 12:14:30,278 - INFO - mp-1196507, 80, T:4, 1.000, 0.200
2026-02-19 12:14:30,807 - ERROR - No coordination environment symbols available for mp-1196648 and index 28.
2026-02-19 12:14:30,807 - ERROR - No coordination environment symbols available for mp-1196648 and index 44.
2026-02-19 12:14:30,807 - ERROR - No coordination environment symbols available for mp-1196648 and index 60.
2026-02-19 12:14:30,807 - ERROR - No coordination environment symbols available for mp-1196648 and index 76.
2026-02-19 12:14:31,015 - INFO - mp-1196681, 6, T:4, 1.000, 0.451
2026-02-19 12:14:31,037 - INFO - mp-1196681, 30, O:6, 1.000, 0.000
2026-02-19 12:14:31,809 - INFO - mp-1196684, 8, O:6, 1.000, 4.673
2026-02-19 12:14:31,830 - INFO - mp-1196684, 16, T:4, 1.000, 0.997
2026-02-19 12:14:32,610 - ERROR - No coordination environment symbols available for mp-1196805 and index 4.
2026-02-19 12:14:32,611 - ERROR - No coordination environment symbols available for mp-1196805 and index 16.
2026-02-19 12:14:32,611 - ERROR - No coordination environment symbols available for mp-1196805 and index 28.
2026-02-19 12:14:32,627 - INFO - mp-1196805, 34, T:4, 1.000, 0.123
2026-02-19 12:14:32,704 - ERROR - No coordination environment symbols available for mp-1196730 and index 10.
2026-02-19 12:14:32,704 - ERROR - No coordination environment symbols available for mp-1196730 and index 22.
2026-02-19 12:14:32,719 - INFO - mp-1196730, 34, T:4, 1.000, 0.219
2026-02-19 12:14:32,825 - INFO - mp-1196629, 8, O:6, 1.000, 0.353
2026-02-19 12:14:32,846 - INFO - mp-1196629, 10, O:6, 1.000, 0.223
2026-02-19 12:14:33,489 - INFO - mp-1196792, 0, T:4, 0.920, 0.206
2026-02-19 12:14:34,455 - INFO - mp-1196849, 0, S:4, 1.000, 4.547
2026-02-19 12:14:35,571 - INFO - mp-1196844, 8, O:6, 1.000, 0.471
2026-02-19 12:14:35,734 - INFO - mp-1196845, 28, T:5, 1.000, 7.893
2026-02-19 12:14:35,743 - ERROR - No coordination environment symbols available for mp-1196845 and index 44.
2026-02-19 12:14:35,759 - INFO - mp-1196845, 60, T:5, 1.000, 7.893
2026-02-19 12:14:35,769 - ERROR - No coordination environment symbols available for mp-1196845 and index 76.
2026-02-19 12:14:36,495 - INFO - mp-1196551, 8, O:6, 1.000, 0.660
2026-02-19 12:14:36,517 - INFO - mp-1196551, 10, T:5, 1.000, 0.277
2026-02-19 12:14:36,538 - INFO - mp-1196551, 12, T:5, 1.000, 0.141
2026-02-19 12:14:37,488 - ERROR - No coordination environment symbols available for mp-1196848 and index 36.
2026-02-19 12:14:37,488 - ERROR - No coordination environment symbols available for mp-1196848 and index 40.
2026-02-19 12:14:37,674 - INFO - mp-1196862, 8, O:6, 1.000, 0.180
2026-02-19 12:14:37,682 - INFO - mp-1196866, 18, O:6, 1.000, 0.266
2026-02-19 12:14:37,710 - INFO - mp-1196866, 21, O:6, 1.000, 0.043
2026-02-19 12:14:38,186 - INFO - mp-1196710, 2, O:6, 1.000, 0.896
2026-02-19 12:14:38,211 - INFO - mp-1196710, 6, O:6, 1.000, 0.679
2026-02-19 12:14:38,236 - INFO - mp-1196710, 10, O:6, 1.000, 0.045
2026-02-19 12:14:38,342 - ERROR - No coordination environment symbols available for mp-1196975 and index 4.
2026-02-19 12:14:38,342 - ERROR - No coordination environment symbols available for mp-1196975 and index 16.
2026-02-19 12:14:38,342 - ERROR - No coordination environment symbols available for mp-1196975 and index 28.
2026-02-19 12:14:38,358 - INFO - mp-1196975, 34, T:4, 1.000, 0.106
2026-02-19 12:14:39,130 - INFO - mp-1196909, 4, O:6, 1.000, 0.744
2026-02-19 12:14:39,149 - INFO - mp-1196909, 8, O:6, 1.000, 0.775
2026-02-19 12:14:39,168 - INFO - mp-1196909, 10, O:6, 1.000, 0.607
2026-02-19 12:14:39,494 - INFO - mp-1196996, 8, O:6, 1.000, 1.387
2026-02-19 12:14:39,590 - INFO - mp-1196925, 0, O:6, 1.000, 0.617
2026-02-19 12:14:40,712 - ERROR - No coordination environment symbols available for mp-1197005 and index 28.
2026-02-19 12:14:40,712 - ERROR - No coordination environment symbols available for mp-1197005 and index 44.
2026-02-19 12:14:40,712 - ERROR - No coordination environment symbols available for mp-1197005 and index 60.
2026-02-19 12:14:40,712 - ERROR - No coordination environment symbols available for mp-1197005 and index 76.
2026-02-19 12:14:42,215 - ERROR - No coordination environment symbols available for mp-1197186 and index 14.
2026-02-19 12:14:42,216 - ERROR - No coordination environment symbols available for mp-1197186 and index 26.
2026-02-19 12:14:42,241 - ERROR - No coordination environment symbols available for mp-1197167 and index 24.
2026-02-19 12:14:42,241 - ERROR - No coordination environment symbols available for mp-1197167 and index 40.
2026-02-19 12:14:42,241 - ERROR - No coordination environment symbols available for mp-1197167 and index 56.
2026-02-19 12:14:42,241 - ERROR - No coordination environment symbols available for mp-1197167 and index 72.
2026-02-19 12:14:42,513 - ERROR - No coordination environment symbols available for mp-1197173 and index 24.
2026-02-19 12:14:42,513 - ERROR - No coordination environment symbols available for mp-1197173 and index 40.
2026-02-19 12:14:42,513 - ERROR - No coordination environment symbols available for mp-1197173 and index 56.
2026-02-19 12:14:42,513 - ERROR - No coordination environment symbols available for mp-1197173 and index 72.
2026-02-19 12:14:43,108 - INFO - mp-1197024, 0, O:6, 1.000, 0.582
2026-02-19 12:14:43,519 - INFO - mp-1197109, 0, O:6, 1.000, 1.894
2026-02-19 12:14:43,539 - INFO - mp-1197109, 2, O:6, 1.000, 1.994
2026-02-19 12:14:44,106 - INFO - mp-1197187, 4, O:6, 1.000, 1.372
2026-02-19 12:14:44,392 - INFO - mp-1196821, 0, O:6, 1.000, 0.244
2026-02-19 12:14:44,733 - ERROR - No coordination environment symbols available for mp-1197249 and index 4.
2026-02-19 12:14:44,748 - INFO - mp-1197249, 10, T:4, 1.000, 0.104
2026-02-19 12:14:45,898 - ERROR - No coordination environment symbols available for mp-1197275 and index 8.
2026-02-19 12:14:45,898 - ERROR - No coordination environment symbols available for mp-1197275 and index 24.
2026-02-19 12:14:45,898 - ERROR - No coordination environment symbols available for mp-1197275 and index 40.
2026-02-19 12:14:45,898 - ERROR - No coordination environment symbols available for mp-1197275 and index 48.
2026-02-19 12:14:45,898 - ERROR - No coordination environment symbols available for mp-1197275 and index 56.
2026-02-19 12:14:45,898 - ERROR - No coordination environment symbols available for mp-1197275 and index 60.
2026-02-19 12:14:46,092 - INFO - mp-1197159, 0, O:6, 1.000, 0.652
2026-02-19 12:14:46,117 - INFO - mp-1197159, 4, O:6, 1.000, 1.022
2026-02-19 12:14:47,784 - ERROR - No coordination environment symbols available for mp-1197388 and index 8.
2026-02-19 12:14:47,784 - ERROR - No coordination environment symbols available for mp-1197388 and index 24.
2026-02-19 12:14:47,800 - INFO - mp-1197388, 40, T:4, 1.000, 6.568
2026-02-19 12:14:47,809 - ERROR - No coordination environment symbols available for mp-1197388 and index 48.
2026-02-19 12:14:47,825 - INFO - mp-1197388, 56, S:4, 1.000, 2.837
2026-02-19 12:14:47,833 - ERROR - No coordination environment symbols available for mp-1197388 and index 60.
2026-02-19 12:14:48,093 - INFO - mp-1197350, 4, O:6, 1.000, 0.080
2026-02-19 12:14:48,241 - INFO - mp-1197365, 0, O:6, 1.000, 1.958
2026-02-19 12:14:48,263 - INFO - mp-1197365, 4, O:6, 1.000, 2.165
2026-02-19 12:14:48,284 - INFO - mp-1197365, 8, O:6, 1.000, 1.574
2026-02-19 12:14:48,305 - INFO - mp-1197365, 12, O:6, 1.000, 1.791
2026-02-19 12:14:48,485 - INFO - mp-1197438, 24, T:4, 1.000, 0.668
2026-02-19 12:14:48,519 - INFO - mp-1197438, 48, T:4, 1.000, 0.668
2026-02-19 12:14:49,869 - INFO - mp-1197402, 0, T:5, 0.984, 1.999
2026-02-19 12:14:49,890 - INFO - mp-1197402, 4, O:6, 0.979, 3.650
2026-02-19 12:14:50,126 - INFO - mp-1197292, 0, O:6, 0.568, 2.938
2026-02-19 12:14:50,152 - INFO - mp-1197292, 8, O:6, 1.000, 3.378
2026-02-19 12:14:50,179 - INFO - mp-1197292, 12, T:5, 0.980, 1.135
2026-02-19 12:14:50,525 - INFO - mp-1197443, 0, O:6, 1.000, 0.843
2026-02-19 12:14:51,347 - INFO - mp-1197505, 4, O:6, 1.000, 0.053
2026-02-19 12:14:51,366 - INFO - mp-1197505, 8, O:6, 1.000, 1.145
2026-02-19 12:14:51,372 - INFO - mp-1197460, 16, T:4, 1.000, 0.246
2026-02-19 12:14:51,859 - INFO - mp-1197576, 0, O:6, 1.000, 0.064
2026-02-19 12:14:52,988 - ERROR - No coordination environment symbols available for mp-1197545 and index 24.
2026-02-19 12:14:52,988 - ERROR - No coordination environment symbols available for mp-1197545 and index 40.
2026-02-19 12:14:52,988 - ERROR - No coordination environment symbols available for mp-1197545 and index 56.
2026-02-19 12:14:52,988 - ERROR - No coordination environment symbols available for mp-1197545 and index 72.
2026-02-19 12:14:54,083 - INFO - mp-1197408, 0, O:6, 1.000, 1.243
2026-02-19 12:14:54,563 - ERROR - No coordination environment symbols available for mp-1197659 and index 8.
2026-02-19 12:14:54,579 - INFO - mp-1197659, 20, T:6, 1.000, 6.313
2026-02-19 12:14:54,584 - ERROR - No coordination environment symbols available for mp-1197659 and index 32.
2026-02-19 12:14:54,705 - ERROR - No coordination environment symbols available for mp-1197720 and index 10.
2026-02-19 12:14:54,705 - ERROR - No coordination environment symbols available for mp-1197720 and index 22.
2026-02-19 12:14:54,721 - INFO - mp-1197720, 34, T:4, 1.000, 0.181
2026-02-19 12:14:54,774 - ERROR - No coordination environment symbols available for mp-1197596 and index 66.
2026-02-19 12:14:54,774 - ERROR - No coordination environment symbols available for mp-1197596 and index 90.
2026-02-19 12:14:55,165 - INFO - mp-1197479, 0, O:6, 0.982, 3.328
2026-02-19 12:14:55,197 - INFO - mp-1197479, 8, O:6, 0.972, 3.462
2026-02-19 12:14:55,228 - INFO - mp-1197479, 16, O:6, 0.996, 3.738
2026-02-19 12:14:55,259 - INFO - mp-1197479, 24, O:6, 1.000, 0.264
2026-02-19 12:14:56,813 - INFO - mp-1197725, 8, O:6, 1.000, 4.917
2026-02-19 12:14:56,838 - INFO - mp-1197725, 16, T:4, 1.000, 0.884
2026-02-19 12:14:57,346 - INFO - mp-1197728, 0, O:6, 1.000, 0.725
2026-02-19 12:14:57,711 - INFO - mp-1197490, 4, O:6, 1.000, 5.283
2026-02-19 12:14:57,738 - INFO - mp-1197490, 8, O:6, 0.539, 3.456
2026-02-19 12:14:57,765 - INFO - mp-1197490, 12, O:6, 0.583, 3.814
2026-02-19 12:14:57,767 - ERROR - No coordination environment symbols available for mp-1197734 and index 24.
2026-02-19 12:14:57,767 - ERROR - No coordination environment symbols available for mp-1197734 and index 40.
2026-02-19 12:14:57,767 - ERROR - No coordination environment symbols available for mp-1197734 and index 56.
2026-02-19 12:14:57,767 - ERROR - No coordination environment symbols available for mp-1197734 and index 72.
2026-02-19 12:14:59,402 - INFO - mp-1197635, 4, O:6, 1.000, 0.531
2026-02-19 12:14:59,427 - INFO - mp-1197635, 8, O:6, 1.000, 0.620
2026-02-19 12:15:00,421 - ERROR - No coordination environment symbols available for mp-1197758 and index 6.
2026-02-19 12:15:00,421 - ERROR - No coordination environment symbols available for mp-1197758 and index 22.
2026-02-19 12:15:00,421 - ERROR - No coordination environment symbols available for mp-1197758 and index 30.
2026-02-19 12:15:00,421 - ERROR - No coordination environment symbols available for mp-1197758 and index 38.
2026-02-19 12:15:00,494 - INFO - mp-1197774, 4, O:6, 1.000, 0.337
2026-02-19 12:15:00,824 - ERROR - No coordination environment symbols available for mp-1197841 and index 24.
2026-02-19 12:15:00,825 - ERROR - No coordination environment symbols available for mp-1197841 and index 40.
2026-02-19 12:15:00,825 - ERROR - No coordination environment symbols available for mp-1197841 and index 56.
2026-02-19 12:15:00,825 - ERROR - No coordination environment symbols available for mp-1197841 and index 72.
2026-02-19 12:15:02,855 - INFO - mp-1197936, 168, O:6, 1.000, 7.624
2026-02-19 12:15:02,920 - INFO - mp-1197871, 8, O:6, 0.961, 3.611
2026-02-19 12:15:03,511 - ERROR - No coordination environment symbols available for mp-1198021 and index 24.
2026-02-19 12:15:03,512 - ERROR - No coordination environment symbols available for mp-1198021 and index 40.
2026-02-19 12:15:03,512 - ERROR - No coordination environment symbols available for mp-1198021 and index 56.
2026-02-19 12:15:03,512 - ERROR - No coordination environment symbols available for mp-1198021 and index 72.
2026-02-19 12:15:04,539 - ERROR - No coordination environment symbols available for mp-1198085 and index 8.
2026-02-19 12:15:04,539 - ERROR - No coordination environment symbols available for mp-1198085 and index 24.
2026-02-19 12:15:04,539 - ERROR - No coordination environment symbols available for mp-1198085 and index 40.
2026-02-19 12:15:04,539 - ERROR - No coordination environment symbols available for mp-1198085 and index 48.
2026-02-19 12:15:04,556 - INFO - mp-1198085, 56, S:4, 1.000, 2.769
2026-02-19 12:15:04,564 - ERROR - No coordination environment symbols available for mp-1198085 and index 60.
2026-02-19 12:15:04,654 - ERROR - No coordination environment symbols available for mp-1198100 and index 8.
2026-02-19 12:15:04,670 - INFO - mp-1198100, 20, T:6, 1.000, 6.429
2026-02-19 12:15:04,675 - ERROR - No coordination environment symbols available for mp-1198100 and index 32.
2026-02-19 12:15:05,079 - INFO - mp-1198058, 16, T:4, 1.000, 0.923
2026-02-19 12:15:05,101 - INFO - mp-1198058, 20, T:4, 0.932, 1.539
2026-02-19 12:15:05,947 - INFO - mp-1197792, 8, O:6, 1.000, 3.066
2026-02-19 12:15:05,983 - INFO - mp-1197792, 16, O:6, 1.000, 0.682
2026-02-19 12:15:06,019 - INFO - mp-1197792, 24, O:6, 1.000, 2.340
2026-02-19 12:15:06,271 - INFO - mp-1197601, 5, O:6, 1.000, 0.308
2026-02-19 12:15:06,297 - INFO - mp-1197601, 7, O:6, 1.000, 0.990
2026-02-19 12:15:06,322 - INFO - mp-1197601, 9, O:6, 1.000, 1.232
2026-02-19 12:15:06,346 - INFO - mp-1197601, 11, O:6, 1.000, 0.206
2026-02-19 12:15:06,564 - INFO - mp-1198093, 16, O:6, 1.000, 2.193
2026-02-19 12:15:08,525 - ERROR - No coordination environment symbols available for mp-1198179 and index 8.
2026-02-19 12:15:08,541 - INFO - mp-1198179, 24, S:4, 1.000, 2.427
2026-02-19 12:15:08,550 - ERROR - No coordination environment symbols available for mp-1198179 and index 28.
2026-02-19 12:15:09,791 - INFO - mp-1197776, 0, O:6, 1.000, 0.539
2026-02-19 12:15:10,059 - ERROR - No coordination environment symbols available for mp-1198327 and index 8.
2026-02-19 12:15:10,059 - ERROR - No coordination environment symbols available for mp-1198327 and index 24.
2026-02-19 12:15:10,076 - INFO - mp-1198327, 40, T:4, 1.000, 6.660
2026-02-19 12:15:10,084 - ERROR - No coordination environment symbols available for mp-1198327 and index 48.
2026-02-19 12:15:10,100 - INFO - mp-1198327, 56, S:4, 1.000, 2.858
2026-02-19 12:15:10,107 - ERROR - No coordination environment symbols available for mp-1198327 and index 60.
2026-02-19 12:15:10,567 - INFO - mp-1198160, 12, O:6, 1.000, 0.096
2026-02-19 12:15:10,627 - INFO - mp-1198168, 0, O:6, 1.000, 1.718
2026-02-19 12:15:10,649 - INFO - mp-1198168, 4, O:6, 1.000, 2.412
2026-02-19 12:15:10,671 - INFO - mp-1198168, 8, O:6, 0.999, 4.808
2026-02-19 12:15:11,570 - INFO - mp-1198335, 24, T:5, 1.000, 7.726
2026-02-19 12:15:11,580 - ERROR - No coordination environment symbols available for mp-1198335 and index 40.
2026-02-19 12:15:11,597 - INFO - mp-1198335, 56, T:5, 1.000, 7.726
2026-02-19 12:15:11,606 - ERROR - No coordination environment symbols available for mp-1198335 and index 72.
2026-02-19 12:15:12,597 - INFO - mp-1198334, 4, O:6, 1.000, 0.070
2026-02-19 12:15:13,202 - INFO - mp-1198118, 0, O:6, 1.000, 0.495
2026-02-19 12:15:14,492 - INFO - mp-1198376, 20, O:6, 1.000, 0.050
2026-02-19 12:15:15,029 - INFO - mp-1198345, 0, O:6, 1.000, 2.219
2026-02-19 12:15:15,059 - INFO - mp-1198345, 8, O:6, 1.000, 2.009
2026-02-19 12:15:15,089 - INFO - mp-1198345, 16, O:6, 1.000, 1.484
2026-02-19 12:15:15,328 - ERROR - No coordination environment symbols available for mp-1198402 and index 8.
2026-02-19 12:15:15,328 - ERROR - No coordination environment symbols available for mp-1198402 and index 24.
2026-02-19 12:15:15,345 - INFO - mp-1198402, 40, T:4, 1.000, 6.714
2026-02-19 12:15:15,353 - ERROR - No coordination environment symbols available for mp-1198402 and index 48.
2026-02-19 12:15:15,369 - INFO - mp-1198402, 56, S:4, 1.000, 2.933
2026-02-19 12:15:15,377 - ERROR - No coordination environment symbols available for mp-1198402 and index 60.
2026-02-19 12:15:16,123 - INFO - mp-1198352, 12, O:6, 1.000, 0.558
2026-02-19 12:15:16,140 - ERROR - mp-1198378, maximum energy too large
2026-02-19 12:15:16,140 - ERROR - mp-1198378, maximum energy too large
2026-02-19 12:15:16,579 - INFO - mp-1198412, 4, O:6, 1.000, 0.010
2026-02-19 12:15:17,546 - INFO - mp-1198430, 24, T:5, 1.000, 7.879
2026-02-19 12:15:17,556 - ERROR - No coordination environment symbols available for mp-1198430 and index 40.
2026-02-19 12:15:17,571 - INFO - mp-1198430, 56, T:5, 1.000, 7.879
2026-02-19 12:15:17,581 - ERROR - No coordination environment symbols available for mp-1198430 and index 72.
2026-02-19 12:15:18,029 - INFO - mp-1198504, 0, O:6, 1.000, 0.021
2026-02-19 12:15:18,048 - INFO - mp-1198504, 4, O:6, 1.000, 1.036
2026-02-19 12:15:19,239 - INFO - mp-1198475, 36, T:5, 1.000, 7.873
2026-02-19 12:15:19,244 - ERROR - No coordination environment symbols available for mp-1198475 and index 40.
2026-02-19 12:15:19,313 - ERROR - No coordination environment symbols available for mp-1198423 and index 6.
2026-02-19 12:15:19,314 - ERROR - No coordination environment symbols available for mp-1198423 and index 14.
2026-02-19 12:15:19,314 - ERROR - No coordination environment symbols available for mp-1198423 and index 22.
2026-02-19 12:15:19,314 - ERROR - No coordination environment symbols available for mp-1198423 and index 30.
2026-02-19 12:15:19,314 - ERROR - No coordination environment symbols available for mp-1198423 and index 38.
2026-02-19 12:15:19,314 - ERROR - No coordination environment symbols available for mp-1198423 and index 42.
2026-02-19 12:15:19,314 - ERROR - No coordination environment symbols available for mp-1198423 and index 46.
2026-02-19 12:15:19,314 - ERROR - No coordination environment symbols available for mp-1198423 and index 50.
2026-02-19 12:15:19,314 - ERROR - No coordination environment symbols available for mp-1198423 and index 54.
2026-02-19 12:15:19,314 - ERROR - No coordination environment symbols available for mp-1198423 and index 58.
2026-02-19 12:15:19,314 - ERROR - No coordination environment symbols available for mp-1198423 and index 62.
2026-02-19 12:15:19,698 - INFO - mp-1198585, 24, T:5, 1.000, 7.747
2026-02-19 12:15:19,724 - INFO - mp-1198585, 40, T:6, 1.000, 4.954
2026-02-19 12:15:19,749 - INFO - mp-1198585, 56, T:5, 1.000, 7.747
2026-02-19 12:15:19,774 - INFO - mp-1198585, 72, T:6, 1.000, 4.954
2026-02-19 12:15:20,882 - ERROR - No coordination environment symbols available for mp-1198610 and index 16.
2026-02-19 12:15:22,672 - INFO - mp-1198676, 16, T:4, 1.000, 0.055
2026-02-19 12:15:23,974 - ERROR - No coordination environment symbols available for mp-1198821 and index 24.
2026-02-19 12:15:23,975 - ERROR - No coordination environment symbols available for mp-1198821 and index 40.
2026-02-19 12:15:23,975 - ERROR - No coordination environment symbols available for mp-1198821 and index 56.
2026-02-19 12:15:23,975 - ERROR - No coordination environment symbols available for mp-1198821 and index 72.
2026-02-19 12:15:25,685 - INFO - mp-1198559, 0, O:6, 1.000, 0.106
2026-02-19 12:15:25,712 - INFO - mp-1198559, 2, O:6, 1.000, 0.119
2026-02-19 12:15:25,783 - INFO - mp-1198805, 0, O:6, 1.000, 0.016
2026-02-19 12:15:26,002 - INFO - mp-1198303, 1, O:6, 1.000, 0.198
2026-02-19 12:15:26,024 - INFO - mp-1198303, 2, O:6, 1.000, 0.226
2026-02-19 12:15:26,045 - INFO - mp-1198303, 3, O:6, 1.000, 0.262
2026-02-19 12:15:26,067 - INFO - mp-1198303, 4, O:6, 1.000, 0.326
2026-02-19 12:15:26,089 - INFO - mp-1198303, 5, T:4, 1.000, 0.059
2026-02-19 12:15:26,110 - INFO - mp-1198303, 6, T:4, 1.000, 0.038
2026-02-19 12:15:26,132 - INFO - mp-1198303, 7, T:4, 1.000, 0.018
2026-02-19 12:15:26,153 - INFO - mp-1198303, 8, T:4, 0.979, 0.030
2026-02-19 12:15:26,174 - INFO - mp-1198303, 9, O:6, 1.000, 0.202
2026-02-19 12:15:26,196 - INFO - mp-1198303, 10, O:6, 1.000, 0.230
2026-02-19 12:15:26,217 - INFO - mp-1198303, 11, O:6, 1.000, 0.109
2026-02-19 12:15:26,239 - INFO - mp-1198303, 12, O:6, 1.000, 0.385
2026-02-19 12:15:26,260 - INFO - mp-1198303, 13, T:4, 0.970, 0.019
2026-02-19 12:15:26,281 - INFO - mp-1198303, 14, T:4, 1.000, 0.020
2026-02-19 12:15:26,303 - INFO - mp-1198303, 15, O:6, 1.000, 0.247
2026-02-19 12:15:26,324 - INFO - mp-1198303, 16, T:4, 1.000, 0.038
2026-02-19 12:15:26,514 - INFO - mp-1198664, 16, T:5, 0.993, 0.663
2026-02-19 12:15:28,679 - INFO - mp-1198461, 80, O:6, 1.000, 0.779
2026-02-19 12:15:28,700 - INFO - mp-1198856, 4, O:6, 1.000, 0.073
2026-02-19 12:15:28,736 - INFO - mp-1198461, 88, O:6, 1.000, 0.394
2026-02-19 12:15:28,792 - INFO - mp-1198461, 92, O:6, 1.000, 0.327
2026-02-19 12:15:29,310 - INFO - mp-1198915, 0, O:6, 1.000, 1.803
2026-02-19 12:15:29,331 - INFO - mp-1198915, 2, O:6, 1.000, 0.168
2026-02-19 12:15:29,890 - INFO - mp-1198666, 8, O:6, 1.000, 0.662
2026-02-19 12:15:29,913 - INFO - mp-1198666, 10, T:5, 1.000, 0.327
2026-02-19 12:15:29,935 - INFO - mp-1198666, 12, T:5, 1.000, 0.126
2026-02-19 12:15:30,162 - INFO - mp-1198947, 0, O:6, 1.000, 1.346
2026-02-19 12:15:30,269 - INFO - mp-1199046, 4, O:6, 1.000, 0.058
2026-02-19 12:15:30,600 - INFO - mp-1199045, 3, O:6, 1.000, 1.365
2026-02-19 12:15:30,622 - INFO - mp-1199045, 9, O:6, 1.000, 1.017
2026-02-19 12:15:31,984 - INFO - mp-1198984, 0, O:6, 1.000, 1.796
2026-02-19 12:15:31,990 - INFO - mp-1199047, 0, O:6, 1.000, 0.408
2026-02-19 12:15:32,005 - INFO - mp-1198984, 2, S:5, 0.742, 1.151
2026-02-19 12:15:32,024 - INFO - mp-1198984, 4, O:6, 1.000, 1.022
2026-02-19 12:15:32,201 - INFO - mp-1199097, 12, O:6, 1.000, 4.495
2026-02-19 12:15:32,228 - INFO - mp-1199097, 20, O:6, 1.000, 4.123
2026-02-19 12:15:33,671 - INFO - mp-1199147, 36, T:4, 1.000, 3.770
2026-02-19 12:15:33,684 - INFO - mp-1199200, 0, O:6, 1.000, 0.539
2026-02-19 12:15:33,696 - INFO - mp-1199147, 40, T:4, 1.000, 0.003
2026-02-19 12:15:33,704 - INFO - mp-1199200, 4, O:6, 1.000, 1.113
2026-02-19 12:15:34,630 - INFO - mp-1199146, 8, S:5, 1.000, 0.013
2026-02-19 12:15:34,652 - INFO - mp-1199146, 10, O:6, 1.000, 0.018
2026-02-19 12:15:34,674 - INFO - mp-1199146, 12, O:6, 1.000, 0.018
2026-02-19 12:15:35,349 - INFO - mp-1199228, 0, O:6, 1.000, 0.455
2026-02-19 12:15:35,373 - INFO - mp-1199228, 4, O:6, 1.000, 1.811
2026-02-19 12:15:35,448 - INFO - mp-1199267, 8, O:6, 1.000, 2.636
2026-02-19 12:15:37,183 - ERROR - No coordination environment symbols available for mp-1199281 and index 8.
2026-02-19 12:15:37,199 - INFO - mp-1199281, 24, S:4, 1.000, 2.176
2026-02-19 12:15:37,207 - ERROR - No coordination environment symbols available for mp-1199281 and index 28.
2026-02-19 12:15:38,522 - INFO - mp-1199115, 0, O:6, 1.000, 0.146
2026-02-19 12:15:38,548 - INFO - mp-1199115, 4, O:6, 1.000, 0.343
2026-02-19 12:15:38,716 - INFO - mp-1199430, 12, O:6, 1.000, 3.625
2026-02-19 12:15:38,723 - ERROR - No coordination environment symbols available for mp-1199430 and index 20.
2026-02-19 12:15:38,824 - INFO - mp-1199199, 12, O:6, 1.000, 0.173
2026-02-19 12:15:38,850 - INFO - mp-1199199, 14, O:6, 1.000, 0.651
2026-02-19 12:15:39,488 - INFO - mp-1199393, 36, T:5, 1.000, 7.771
2026-02-19 12:15:39,494 - ERROR - No coordination environment symbols available for mp-1199393 and index 40.
2026-02-19 12:15:40,236 - INFO - mp-1199365, 0, O:6, 1.000, 1.048
2026-02-19 12:15:41,306 - INFO - mp-1199438, 4, O:6, 1.000, 0.159
2026-02-19 12:15:41,504 - ERROR - No coordination environment symbols available for mp-1199551 and index 10.
2026-02-19 12:15:41,505 - ERROR - No coordination environment symbols available for mp-1199551 and index 22.
2026-02-19 12:15:41,521 - INFO - mp-1199551, 34, T:4, 1.000, 0.207
2026-02-19 12:15:42,227 - INFO - mp-1199538, 8, O:6, 1.000, 1.356
2026-02-19 12:15:42,764 - INFO - mp-1199521, 24, O:6, 1.000, 4.898
2026-02-19 12:15:42,791 - INFO - mp-1199521, 32, O:6, 1.000, 3.925
2026-02-19 12:15:42,818 - INFO - mp-1199521, 40, O:6, 1.000, 3.923
2026-02-19 12:15:43,010 - INFO - mp-1199561, 0, O:6, 1.000, 3.351
2026-02-19 12:15:43,030 - INFO - mp-1199561, 4, O:6, 1.000, 0.455
2026-02-19 12:15:43,291 - INFO - mp-1199591, 24, T:5, 1.000, 7.927
2026-02-19 12:15:43,300 - ERROR - No coordination environment symbols available for mp-1199591 and index 40.
2026-02-19 12:15:43,317 - INFO - mp-1199591, 56, T:5, 1.000, 7.927
2026-02-19 12:15:43,326 - ERROR - No coordination environment symbols available for mp-1199591 and index 72.
2026-02-19 12:15:43,736 - INFO - mp-1199432, 2, O:6, 1.000, 0.089
2026-02-19 12:15:45,177 - ERROR - No coordination environment symbols available for mp-1199650 and index 8.
2026-02-19 12:15:45,177 - ERROR - No coordination environment symbols available for mp-1199650 and index 24.
2026-02-19 12:15:45,177 - ERROR - No coordination environment symbols available for mp-1199650 and index 40.
2026-02-19 12:15:45,177 - ERROR - No coordination environment symbols available for mp-1199650 and index 48.
2026-02-19 12:15:45,193 - INFO - mp-1199650, 56, S:4, 1.000, 2.718
2026-02-19 12:15:45,201 - ERROR - No coordination environment symbols available for mp-1199650 and index 60.
2026-02-19 12:15:46,301 - INFO - mp-1199661, 24, O:6, 0.832, 3.807
2026-02-19 12:15:48,148 - INFO - mp-1199883, 8, O:6, 1.000, 2.861
2026-02-19 12:15:49,331 - INFO - mp-1199675, 0, O:6, 1.000, 0.552
2026-02-19 12:15:49,834 - INFO - mp-1199904, 0, O:6, 1.000, 0.746
2026-02-19 12:15:49,854 - INFO - mp-1199904, 4, O:6, 1.000, 1.099
2026-02-19 12:15:51,840 - INFO - mp-1199719, 24, O:6, 1.000, 0.483
2026-02-19 12:15:51,872 - INFO - mp-1199719, 32, O:6, 1.000, 0.465
2026-02-19 12:15:52,161 - INFO - mp-1199680, 48, O:6, 1.000, 0.576
2026-02-19 12:15:52,195 - INFO - mp-1199680, 56, O:6, 1.000, 0.576
2026-02-19 12:15:52,235 - INFO - mp-1199236, 3, T:4, 1.000, 0.062
2026-02-19 12:15:52,257 - INFO - mp-1199236, 4, O:6, 1.000, 0.395
2026-02-19 12:15:52,279 - INFO - mp-1199236, 5, O:6, 1.000, 0.295
2026-02-19 12:15:52,291 - INFO - mp-1199946, 8, T:4, 0.996, 0.106
2026-02-19 12:15:52,300 - INFO - mp-1199236, 6, T:4, 1.000, 0.106
2026-02-19 12:15:52,321 - INFO - mp-1199236, 7, O:6, 1.000, 0.311
2026-02-19 12:15:52,343 - INFO - mp-1199236, 8, O:6, 1.000, 0.212
2026-02-19 12:15:52,364 - INFO - mp-1199236, 9, T:4, 0.982, 0.030
2026-02-19 12:15:52,385 - INFO - mp-1199236, 10, O:6, 1.000, 0.415
2026-02-19 12:15:52,407 - INFO - mp-1199236, 11, O:6, 1.000, 0.495
2026-02-19 12:15:52,428 - INFO - mp-1199236, 12, O:6, 1.000, 0.173
2026-02-19 12:15:52,449 - INFO - mp-1199236, 13, T:4, 1.000, 0.099
2026-02-19 12:15:52,470 - INFO - mp-1199236, 14, T:4, 1.000, 0.185
2026-02-19 12:15:52,491 - INFO - mp-1199236, 15, O:6, 1.000, 0.250
2026-02-19 12:15:52,513 - INFO - mp-1199236, 16, O:6, 1.000, 0.334
2026-02-19 12:15:52,534 - INFO - mp-1199236, 17, O:6, 1.000, 0.394
2026-02-19 12:15:52,555 - INFO - mp-1199236, 18, O:6, 1.000, 0.475
2026-02-19 12:15:52,812 - ERROR - No coordination environment symbols available for mp-1199758 and index 0.
2026-02-19 12:15:52,930 - INFO - mp-1199952, 28, T:5, 1.000, 7.964
2026-02-19 12:15:52,940 - ERROR - No coordination environment symbols available for mp-1199952 and index 44.
2026-02-19 12:15:52,956 - INFO - mp-1199952, 60, T:5, 1.000, 7.964
2026-02-19 12:15:52,965 - ERROR - No coordination environment symbols available for mp-1199952 and index 76.
2026-02-19 12:15:54,914 - INFO - mp-1199909, 0, O:6, 0.927, 4.192
2026-02-19 12:15:54,934 - INFO - mp-1199909, 2, S:5, 0.548, 4.677
2026-02-19 12:15:54,954 - INFO - mp-1199909, 4, O:6, 0.995, 4.215
2026-02-19 12:15:55,479 - INFO - mp-1199640, 0, O:6, 1.000, 0.201
2026-02-19 12:15:55,504 - INFO - mp-1199640, 2, O:6, 1.000, 0.420
2026-02-19 12:15:57,130 - INFO - mp-1199970, 4, O:6, 1.000, 0.340
2026-02-19 12:15:57,544 - INFO - mp-1200007, 8, O:6, 1.000, 0.409
2026-02-19 12:15:57,566 - INFO - mp-1200007, 12, O:6, 1.000, 0.689
2026-02-19 12:15:57,668 - INFO - mp-1200024, 0, O:6, 1.000, 1.327
2026-02-19 12:15:57,696 - INFO - mp-1200024, 3, O:6, 0.975, 3.338
2026-02-19 12:15:57,918 - INFO - mp-1200037, 24, O:6, 0.965, 3.148
2026-02-19 12:15:58,543 - INFO - mp-1200053, 4, T:4, 1.000, 0.032
2026-02-19 12:15:58,563 - INFO - mp-1200053, 8, S:5, 0.996, 1.236
2026-02-19 12:15:58,582 - INFO - mp-1200053, 12, T:4, 0.761, 0.465
2026-02-19 12:15:58,601 - INFO - mp-1200053, 16, T:4, 1.000, 0.294
2026-02-19 12:15:58,621 - INFO - mp-1200053, 20, T:4, 1.000, 0.153
2026-02-19 12:15:59,842 - INFO - mp-1200031, 4, O:6, 1.000, 0.228
2026-02-19 12:15:59,867 - INFO - mp-1200031, 6, O:6, 1.000, 1.730
2026-02-19 12:16:00,617 - INFO - mp-1200063, 8, T:5, 0.999, 0.334
2026-02-19 12:16:00,785 - INFO - mp-1199975, 12, O:6, 1.000, 0.147
2026-02-19 12:16:00,812 - INFO - mp-1199975, 14, O:6, 1.000, 0.495
2026-02-19 12:16:01,812 - INFO - mp-1200149, 4, O:6, 1.000, 1.774
2026-02-19 12:16:01,888 - INFO - mp-1200109, 4, O:6, 1.000, 1.382
2026-02-19 12:16:01,911 - INFO - mp-1200109, 8, O:6, 1.000, 0.404
2026-02-19 12:16:02,023 - INFO - mp-1200054, 16, O:6, 1.000, 0.616
2026-02-19 12:16:02,047 - INFO - mp-1200054, 20, O:6, 1.000, 0.719
2026-02-19 12:16:02,274 - INFO - mp-1200246, 8, O:6, 1.000, 5.017
2026-02-19 12:16:02,294 - INFO - mp-1200246, 16, T:4, 1.000, 0.792
2026-02-19 12:16:02,849 - ERROR - No coordination environment symbols available for mp-1200240 and index 4.
2026-02-19 12:16:02,865 - INFO - mp-1200240, 16, S:5, 1.000, 6.461
2026-02-19 12:16:02,871 - ERROR - No coordination environment symbols available for mp-1200240 and index 28.
2026-02-19 12:16:02,871 - ERROR - No coordination environment symbols available for mp-1200240 and index 34.
2026-02-19 12:16:04,198 - INFO - mp-1200218, 4, O:6, 1.000, 1.019
2026-02-19 12:16:04,221 - INFO - mp-1200218, 8, O:6, 1.000, 0.518
2026-02-19 12:16:05,208 - INFO - mp-1200263, 16, T:4, 1.000, 0.070
2026-02-19 12:16:05,241 - INFO - mp-1200394, 0, O:6, 1.000, 0.021
2026-02-19 12:16:05,268 - INFO - mp-1200394, 3, O:6, 1.000, 0.030
2026-02-19 12:16:06,247 - ERROR - No coordination environment symbols available for mp-1200402 and index 22.
2026-02-19 12:16:06,834 - ERROR - No coordination environment symbols available for mp-1200417 and index 4.
2026-02-19 12:16:06,850 - INFO - mp-1200417, 16, T:6, 1.000, 6.631
2026-02-19 12:16:06,855 - ERROR - No coordination environment symbols available for mp-1200417 and index 28.
2026-02-19 12:16:07,423 - INFO - mp-1200387, 8, O:6, 1.000, 1.389
2026-02-19 12:16:07,685 - INFO - mp-1200375, 0, O:6, 1.000, 0.190
2026-02-19 12:16:09,184 - INFO - mp-1200389, 0, O:6, 0.986, 3.276
2026-02-19 12:16:09,215 - INFO - mp-1200389, 8, O:6, 0.994, 3.116
2026-02-19 12:16:09,246 - INFO - mp-1200389, 16, O:6, 0.999, 3.560
2026-02-19 12:16:09,274 - INFO - mp-1200485, 24, T:5, 1.000, 7.768
2026-02-19 12:16:09,277 - INFO - mp-1200389, 24, O:6, 1.000, 0.305
2026-02-19 12:16:09,284 - ERROR - No coordination environment symbols available for mp-1200485 and index 40.
2026-02-19 12:16:09,300 - INFO - mp-1200485, 56, T:5, 1.000, 7.768
2026-02-19 12:16:09,310 - ERROR - No coordination environment symbols available for mp-1200485 and index 72.
2026-02-19 12:16:10,409 - INFO - mp-1200585, 8, O:6, 1.000, 4.826
2026-02-19 12:16:10,434 - INFO - mp-1200585, 16, T:4, 1.000, 0.911
2026-02-19 12:16:10,485 - INFO - mp-1200519, 4, T:4, 1.000, 0.032
2026-02-19 12:16:10,506 - INFO - mp-1200519, 8, S:5, 0.996, 1.259
2026-02-19 12:16:10,525 - INFO - mp-1200519, 12, T:4, 0.750, 0.488
2026-02-19 12:16:10,545 - INFO - mp-1200519, 16, T:4, 1.000, 0.313
2026-02-19 12:16:10,565 - INFO - mp-1200519, 20, T:4, 1.000, 0.195
2026-02-19 12:16:11,357 - INFO - mp-1200464, 0, O:6, 1.000, 1.591
2026-02-19 12:16:11,379 - INFO - mp-1200464, 4, O:6, 1.000, 0.671
2026-02-19 12:16:11,402 - INFO - mp-1200464, 8, O:6, 1.000, 1.171
2026-02-19 12:16:11,629 - INFO - mp-1200525, 8, O:6, 1.000, 0.435
2026-02-19 12:16:11,872 - ERROR - No coordination environment symbols available for mp-1200648 and index 10.
2026-02-19 12:16:11,872 - ERROR - No coordination environment symbols available for mp-1200648 and index 22.
2026-02-19 12:16:11,888 - INFO - mp-1200648, 34, T:4, 1.000, 0.212
2026-02-19 12:16:12,502 - ERROR - No coordination environment symbols available for mp-1200676 and index 8.
2026-02-19 12:16:12,502 - ERROR - No coordination environment symbols available for mp-1200676 and index 16.
2026-02-19 12:16:12,502 - ERROR - No coordination environment symbols available for mp-1200676 and index 24.
2026-02-19 12:16:12,502 - ERROR - No coordination environment symbols available for mp-1200676 and index 32.
2026-02-19 12:16:13,049 - INFO - mp-1200426, 4, O:6, 1.000, 0.596
2026-02-19 12:16:13,069 - INFO - mp-1200426, 6, O:6, 1.000, 0.624
2026-02-19 12:16:14,425 - INFO - mp-1200159, 1, O:6, 1.000, 0.117
2026-02-19 12:16:14,451 - INFO - mp-1200159, 3, O:6, 1.000, 0.372
2026-02-19 12:16:14,555 - INFO - mp-1200689, 2, O:6, 1.000, 0.058
2026-02-19 12:16:15,060 - ERROR - No coordination environment symbols available for mp-1200780 and index 8.
2026-02-19 12:16:15,060 - ERROR - No coordination environment symbols available for mp-1200780 and index 24.
2026-02-19 12:16:15,060 - ERROR - No coordination environment symbols available for mp-1200780 and index 40.
2026-02-19 12:16:15,060 - ERROR - No coordination environment symbols available for mp-1200780 and index 48.
2026-02-19 12:16:15,077 - INFO - mp-1200780, 56, S:4, 1.000, 2.680
2026-02-19 12:16:15,085 - ERROR - No coordination environment symbols available for mp-1200780 and index 60.
2026-02-19 12:16:15,863 - ERROR - No coordination environment symbols available for mp-1200833 and index 22.
2026-02-19 12:16:16,907 - INFO - mp-1200863, 0, O:6, 1.000, 0.614
2026-02-19 12:16:17,317 - INFO - mp-1200872, 12, T:4, 1.000, 1.062
2026-02-19 12:16:17,343 - INFO - mp-1200872, 14, S:4, 1.000, 0.000
2026-02-19 12:16:18,131 - INFO - mp-1200902, 8, T:4, 1.000, 0.822
2026-02-19 12:16:18,152 - INFO - mp-1200902, 16, O:6, 1.000, 0.228
2026-02-19 12:16:18,274 - INFO - mp-1200877, 4, T:4, 1.000, 0.034
2026-02-19 12:16:18,294 - INFO - mp-1200877, 8, S:5, 0.996, 1.291
2026-02-19 12:16:18,313 - INFO - mp-1200877, 12, T:4, 0.752, 0.488
2026-02-19 12:16:18,334 - INFO - mp-1200877, 16, T:4, 1.000, 0.304
2026-02-19 12:16:18,353 - INFO - mp-1200877, 20, T:4, 1.000, 0.200
2026-02-19 12:16:19,064 - INFO - mp-1200999, 8, O:6, 1.000, 2.594
2026-02-19 12:16:19,234 - INFO - mp-1200792, 0, T:5, 1.000, 0.519
2026-02-19 12:16:19,559 - INFO - mp-1200723, 0, O:6, 1.000, 0.047
2026-02-19 12:16:20,252 - INFO - mp-1201003, 16, T:4, 1.000, 1.752
2026-02-19 12:16:20,825 - INFO - mp-1201016, 36, T:4, 1.000, 2.976
2026-02-19 12:16:20,854 - INFO - mp-1201016, 40, T:4, 1.000, 0.071
2026-02-19 12:16:21,182 - INFO - mp-1200819, 8, T:4, 1.000, 0.622
2026-02-19 12:16:21,203 - INFO - mp-1200819, 10, T:4, 1.000, 0.583
2026-02-19 12:16:23,176 - INFO - mp-1201019, 0, T:5, 0.736, 2.302
2026-02-19 12:16:23,413 - INFO - mp-1201072, 8, O:6, 1.000, 0.213
2026-02-19 12:16:24,539 - INFO - mp-1201079, 4, T:4, 1.000, 0.058
2026-02-19 12:16:24,565 - INFO - mp-1201079, 8, S:5, 0.994, 1.470
2026-02-19 12:16:24,587 - INFO - mp-1201086, 0, O:6, 1.000, 1.133
2026-02-19 12:16:24,590 - INFO - mp-1201079, 12, T:4, 0.750, 0.421
2026-02-19 12:16:24,595 - ERROR - No coordination environment symbols available for mp-1201079 and index 16.
2026-02-19 12:16:24,616 - INFO - mp-1201079, 20, T:6, 1.000, 7.437
2026-02-19 12:16:25,021 - INFO - mp-1201023, 12, O:6, 1.000, 0.015
2026-02-19 12:16:26,050 - INFO - mp-1201036, 8, O:6, 1.000, 0.571
2026-02-19 12:16:26,075 - INFO - mp-1201036, 12, O:6, 1.000, 0.579
2026-02-19 12:16:26,561 - INFO - mp-1201095, 0, O:6, 1.000, 0.024
2026-02-19 12:16:26,841 - INFO - mp-1201021, 0, T:5, 0.981, 2.968
2026-02-19 12:16:26,862 - INFO - mp-1201021, 2, S:5, 0.880, 1.791
2026-02-19 12:16:26,882 - INFO - mp-1201021, 4, S:5, 0.504, 1.354
2026-02-19 12:16:26,990 - ERROR - No coordination environment symbols available for mp-1201074 and index 17.
2026-02-19 12:16:26,990 - ERROR - No coordination environment symbols available for mp-1201074 and index 19.
2026-02-19 12:16:27,005 - INFO - mp-1201074, 21, T:4, 1.000, 6.938
2026-02-19 12:16:27,009 - ERROR - No coordination environment symbols available for mp-1201074 and index 23.
2026-02-19 12:16:27,009 - ERROR - No coordination environment symbols available for mp-1201074 and index 25.
2026-02-19 12:16:27,009 - ERROR - No coordination environment symbols available for mp-1201074 and index 27.
2026-02-19 12:16:27,009 - ERROR - No coordination environment symbols available for mp-1201074 and index 29.
2026-02-19 12:16:27,009 - ERROR - No coordination environment symbols available for mp-1201074 and index 30.
2026-02-19 12:16:28,232 - INFO - mp-1201203, 30, O:6, 1.000, 0.026
2026-02-19 12:16:28,268 - INFO - mp-1201193, 4, T:4, 1.000, 0.033
2026-02-19 12:16:28,288 - INFO - mp-1201193, 8, S:5, 0.996, 1.236
2026-02-19 12:16:28,305 - WARNING - /home/esrf/retegan/.conda/envs/xasml/lib/python3.12/site-packages/pymatgen/io/cif.py:1304: UserWarning: Issues encountered while parsing CIF: 18 fractional coordinates rounded to ideal values to avoid issues with finite precision.
  warnings.warn("Issues encountered while parsing CIF: " + "\n".join(self.warnings))

2026-02-19 12:16:28,308 - INFO - mp-1201193, 12, T:4, 0.758, 0.461
2026-02-19 12:16:28,327 - INFO - mp-1201193, 16, T:4, 1.000, 0.284
2026-02-19 12:16:28,347 - INFO - mp-1201193, 20, T:4, 1.000, 0.153
2026-02-19 12:16:29,092 - INFO - mp-1201149, 0, O:6, 1.000, 0.635
2026-02-19 12:16:31,849 - INFO - mp-1201347, 36, T:5, 1.000, 7.780
2026-02-19 12:16:31,855 - ERROR - No coordination environment symbols available for mp-1201347 and index 40.
2026-02-19 12:16:32,466 - INFO - mp-1201180, 2, S:5, 0.999, 0.808
2026-02-19 12:16:32,486 - INFO - mp-1201180, 4, S:5, 0.984, 0.965
2026-02-19 12:16:32,540 - INFO - mp-1201249, 2, O:6, 1.000, 0.174
2026-02-19 12:16:32,893 - INFO - mp-1201412, 20, T:4, 0.963, 0.026
2026-02-19 12:16:32,956 - INFO - mp-1201269, 8, O:6, 1.000, 1.743
2026-02-19 12:16:34,018 - INFO - mp-1201424, 0, T:5, 0.816, 2.121
2026-02-19 12:16:36,288 - INFO - mp-1201346, 4, O:6, 1.000, 0.095
2026-02-19 12:16:37,219 - INFO - mp-1201518, 6, O:6, 1.000, 0.197
2026-02-19 12:16:37,241 - INFO - mp-1201518, 10, O:6, 1.000, 0.136
2026-02-19 12:16:37,262 - INFO - mp-1201518, 14, O:6, 1.000, 0.167
2026-02-19 12:16:37,617 - INFO - mp-1201385, 6, O:6, 1.000, 0.282
2026-02-19 12:16:37,649 - INFO - mp-1201385, 18, O:6, 1.000, 0.294
2026-02-19 12:16:37,681 - INFO - mp-1201385, 30, O:6, 1.000, 0.329
2026-02-19 12:16:37,713 - INFO - mp-1201385, 34, T:4, 1.000, 0.049
2026-02-19 12:16:37,744 - INFO - mp-1201385, 38, O:6, 1.000, 0.441
2026-02-19 12:16:37,776 - INFO - mp-1201385, 42, T:4, 1.000, 0.085
2026-02-19 12:16:37,808 - INFO - mp-1201385, 46, O:6, 1.000, 0.148
2026-02-19 12:16:37,839 - INFO - mp-1201385, 50, T:4, 0.938, 0.011
2026-02-19 12:16:37,871 - INFO - mp-1201385, 54, O:6, 1.000, 0.039
2026-02-19 12:16:37,902 - INFO - mp-1201385, 56, T:5, 1.000, 0.923
2026-02-19 12:16:38,262 - INFO - mp-1201549, 0, O:6, 1.000, 0.600
2026-02-19 12:16:39,121 - INFO - mp-1201533, 36, T:4, 0.780, 0.079
2026-02-19 12:16:39,149 - INFO - mp-1201434, 8, O:6, 1.000, 0.279
2026-02-19 12:16:39,592 - INFO - mp-1201558, 12, O:6, 1.000, 3.820
2026-02-19 12:16:39,614 - INFO - mp-1201558, 20, O:6, 1.000, 3.345
2026-02-19 12:16:40,053 - ERROR - No coordination environment symbols available for mp-1201588 and index 24.
2026-02-19 12:16:40,054 - ERROR - No coordination environment symbols available for mp-1201588 and index 40.
2026-02-19 12:16:40,054 - ERROR - No coordination environment symbols available for mp-1201588 and index 56.
2026-02-19 12:16:40,054 - ERROR - No coordination environment symbols available for mp-1201588 and index 72.
2026-02-19 12:16:40,663 - INFO - mp-1201579, 4, T:5, 0.893, 1.986
2026-02-19 12:16:40,861 - INFO - mp-1201515, 0, O:6, 1.000, 1.395
2026-02-19 12:16:40,887 - INFO - mp-1201515, 2, O:6, 1.000, 2.026
2026-02-19 12:16:40,914 - INFO - mp-1201515, 4, O:6, 0.915, 5.352
2026-02-19 12:16:40,940 - INFO - mp-1201515, 6, O:6, 1.000, 2.906
2026-02-19 12:16:42,165 - INFO - mp-1201612, 16, T:4, 1.000, 0.013
2026-02-19 12:16:42,188 - INFO - mp-1201612, 24, T:4, 1.000, 0.006
2026-02-19 12:16:42,263 - INFO - mp-1201490, 8, T:5, 0.997, 0.555
2026-02-19 12:16:42,285 - INFO - mp-1201490, 10, O:6, 1.000, 0.667
2026-02-19 12:16:42,307 - INFO - mp-1201490, 12, T:5, 1.000, 0.108
2026-02-19 12:16:42,456 - INFO - mp-1201682, 12, O:6, 1.000, 3.880
2026-02-19 12:16:42,463 - ERROR - No coordination environment symbols available for mp-1201682 and index 20.
2026-02-19 12:16:43,607 - INFO - mp-1201709, 0, T:5, 1.000, 7.644
2026-02-19 12:16:44,218 - INFO - mp-1201728, 8, O:6, 1.000, 2.631
2026-02-19 12:16:44,390 - INFO - mp-1201589, 0, O:6, 1.000, 2.407
2026-02-19 12:16:44,409 - INFO - mp-1201589, 2, O:6, 1.000, 1.955
2026-02-19 12:16:44,429 - INFO - mp-1201589, 4, O:6, 1.000, 0.563
2026-02-19 12:16:44,448 - INFO - mp-1201589, 5, O:6, 1.000, 0.599
2026-02-19 12:16:44,931 - INFO - mp-1201743, 0, O:6, 1.000, 1.266
2026-02-19 12:16:44,952 - INFO - mp-1201743, 4, O:6, 1.000, 0.046
2026-02-19 12:16:45,244 - ERROR - No coordination environment symbols available for mp-1201703 and index 6.
2026-02-19 12:16:45,245 - ERROR - No coordination environment symbols available for mp-1201703 and index 22.
2026-02-19 12:16:45,245 - ERROR - No coordination environment symbols available for mp-1201703 and index 30.
2026-02-19 12:16:45,245 - ERROR - No coordination environment symbols available for mp-1201703 and index 38.
2026-02-19 12:16:46,153 - INFO - mp-1201732, 4, O:6, 1.000, 0.025
2026-02-19 12:16:46,313 - ERROR - No coordination environment symbols available for mp-1201794 and index 28.
2026-02-19 12:16:46,313 - ERROR - No coordination environment symbols available for mp-1201794 and index 44.
2026-02-19 12:16:46,313 - ERROR - No coordination environment symbols available for mp-1201794 and index 60.
2026-02-19 12:16:46,313 - ERROR - No coordination environment symbols available for mp-1201794 and index 76.
2026-02-19 12:16:46,655 - INFO - mp-1201769, 28, T:5, 1.000, 7.908
2026-02-19 12:16:46,665 - ERROR - No coordination environment symbols available for mp-1201769 and index 44.
2026-02-19 12:16:46,680 - INFO - mp-1201769, 60, T:5, 1.000, 7.908
2026-02-19 12:16:46,691 - ERROR - No coordination environment symbols available for mp-1201769 and index 76.
2026-02-19 12:16:47,302 - INFO - mp-1201765, 24, S:4, 0.932, 0.156
2026-02-19 12:16:47,335 - INFO - mp-1201765, 42, S:4, 0.932, 0.156
2026-02-19 12:16:47,366 - INFO - mp-1201765, 60, S:4, 0.932, 0.156
2026-02-19 12:16:47,382 - ERROR - No coordination environment symbols available for mp-1201765 and index 69.
2026-02-19 12:16:48,481 - INFO - mp-1201849, 24, T:4, 1.000, 0.749
2026-02-19 12:16:48,515 - INFO - mp-1201849, 48, T:4, 1.000, 0.749
2026-02-19 12:16:49,310 - INFO - mp-1201795, 4, O:6, 1.000, 0.760
2026-02-19 12:16:49,336 - INFO - mp-1201795, 12, O:6, 1.000, 0.760
2026-02-19 12:16:51,203 - INFO - mp-1201833, 0, O:6, 1.000, 0.783
2026-02-19 12:16:51,746 - INFO - mp-1201926, 8, O:6, 1.000, 2.564
2026-02-19 12:16:51,793 - INFO - mp-1201876, 16, T:5, 0.896, 2.464
2026-02-19 12:16:51,816 - INFO - mp-1201876, 20, O:6, 1.000, 2.987
2026-02-19 12:16:52,440 - INFO - mp-1201819, 4, O:6, 1.000, 1.466
2026-02-19 12:16:52,459 - INFO - mp-1201819, 6, O:6, 1.000, 1.523
2026-02-19 12:16:52,479 - INFO - mp-1201819, 8, O:6, 1.000, 1.358
2026-02-19 12:16:52,533 - INFO - mp-1201928, 0, O:6, 1.000, 0.012
2026-02-19 12:16:53,742 - INFO - mp-1202032, 0, O:6, 1.000, 0.422
2026-02-19 12:16:53,896 - INFO - mp-1201707, 0, T:5, 0.997, 0.566
2026-02-19 12:16:53,928 - INFO - mp-1201707, 4, O:6, 1.000, 0.116
2026-02-19 12:16:53,960 - INFO - mp-1201707, 8, T:5, 0.872, 0.876
2026-02-19 12:16:54,914 - INFO - mp-1201977, 0, O:6, 0.999, 2.568
2026-02-19 12:16:55,227 - INFO - mp-1201980, 24, O:6, 1.000, 0.269
2026-02-19 12:16:56,809 - INFO - mp-1201806, 0, T:4, 0.979, 0.274
2026-02-19 12:16:56,884 - INFO - mp-1201978, 0, T:4, 1.000, 0.189
2026-02-19 12:16:56,905 - INFO - mp-1201978, 4, O:6, 1.000, 3.801
2026-02-19 12:16:58,281 - INFO - mp-1202219, 10, O:6, 1.000, 0.215
2026-02-19 12:16:58,301 - INFO - mp-1202219, 14, O:6, 1.000, 0.184
2026-02-19 12:16:58,339 - INFO - mp-1202077, 0, O:6, 1.000, 0.096
2026-02-19 12:16:59,684 - INFO - mp-1202069, 0, O:6, 1.000, 0.022
2026-02-19 12:16:59,706 - INFO - mp-1202069, 4, O:6, 0.969, 3.762
2026-02-19 12:17:00,264 - INFO - mp-1201822, 8, O:6, 1.000, 0.333
2026-02-19 12:17:00,293 - INFO - mp-1201822, 12, O:6, 1.000, 0.293
2026-02-19 12:17:00,321 - INFO - mp-1201822, 16, O:6, 1.000, 0.397
2026-02-19 12:17:00,349 - INFO - mp-1201822, 20, O:6, 1.000, 0.361
2026-02-19 12:17:00,378 - INFO - mp-1201822, 24, O:6, 1.000, 0.333
2026-02-19 12:17:00,406 - INFO - mp-1201822, 28, O:6, 1.000, 0.293
2026-02-19 12:17:00,435 - INFO - mp-1201822, 32, O:6, 1.000, 0.397
2026-02-19 12:17:00,463 - INFO - mp-1201822, 34, O:6, 1.000, 0.403
2026-02-19 12:17:00,492 - INFO - mp-1201822, 36, O:6, 1.000, 0.361
2026-02-19 12:17:00,520 - INFO - mp-1201822, 38, T:4, 0.979, 0.218
2026-02-19 12:17:00,603 - ERROR - No coordination environment symbols available for mp-1202201 and index 6.
2026-02-19 12:17:00,603 - ERROR - No coordination environment symbols available for mp-1202201 and index 22.
2026-02-19 12:17:00,603 - ERROR - No coordination environment symbols available for mp-1202201 and index 30.
2026-02-19 12:17:00,603 - ERROR - No coordination environment symbols available for mp-1202201 and index 38.
2026-02-19 12:17:01,390 - INFO - mp-1202233, 0, O:6, 1.000, 0.648
2026-02-19 12:17:01,677 - INFO - mp-1202238, 8, O:6, 1.000, 0.052
2026-02-19 12:17:01,701 - INFO - mp-1202238, 12, O:6, 1.000, 0.382
2026-02-19 12:17:01,914 - INFO - mp-1202220, 4, O:6, 0.615, 2.731
2026-02-19 12:17:01,938 - INFO - mp-1202220, 12, O:6, 1.000, 3.663
2026-02-19 12:17:01,962 - INFO - mp-1202220, 16, T:5, 0.986, 1.014
2026-02-19 12:17:02,221 - INFO - mp-1202235, 4, O:6, 1.000, 2.656
2026-02-19 12:17:02,239 - INFO - mp-1202235, 6, O:6, 1.000, 2.756
2026-02-19 12:17:04,470 - INFO - mp-1202376, 0, O:6, 1.000, 0.196
2026-02-19 12:17:04,493 - INFO - mp-1202257, 0, O:6, 1.000, 0.203
2026-02-19 12:17:04,508 - INFO - mp-1202411, 0, O:6, 1.000, 1.498
2026-02-19 12:17:04,841 - INFO - mp-1201957, 24, O:6, 1.000, 1.343
2026-02-19 12:17:05,011 - ERROR - No coordination environment symbols available for mp-1202421 and index 28.
2026-02-19 12:17:05,011 - ERROR - No coordination environment symbols available for mp-1202421 and index 44.
2026-02-19 12:17:05,011 - ERROR - No coordination environment symbols available for mp-1202421 and index 60.
2026-02-19 12:17:05,011 - ERROR - No coordination environment symbols available for mp-1202421 and index 76.
2026-02-19 12:17:06,747 - INFO - mp-1202358, 2, O:6, 1.000, 0.071
2026-02-19 12:17:06,767 - INFO - mp-1202358, 3, O:6, 1.000, 0.054
2026-02-19 12:17:07,501 - INFO - mp-1202506, 8, T:4, 0.994, 0.037
2026-02-19 12:17:08,111 - ERROR - No coordination environment symbols available for mp-1202553 and index 24.
2026-02-19 12:17:08,111 - ERROR - No coordination environment symbols available for mp-1202553 and index 40.
2026-02-19 12:17:08,111 - ERROR - No coordination environment symbols available for mp-1202553 and index 56.
2026-02-19 12:17:08,111 - ERROR - No coordination environment symbols available for mp-1202553 and index 72.
2026-02-19 12:17:08,411 - INFO - mp-1202536, 36, T:4, 1.000, 3.313
2026-02-19 12:17:08,440 - INFO - mp-1202536, 40, T:4, 1.000, 0.066
2026-02-19 12:17:10,048 - INFO - mp-1202429, 0, O:6, 1.000, 0.376
2026-02-19 12:17:10,076 - INFO - mp-1202382, 8, S:4, 0.955, 0.001
2026-02-19 12:17:10,105 - INFO - mp-1202382, 10, S:4, 0.955, 0.001
2026-02-19 12:17:12,597 - INFO - mp-1202592, 0, O:6, 1.000, 0.483
2026-02-19 12:17:12,620 - INFO - mp-1202592, 4, O:6, 1.000, 0.980
2026-02-19 12:17:12,970 - INFO - mp-1202613, 36, T:5, 1.000, 7.382
2026-02-19 12:17:12,975 - ERROR - No coordination environment symbols available for mp-1202613 and index 40.
2026-02-19 12:17:13,110 - ERROR - No coordination environment symbols available for mp-1202860 and index 28.
2026-02-19 12:17:13,110 - ERROR - No coordination environment symbols available for mp-1202860 and index 44.
2026-02-19 12:17:13,110 - ERROR - No coordination environment symbols available for mp-1202860 and index 60.
2026-02-19 12:17:13,110 - ERROR - No coordination environment symbols available for mp-1202860 and index 76.
2026-02-19 12:17:13,602 - INFO - mp-1202735, 4, O:6, 1.000, 2.119
2026-02-19 12:17:14,262 - INFO - mp-1202896, 0, O:6, 1.000, 1.101
2026-02-19 12:17:14,999 - INFO - mp-1202481, 0, O:6, 1.000, 0.153
2026-02-19 12:17:15,021 - INFO - mp-1202481, 2, O:6, 1.000, 0.032
2026-02-19 12:17:15,058 - ERROR - No coordination environment symbols available for mp-1202920 and index 28.
2026-02-19 12:17:15,058 - ERROR - No coordination environment symbols available for mp-1202920 and index 44.
2026-02-19 12:17:15,058 - ERROR - No coordination environment symbols available for mp-1202920 and index 60.
2026-02-19 12:17:15,058 - ERROR - No coordination environment symbols available for mp-1202920 and index 76.
2026-02-19 12:17:16,768 - INFO - mp-1202947, 0, O:6, 1.000, 0.771
2026-02-19 12:17:18,114 - INFO - mp-1203126, 24, T:5, 1.000, 7.964
2026-02-19 12:17:18,123 - ERROR - No coordination environment symbols available for mp-1203126 and index 40.
2026-02-19 12:17:18,139 - INFO - mp-1203126, 56, T:5, 1.000, 7.964
2026-02-19 12:17:18,148 - ERROR - No coordination environment symbols available for mp-1203126 and index 72.
2026-02-19 12:17:18,932 - INFO - mp-1203060, 8, O:6, 1.000, 0.131
2026-02-19 12:17:18,977 - WARNING - /home/esrf/retegan/.conda/envs/xasml/lib/python3.12/site-packages/pymatgen/io/cif.py:1304: UserWarning: Issues encountered while parsing CIF: 8 fractional coordinates rounded to ideal values to avoid issues with finite precision.
  warnings.warn("Issues encountered while parsing CIF: " + "\n".join(self.warnings))

2026-02-19 12:17:19,453 - INFO - mp-1202454, 4, O:6, 1.000, 0.180
2026-02-19 12:17:19,479 - INFO - mp-1202454, 6, O:6, 1.000, 0.591
2026-02-19 12:17:19,503 - INFO - mp-1202454, 8, O:6, 1.000, 1.244
2026-02-19 12:17:19,528 - INFO - mp-1202454, 10, O:6, 1.000, 0.237
2026-02-19 12:17:19,786 - INFO - mp-1202900, 78, T:6, 1.000, 4.056
2026-02-19 12:17:19,798 - ERROR - No coordination environment symbols available for mp-1202900 and index 86.
2026-02-19 12:17:19,814 - INFO - mp-1202900, 90, T:6, 1.000, 4.056
2026-02-19 12:17:19,825 - ERROR - No coordination environment symbols available for mp-1202900 and index 94.
2026-02-19 12:17:19,825 - ERROR - No coordination environment symbols available for mp-1202900 and index 98.
2026-02-19 12:17:20,262 - INFO - mp-1203128, 0, O:6, 1.000, 1.818
2026-02-19 12:17:22,781 - INFO - mp-1203127, 0, O:6, 1.000, 0.261
2026-02-19 12:17:22,805 - INFO - mp-1203127, 4, O:6, 1.000, 0.216
2026-02-19 12:17:23,326 - INFO - mp-1202981, 0, O:6, 0.625, 3.350
2026-02-19 12:17:23,356 - INFO - mp-1202981, 4, O:6, 0.595, 3.233
2026-02-19 12:17:23,685 - ERROR - No coordination environment symbols available for mp-1203342 and index 20.
2026-02-19 12:17:23,685 - ERROR - No coordination environment symbols available for mp-1203342 and index 36.
2026-02-19 12:17:23,685 - ERROR - No coordination environment symbols available for mp-1203342 and index 44.
2026-02-19 12:17:23,685 - ERROR - No coordination environment symbols available for mp-1203342 and index 52.
2026-02-19 12:17:23,702 - INFO - mp-1203342, 60, T:4, 1.000, 0.197
2026-02-19 12:17:23,712 - ERROR - No coordination environment symbols available for mp-1203342 and index 68.
2026-02-19 12:17:24,208 - INFO - mp-1203139, 0, O:6, 1.000, 0.053
2026-02-19 12:17:24,461 - INFO - mp-1203339, 16, T:4, 0.939, 0.477
2026-02-19 12:17:24,484 - INFO - mp-1203339, 20, T:4, 0.942, 0.489
2026-02-19 12:17:26,102 - INFO - mp-1203443, 12, O:6, 1.000, 3.737
2026-02-19 12:17:26,124 - INFO - mp-1203443, 20, O:6, 1.000, 3.385
2026-02-19 12:17:26,332 - INFO - mp-1203197, 0, O:6, 1.000, 1.008
2026-02-19 12:17:29,771 - INFO - mp-1203434, 32, O:6, 1.000, 0.685
2026-02-19 12:17:29,807 - INFO - mp-1203434, 40, O:6, 1.000, 0.487
2026-02-19 12:17:29,843 - INFO - mp-1203434, 48, O:6, 1.000, 0.685
2026-02-19 12:17:29,878 - INFO - mp-1203434, 56, O:6, 1.000, 0.487
2026-02-19 12:17:29,913 - INFO - mp-1203434, 60, O:6, 1.000, 0.376
2026-02-19 12:17:30,458 - INFO - mp-1203562, 16, T:4, 1.000, 0.093
2026-02-19 12:17:31,069 - INFO - mp-1202597, 18, O:6, 1.000, 0.128
2026-02-19 12:17:31,106 - INFO - mp-1202597, 20, O:6, 1.000, 0.013
2026-02-19 12:17:31,143 - INFO - mp-1202597, 22, O:6, 1.000, 0.158
2026-02-19 12:17:31,180 - INFO - mp-1202597, 23, O:6, 1.000, 0.007
2026-02-19 12:17:31,508 - INFO - mp-1203609, 0, T:4, 0.966, 0.041
2026-02-19 12:17:33,426 - INFO - mp-1203480, 8, T:5, 0.999, 0.451
2026-02-19 12:17:33,448 - INFO - mp-1203480, 10, O:6, 1.000, 0.665
2026-02-19 12:17:33,470 - INFO - mp-1203480, 12, T:5, 1.000, 0.137
2026-02-19 12:17:33,765 - INFO - mp-1203520, 0, O:6, 1.000, 1.220
2026-02-19 12:17:33,887 - INFO - mp-1203662, 0, O:6, 1.000, 2.265
2026-02-19 12:17:33,908 - INFO - mp-1203662, 2, O:6, 1.000, 0.047
2026-02-19 12:17:35,109 - INFO - mp-1203720, 0, O:6, 1.000, 0.636
2026-02-19 12:17:35,530 - INFO - mp-1203682, 8, O:6, 1.000, 0.206
2026-02-19 12:17:36,725 - INFO - mp-1203466, 4, O:6, 1.000, 0.301
2026-02-19 12:17:36,753 - INFO - mp-1203466, 8, O:6, 1.000, 0.356
2026-02-19 12:17:36,781 - INFO - mp-1203466, 12, T:4, 0.972, 0.143
2026-02-19 12:17:36,809 - INFO - mp-1203466, 16, T:4, 0.980, 0.087
2026-02-19 12:17:36,837 - INFO - mp-1203466, 20, O:6, 1.000, 0.301
2026-02-19 12:17:36,865 - INFO - mp-1203466, 24, O:6, 1.000, 0.356
2026-02-19 12:17:36,893 - INFO - mp-1203466, 26, O:6, 1.000, 0.246
2026-02-19 12:17:36,921 - INFO - mp-1203466, 28, T:4, 0.972, 0.143
2026-02-19 12:17:36,949 - INFO - mp-1203466, 30, O:6, 1.000, 0.237
2026-02-19 12:17:36,978 - INFO - mp-1203466, 32, T:4, 0.980, 0.087
2026-02-19 12:17:37,006 - INFO - mp-1203466, 34, O:6, 1.000, 0.305
2026-02-19 12:17:37,176 - INFO - mp-1203748, 12, O:6, 1.000, 0.527
2026-02-19 12:17:37,417 - INFO - mp-1203752, 4, T:4, 1.000, 0.046
2026-02-19 12:17:37,437 - INFO - mp-1203752, 8, S:5, 0.996, 1.263
2026-02-19 12:17:37,457 - INFO - mp-1203752, 12, T:4, 0.748, 0.508
2026-02-19 12:17:37,478 - INFO - mp-1203752, 16, T:4, 1.000, 0.268
2026-02-19 12:17:37,498 - INFO - mp-1203752, 20, T:4, 1.000, 0.172
2026-02-19 12:17:37,788 - ERROR - No coordination environment symbols available for mp-1203778 and index 8.
2026-02-19 12:17:37,789 - ERROR - No coordination environment symbols available for mp-1203778 and index 20.
2026-02-19 12:17:37,789 - ERROR - No coordination environment symbols available for mp-1203778 and index 32.
2026-02-19 12:17:38,212 - INFO - mp-1203755, 22, T:4, 1.000, 0.430
2026-02-19 12:17:38,237 - INFO - mp-1203755, 38, T:4, 1.000, 0.430
2026-02-19 12:17:38,616 - INFO - mp-1203691, 0, O:6, 1.000, 1.740
2026-02-19 12:17:38,636 - INFO - mp-1203691, 2, O:6, 1.000, 2.676
2026-02-19 12:17:38,657 - INFO - mp-1203691, 4, O:6, 0.772, 5.761
2026-02-19 12:17:38,677 - INFO - mp-1203691, 6, O:6, 1.000, 2.836
2026-02-19 12:17:39,679 - INFO - mp-1203829, 0, O:6, 1.000, 1.090
2026-02-19 12:17:39,705 - INFO - mp-1203829, 8, O:6, 1.000, 1.090
2026-02-19 12:17:39,903 - INFO - mp-1203485, 0, T:4, 0.796, 1.648
2026-02-19 12:17:39,934 - INFO - mp-1203485, 2, O:6, 1.000, 1.091
2026-02-19 12:17:39,964 - INFO - mp-1203485, 4, O:6, 1.000, 0.124
2026-02-19 12:17:39,994 - INFO - mp-1203485, 6, T:4, 0.910, 3.920
2026-02-19 12:17:40,024 - INFO - mp-1203485, 8, O:6, 1.000, 0.539
2026-02-19 12:17:40,054 - INFO - mp-1203485, 10, O:6, 0.996, 1.208
2026-02-19 12:17:40,093 - WARNING - /home/esrf/retegan/.conda/envs/xasml/lib/python3.12/site-packages/pymatgen/io/cif.py:1304: UserWarning: Issues encountered while parsing CIF: 1 fractional coordinates rounded to ideal values to avoid issues with finite precision.
  warnings.warn("Issues encountered while parsing CIF: " + "\n".join(self.warnings))

2026-02-19 12:17:40,574 - INFO - mp-1203959, 32, O:6, 1.000, 1.581
2026-02-19 12:17:42,031 - INFO - mp-1203916, 16, O:6, 1.000, 1.561
2026-02-19 12:17:42,854 - INFO - mp-1204028, 24, T:5, 1.000, 7.834
2026-02-19 12:17:42,879 - INFO - mp-1204028, 40, T:6, 1.000, 5.006
2026-02-19 12:17:42,905 - INFO - mp-1204028, 56, T:5, 1.000, 7.834
2026-02-19 12:17:42,930 - INFO - mp-1204028, 72, T:6, 1.000, 5.006
2026-02-19 12:17:43,688 - INFO - mp-1204015, 4, O:6, 0.994, 5.274
2026-02-19 12:17:43,715 - INFO - mp-1204015, 12, T:4, 1.000, 3.094
2026-02-19 12:17:44,357 - INFO - mp-1203935, 0, O:6, 0.972, 3.712
2026-02-19 12:17:44,377 - INFO - mp-1203935, 2, T:5, 0.754, 2.139
2026-02-19 12:17:45,066 - INFO - mp-1204045, 8, T:6, 1.000, 6.335
2026-02-19 12:17:45,075 - ERROR - No coordination environment symbols available for mp-1204045 and index 24.
2026-02-19 12:17:45,075 - ERROR - No coordination environment symbols available for mp-1204045 and index 32.
2026-02-19 12:17:45,091 - INFO - mp-1204045, 40, T:6, 1.000, 6.335
2026-02-19 12:17:45,116 - INFO - mp-1204045, 48, T:6, 1.000, 6.260
2026-02-19 12:17:45,124 - ERROR - No coordination environment symbols available for mp-1204045 and index 56.
2026-02-19 12:17:45,124 - ERROR - No coordination environment symbols available for mp-1204045 and index 64.
2026-02-19 12:17:46,016 - INFO - mp-1203859, 0, O:6, 1.000, 0.203
2026-02-19 12:17:46,358 - INFO - mp-1203835, 16, O:6, 1.000, 2.096
2026-02-19 12:17:46,385 - INFO - mp-1203835, 20, O:6, 1.000, 3.730
2026-02-19 12:17:46,413 - INFO - mp-1203835, 24, O:6, 0.541, 3.395
2026-02-19 12:17:47,123 - INFO - mp-1204162, 12, T:4, 0.983, 0.433
2026-02-19 12:17:47,342 - INFO - mp-1204107, 16, O:6, 1.000, 2.619
2026-02-19 12:17:48,396 - INFO - mp-1204155, 0, T:5, 0.913, 2.631
2026-02-19 12:17:48,418 - INFO - mp-1204155, 4, O:6, 1.000, 1.253
2026-02-19 12:17:48,440 - INFO - mp-1204155, 8, O:6, 1.000, 3.478
2026-02-19 12:17:48,686 - INFO - mp-1204434, 0, O:6, 1.000, 0.000
2026-02-19 12:17:48,963 - INFO - mp-1204222, 16, O:6, 0.999, 2.742
2026-02-19 12:17:48,988 - INFO - mp-1204222, 24, O:6, 0.999, 2.742
2026-02-19 12:17:51,393 - INFO - mp-1204465, 0, O:6, 1.000, 0.985
2026-02-19 12:17:51,413 - INFO - mp-1204465, 4, O:6, 1.000, 0.644
2026-02-19 12:17:51,475 - ERROR - No coordination environment symbols available for mp-1204517 and index 4.
2026-02-19 12:17:51,475 - ERROR - No coordination environment symbols available for mp-1204517 and index 16.
2026-02-19 12:17:51,475 - ERROR - No coordination environment symbols available for mp-1204517 and index 28.
2026-02-19 12:17:52,059 - INFO - mp-1204423, 0, O:6, 1.000, 0.781
2026-02-19 12:17:53,962 - INFO - mp-1204346, 0, O:6, 0.990, 2.320
2026-02-19 12:17:53,983 - INFO - mp-1204346, 2, O:6, 0.912, 3.496
2026-02-19 12:17:54,815 - INFO - mp-1204530, 0, O:6, 0.989, 1.386
2026-02-19 12:17:55,710 - INFO - mp-1204678, 28, T:4, 1.000, 0.795
2026-02-19 12:17:55,741 - INFO - mp-1204678, 36, T:4, 1.000, 0.494
2026-02-19 12:17:55,772 - INFO - mp-1204678, 44, T:4, 1.000, 0.563
2026-02-19 12:17:56,240 - ERROR - No coordination environment symbols available for mp-1204606 and index 36.
2026-02-19 12:17:56,240 - ERROR - No coordination environment symbols available for mp-1204606 and index 40.
2026-02-19 12:17:57,586 - INFO - mp-1204059, 0, O:6, 1.000, 0.121
2026-02-19 12:17:57,623 - INFO - mp-1204059, 4, O:6, 1.000, 0.127
2026-02-19 12:17:57,659 - INFO - mp-1204059, 8, O:6, 1.000, 0.125
2026-02-19 12:17:58,088 - INFO - mp-1204478, 0, T:4, 1.000, 0.010
2026-02-19 12:17:58,588 - INFO - mp-1204715, 4, O:6, 1.000, 0.923
2026-02-19 12:17:58,616 - INFO - mp-1204715, 12, O:6, 1.000, 0.923
2026-02-19 12:17:58,878 - INFO - mp-1204736, 4, O:6, 1.000, 0.120
2026-02-19 12:17:58,904 - INFO - mp-1204736, 10, O:6, 0.988, 2.582
2026-02-19 12:18:01,868 - INFO - mp-1204900, 32, O:6, 1.000, 1.292
2026-02-19 12:18:01,874 - INFO - mp-1204916, 8, O:6, 1.000, 0.138
2026-02-19 12:18:01,879 - INFO - mp-1204707, 0, O:6, 1.000, 1.581
2026-02-19 12:18:01,907 - INFO - mp-1204707, 4, O:6, 1.000, 1.818
2026-02-19 12:18:01,934 - INFO - mp-1204707, 8, O:6, 1.000, 0.553
2026-02-19 12:18:02,005 - INFO - mp-1204862, 24, O:6, 1.000, 0.128
2026-02-19 12:18:03,224 - INFO - mp-1204766, 8, O:6, 1.000, 0.871
2026-02-19 12:18:03,248 - INFO - mp-1204766, 10, O:6, 1.000, 0.229
2026-02-19 12:18:03,461 - INFO - mp-1204854, 4, O:6, 1.000, 0.244
2026-02-19 12:18:06,273 - INFO - mp-1204195, 6, S:5, 0.996, 1.323
2026-02-19 12:18:06,278 - INFO - mp-1204738, 0, O:6, 1.000, 0.110
2026-02-19 12:18:06,295 - INFO - mp-1204195, 7, T:4, 1.000, 0.230
2026-02-19 12:18:06,317 - INFO - mp-1204195, 8, T:4, 1.000, 0.165
2026-02-19 12:18:06,340 - INFO - mp-1204195, 9, S:5, 0.996, 1.308
2026-02-19 12:18:06,362 - INFO - mp-1204195, 10, T:4, 1.000, 0.186
2026-02-19 12:18:06,384 - INFO - mp-1204195, 11, T:4, 0.955, 0.638
2026-02-19 12:18:06,405 - INFO - mp-1204195, 12, S:5, 0.977, 4.022
2026-02-19 12:18:06,427 - INFO - mp-1204195, 13, T:4, 1.000, 0.233
2026-02-19 12:18:06,449 - INFO - mp-1204195, 14, T:4, 1.000, 0.186
2026-02-19 12:18:06,471 - INFO - mp-1204195, 15, T:4, 1.000, 0.240
2026-02-19 12:18:06,493 - INFO - mp-1204195, 16, S:5, 0.977, 4.005
2026-02-19 12:18:06,515 - INFO - mp-1204195, 17, T:4, 1.000, 0.178
2026-02-19 12:18:06,537 - INFO - mp-1204195, 18, S:5, 0.977, 4.010
2026-02-19 12:18:06,559 - INFO - mp-1204195, 19, T:4, 1.000, 0.167
2026-02-19 12:18:06,581 - INFO - mp-1204195, 20, T:4, 1.000, 0.165
2026-02-19 12:18:06,603 - INFO - mp-1204195, 21, T:4, 1.000, 0.169
2026-02-19 12:18:06,625 - INFO - mp-1204195, 22, T:4, 1.000, 0.170
2026-02-19 12:18:06,647 - INFO - mp-1204195, 23, S:5, 0.976, 4.019
2026-02-19 12:18:06,668 - INFO - mp-1204195, 24, T:4, 1.000, 0.181
2026-02-19 12:18:06,690 - INFO - mp-1204195, 25, S:5, 0.976, 4.017
2026-02-19 12:18:06,691 - INFO - mp-1204931, 0, O:6, 1.000, 0.080
2026-02-19 12:18:06,712 - INFO - mp-1204195, 26, T:4, 1.000, 0.227
2026-02-19 12:18:06,734 - INFO - mp-1204195, 27, T:4, 1.000, 0.180
2026-02-19 12:18:06,755 - INFO - mp-1204195, 28, T:4, 1.000, 0.239
2026-02-19 12:18:06,777 - INFO - mp-1204195, 29, S:5, 0.976, 4.039
2026-02-19 12:18:06,799 - INFO - mp-1204195, 30, T:4, 1.000, 0.179
2026-02-19 12:18:06,821 - INFO - mp-1204195, 31, S:5, 0.996, 1.280
2026-02-19 12:18:06,843 - INFO - mp-1204195, 32, T:4, 0.957, 0.627
2026-02-19 12:18:06,864 - INFO - mp-1204195, 33, T:4, 1.000, 0.170
2026-02-19 12:18:06,886 - INFO - mp-1204195, 34, T:4, 1.000, 0.238
2026-02-19 12:18:06,908 - INFO - mp-1204195, 35, T:4, 0.955, 0.639
2026-02-19 12:18:06,985 - INFO - mp-1205067, 40, T:4, 0.848, 0.071
2026-02-19 12:18:07,721 - INFO - mp-1205087, 16, O:6, 1.000, 0.621
2026-02-19 12:18:07,745 - INFO - mp-1205087, 20, T:4, 0.990, 1.815
2026-02-19 12:18:07,768 - INFO - mp-1205087, 24, T:4, 0.990, 1.861
2026-02-19 12:18:07,791 - INFO - mp-1205087, 28, O:6, 1.000, 0.631
2026-02-19 12:18:08,470 - INFO - mp-1205066, 16, O:6, 1.000, 1.423
2026-02-19 12:18:10,766 - INFO - mp-1204955, 24, O:6, 1.000, 0.125
2026-02-19 12:18:10,808 - INFO - mp-1204955, 40, O:6, 1.000, 0.187
2026-02-19 12:18:10,848 - INFO - mp-1204955, 56, O:6, 1.000, 0.120
2026-02-19 12:18:10,889 - INFO - mp-1204955, 64, O:6, 1.000, 0.187
2026-02-19 12:18:11,062 - ERROR - mp-1205186, maximum energy too large
2026-02-19 12:18:13,261 - INFO - mp-1205149, 0, O:6, 1.000, 1.046
2026-02-19 12:18:13,285 - INFO - mp-1205149, 4, O:6, 1.000, 0.429
2026-02-19 12:18:13,333 - INFO - mp-1205097, 1, O:6, 1.000, 1.671
2026-02-19 12:18:13,358 - INFO - mp-1205097, 3, T:5, 0.976, 2.348
2026-02-19 12:18:13,382 - INFO - mp-1205097, 5, O:6, 1.000, 1.176
2026-02-19 12:18:13,406 - INFO - mp-1205097, 7, O:6, 1.000, 0.494
2026-02-19 12:18:13,795 - INFO - mp-1205043, 14, O:6, 1.000, 2.060
2026-02-19 12:18:13,824 - INFO - mp-1205043, 18, S:5, 0.731, 1.056
2026-02-19 12:18:13,852 - INFO - mp-1205043, 22, O:6, 1.000, 2.119
2026-02-19 12:18:13,869 - INFO - mp-1205209, 0, O:6, 1.000, 0.551
2026-02-19 12:18:13,881 - INFO - mp-1205043, 26, O:6, 1.000, 0.109
2026-02-19 12:18:14,850 - INFO - mp-1205183, 2, O:6, 1.000, 0.103
2026-02-19 12:18:14,870 - INFO - mp-1205183, 4, O:6, 1.000, 0.105
2026-02-19 12:18:14,891 - INFO - mp-1205183, 5, O:6, 1.000, 0.045
2026-02-19 12:18:16,011 - ERROR - No coordination environment symbols available for mp-1205374 and index 6.
2026-02-19 12:18:16,011 - ERROR - No coordination environment symbols available for mp-1205374 and index 24.
2026-02-19 12:18:16,011 - ERROR - No coordination environment symbols available for mp-1205374 and index 42.
2026-02-19 12:18:16,212 - INFO - mp-1205367, 8, O:6, 1.000, 0.355
2026-02-19 12:18:16,390 - INFO - mp-1205225, 0, O:6, 1.000, 1.342
2026-02-19 12:18:16,400 - INFO - mp-1205377, 6, T:5, 0.945, 3.514
2026-02-19 12:18:16,413 - INFO - mp-1205225, 2, O:6, 1.000, 0.226
2026-02-19 12:18:16,417 - INFO - mp-1205377, 10, T:5, 0.945, 3.514
2026-02-19 12:18:16,435 - INFO - mp-1205225, 4, O:6, 1.000, 0.016
2026-02-19 12:18:17,036 - ERROR - No coordination environment symbols available for mp-1205381 and index 8.
2026-02-19 12:18:17,953 - ERROR - No coordination environment symbols available for mp-1205466 and index 21.
2026-02-19 12:18:17,953 - ERROR - No coordination environment symbols available for mp-1205466 and index 39.
2026-02-19 12:18:17,971 - INFO - mp-1205160, 18, S:5, 0.612, 2.972
2026-02-19 12:18:18,002 - INFO - mp-1205160, 22, T:5, 0.999, 1.111
2026-02-19 12:18:18,032 - INFO - mp-1205160, 26, O:6, 1.000, 1.276
2026-02-19 12:18:18,061 - INFO - mp-1205160, 30, O:6, 1.000, 0.174
2026-02-19 12:18:19,355 - INFO - mp-1205435, 8, O:6, 1.000, 0.635
2026-02-19 12:18:19,377 - INFO - mp-1205435, 12, O:6, 1.000, 0.828
2026-02-19 12:18:19,561 - INFO - mp-1205444, 0, S:5, 1.000, 5.980
2026-02-19 12:18:19,565 - ERROR - No coordination environment symbols available for mp-1205444 and index 4.
2026-02-19 12:18:19,565 - ERROR - No coordination environment symbols available for mp-1205444 and index 8.
2026-02-19 12:18:19,581 - INFO - mp-1205444, 12, S:5, 1.000, 5.980
2026-02-19 12:18:19,585 - ERROR - No coordination environment symbols available for mp-1205444 and index 16.
2026-02-19 12:18:19,585 - ERROR - No coordination environment symbols available for mp-1205444 and index 20.
2026-02-19 12:18:20,127 - INFO - mp-1205279, 12, O:6, 1.000, 1.021
2026-02-19 12:18:20,178 - INFO - mp-1205964, 8, O:6, 1.000, 0.000
2026-02-19 12:18:20,317 - INFO - mp-1205448, 0, O:6, 1.000, 0.168
2026-02-19 12:18:20,657 - INFO - mp-1208100, 12, T:4, 1.000, 1.304
2026-02-19 12:18:23,930 - INFO - mp-1205429, 0, O:6, 1.000, 0.755
2026-02-19 12:18:23,948 - INFO - mp-1205429, 1, O:6, 1.000, 0.880
2026-02-19 12:18:23,966 - INFO - mp-1205429, 2, O:6, 1.000, 1.012
2026-02-19 12:18:23,983 - INFO - mp-1205429, 3, O:6, 1.000, 1.263
2026-02-19 12:18:24,002 - INFO - mp-1205429, 4, O:6, 1.000, 1.284
2026-02-19 12:18:24,019 - INFO - mp-1205429, 5, O:6, 1.000, 0.864
2026-02-19 12:18:24,037 - INFO - mp-1205429, 6, O:6, 1.000, 0.737
2026-02-19 12:18:24,054 - INFO - mp-1205429, 7, O:6, 1.000, 0.739
2026-02-19 12:18:24,308 - INFO - mp-1272846, 4, O:6, 1.000, 0.044
2026-02-19 12:18:24,326 - INFO - mp-1272846, 6, O:6, 1.000, 0.087
2026-02-19 12:18:24,423 - INFO - mp-1237867, 0, O:6, 1.000, 0.894
2026-02-19 12:18:26,492 - INFO - mp-1205475, 0, O:6, 1.000, 0.257
2026-02-19 12:18:26,915 - INFO - mp-1213486, 0, O:6, 1.000, 0.911
2026-02-19 12:18:26,945 - INFO - mp-1213486, 4, O:6, 1.000, 0.902
2026-02-19 12:18:27,203 - INFO - mp-1214297, 8, O:6, 1.000, 0.809
2026-02-19 12:18:27,228 - INFO - mp-1214297, 16, O:6, 1.000, 0.809
2026-02-19 12:18:27,401 - INFO - mp-1237189, 0, O:6, 1.000, 0.678
2026-02-19 12:18:28,367 - INFO - mp-1307582, 4, O:6, 1.000, 0.212
2026-02-19 12:18:28,388 - INFO - mp-1307582, 6, O:6, 1.000, 0.192
2026-02-19 12:18:56,821 - INFO - Number of sites processed: 3710
